日期,收盤價(還原權息),成交量
2007-04-10,41.765323638916016,35000
2007-04-11,41.6543083190918,87700
2007-04-12,41.648773193359375,78100
2007-04-13,41.58213806152344,18000
2007-04-16,41.62099838256836,52700
2007-04-17,41.72647476196289,25600
2007-04-18,41.80421829223633,30400
2007-04-19,41.78754425048828,59700
2007-04-20,41.77644348144531,32200
2007-04-23,41.83194351196289,43200
2007-04-24,41.898555755615234,77500
2007-04-25,41.865234375,264200
2007-04-26,41.77644348144531,68400
2007-04-27,41.765323638916016,44800
2007-04-30,41.904117584228516,35900
2007-05-01,41.880191802978516,54800
2007-05-02,41.885807037353516,28900
2007-05-03,41.85796356201172,33800
2007-05-04,41.891319274902344,19200
2007-05-07,41.91910934448242,135500
2007-05-08,41.92469024658203,34000
2007-05-09,41.874664306640625,50200
2007-05-10,41.91355514526367,42000
2007-05-11,41.85796356201172,38200
2007-05-14,41.83012390136719,71200
2007-05-15,41.813453674316406,31600
2007-05-16,41.83012390136719,56600
2007-05-17,41.769004821777344,42700
2007-05-18,41.668880462646484,62200
2007-05-21,41.72450637817383,49400
2007-05-22,41.65778350830078,49800
2007-05-23,41.624427795410156,47200
2007-05-24,41.61884689331055,38600
2007-05-25,41.624427795410156,21100
2007-05-29,41.568809509277344,27900
2007-05-30,41.607757568359375,35200
2007-05-31,41.574371337890625,52200
2007-06-01,41.478389739990234,84900
2007-06-04,41.52305221557617,28500
2007-06-05,41.456085205078125,37400
2007-06-06,41.49515914916992,185900
2007-06-07,41.20500564575195,75500
2007-06-08,41.19945526123047,62700
2007-06-11,41.154788970947266,77100
2007-06-12,40.953922271728516,405400
2007-06-13,41.04876708984375,93800
2007-06-14,40.992958068847656,109800
2007-06-15,41.19945526123047,108600
2007-06-18,41.154788970947266,60300
2007-06-19,41.35006332397461,73400
2007-06-20,41.14921569824219,70300
2007-06-21,41.17152786254883,38500
2007-06-22,41.23291778564453,55800
2007-06-25,41.344482421875,85500
2007-06-26,41.32777786254883,163100
2007-06-27,41.36124801635742,212000
2007-06-28,41.305423736572266,74300
2007-06-29,41.44493103027344,389200
2007-07-02,41.54737854003906,74900
2007-07-03,41.4633903503418,21900
2007-07-05,41.29551696777344,43100
2007-07-06,41.211509704589844,55400
2007-07-09,41.256324768066406,34900
2007-07-10,41.4690055847168,110400
2007-07-11,41.36827087402344,37300
2007-07-12,41.312286376953125,28100
2007-07-13,41.37945556640625,86400
2007-07-16,41.49139404296875,66700
2007-07-17,41.44102096557617,37500
2007-07-18,41.5081901550293,51500
2007-07-19,41.49139404296875,23500
2007-07-20,41.60890579223633,46300
2007-07-23,41.59772491455078,36700
2007-07-24,41.6145133972168,31400
2007-07-25,41.65370559692383,24900
2007-07-26,41.8160285949707,51500
2007-07-27,41.78244400024414,45700
2007-07-30,41.74325180053711,33600
2007-07-31,41.827213287353516,24300
2007-08-01,41.80697250366211,32600
2007-08-02,41.880035400390625,40600
2007-08-03,42.0205192565918,118800
2007-08-06,41.90251922607422,34100
2007-08-07,41.924991607666016,41700
2007-08-08,41.79011917114258,40900
2007-08-09,41.885658264160156,44900
2007-08-10,41.80697250366211,33900
2007-08-13,41.84633255004883,354100
2007-08-14,41.94747543334961,38900
2007-08-15,41.953121185302734,33600
2007-08-16,41.94747543334961,43100
2007-08-17,42.076751708984375,37300
2007-08-20,41.986846923828125,66500
2007-08-21,42.13296890258789,24900
2007-08-22,42.13296890258789,38900
2007-08-23,42.13296890258789,46600
2007-08-24,42.17228317260742,54300
2007-08-27,42.32404327392578,82200
2007-08-28,42.442039489746094,55400
2007-08-29,42.34651184082031,92200
2007-08-30,42.4195556640625,44500
2007-08-31,42.44765090942383,23600
2007-09-04,42.42171096801758,85500
2007-09-05,42.58531951904297,56800
2007-09-06,42.506309509277344,46500
2007-09-07,42.771480560302734,45700
2007-09-10,42.89561462402344,94800
2007-09-11,42.794063568115234,36400
2007-09-12,42.726375579833984,73900
2007-09-13,42.619171142578125,77800
2007-09-14,42.62483215332031,45800
2007-09-17,42.658653259277344,39300
2007-09-18,42.77714157104492,74700
2007-09-19,42.70945358276367,93600
2007-09-20,42.404781341552734,112700
2007-09-21,42.58531951904297,233800
2007-09-24,42.55710220336914,121500
2007-09-25,42.58531951904297,77500
2007-09-26,42.596622467041016,173600
2007-09-27,42.68689727783203,36300
2007-09-28,42.70378112792969,129200
2007-10-01,42.67719268798828,246000
2007-10-02,42.83009338378906,214300
2007-10-03,42.80747604370117,99300
2007-10-04,42.85276794433594,70200
2007-10-05,42.671531677246094,80500
2007-10-08,42.79612350463867,43600
2007-10-09,42.654537200927734,67200
2007-10-10,42.699859619140625,69900
2007-10-11,42.739498138427734,125100
2007-10-12,42.671531677246094,61200
2007-10-15,42.6375617980957,394500
2007-10-16,42.728145599365234,107100
2007-10-17,42.943359375,90200
2007-10-18,43.0,92000
2007-10-19,43.20384979248047,117300
2007-10-22,43.17554473876953,90200
2007-10-23,43.16419982910156,84800
2007-10-24,43.334075927734375,207300
2007-10-25,43.30015182495117,88600
2007-10-26,43.23784255981445,154300
2007-10-29,43.243499755859375,54500
2007-10-30,43.25483322143555,86800
2007-10-31,43.09626388549805,116100
2007-11-01,43.34353256225586,141200
2007-11-02,43.39469528198242,105800
2007-11-05,43.26966094970703,63500
2007-11-06,43.20140075683594,55800
2007-11-07,43.26395797729492,88700
2007-11-08,43.31509017944336,552500
2007-11-09,43.37196731567383,36000
2007-11-12,43.46859359741211,47700
2007-11-13,43.33784484863281,66900
2007-11-14,43.33784484863281,66100
2007-11-15,43.491336822509766,94400
2007-11-16,43.47427749633789,99500
2007-11-19,43.599334716796875,144100
2007-11-20,43.502716064453125,89500
2007-11-21,43.76985549926758,49300
2007-11-23,43.684574127197266,15000
2007-11-26,44.0256462097168,171100
2007-11-27,43.792598724365234,60000
2007-11-28,43.747093200683594,73100
2007-11-29,43.940391540527344,119500
2007-11-30,43.940391540527344,107300
2007-12-03,44.155555725097656,78700
2007-12-04,44.132728576660156,89300
2007-12-05,44.035701751708984,74500
2007-12-06,43.80739974975586,75500
2007-12-07,43.66472625732422,135500
2007-12-10,43.584835052490234,84600
2007-12-11,43.87590408325195,97200
2007-12-12,43.790279388427734,133600
2007-12-13,43.56772994995117,62300
2007-12-14,43.4706916809082,265300
2007-12-17,43.653324127197266,144700
2007-12-18,43.756038665771484,72000
2007-12-19,43.93867492675781,105900
2007-12-20,43.94440460205078,54800
2007-12-21,43.653324127197266,3511900
2007-12-24,43.676780700683594,91000
2007-12-26,43.54510498046875,130800
2007-12-27,43.716880798339844,100700
2007-12-28,43.93450164794922,99000
2007-12-31,44.31243896484375,140500
2008-01-02,44.3010139465332,2723300
2008-01-03,44.35830307006836,281400
2008-01-04,44.40980529785156,231100
2008-01-07,44.4212646484375,186300
2008-01-08,44.46705627441406,144000
2008-01-09,44.415531158447266,195500
2008-01-10,44.39837646484375,77400
2008-01-11,44.53579330444336,139200
2008-01-14,44.59307098388672,171500
2008-01-15,44.753395080566406,204800
2008-01-16,44.6674690246582,173700
2008-01-17,44.85076141357422,131700
2008-01-18,44.82784652709961,100500
2008-01-22,45.10844039916992,205700
2008-01-23,45.03400421142578,263500
2008-01-24,44.741966247558594,136200
2008-01-25,45.039764404296875,168800
2008-01-28,44.87938690185547,172100
2008-01-29,44.81640625,107600
2008-01-30,44.833560943603516,121500
2008-01-31,44.86792755126953,120800
2008-02-01,45.017417907714844,126500
2008-02-04,44.85643005371094,181700
2008-02-05,44.9771842956543,143400
2008-02-06,44.88517761230469,149000
2008-02-07,44.60926055908203,135100
2008-02-08,44.741485595703125,88000
2008-02-11,44.83916473388672,93500
2008-02-12,44.76448059082031,113000
2008-02-13,44.52301788330078,123500
2008-02-14,44.316062927246094,144900
2008-02-15,44.38505935668945,161000
2008-02-19,43.97692108154297,602700
2008-02-20,44.01140213012695,197000
2008-02-21,44.37932586669922,205100
2008-02-22,44.270076751708984,175400
2008-02-25,44.0516242980957,180900
2008-02-26,44.21835708618164,271500
2008-02-27,44.2988395690918,221900
2008-02-28,44.62650680541992,146900
2008-02-29,44.90819549560547,163100
2008-03-03,44.79911804199219,117300
2008-03-04,44.58563232421875,229800
2008-03-05,44.297119140625,158900
2008-03-06,44.26248550415039,187600
2008-03-07,44.38368225097656,142800
2008-03-10,44.516361236572266,71100
2008-03-11,44.26248550415039,85900
2008-03-12,44.67216110229492,66200
2008-03-13,44.47598648071289,207000
2008-03-14,44.666412353515625,119900
2008-03-17,44.8164176940918,83700
2008-03-18,44.85686492919922,86200
2008-03-19,44.8914680480957,144700
2008-03-20,45.01262664794922,77400
2008-03-24,44.7645149230957,300600
2008-03-25,44.85103225708008,134900
2008-03-26,44.8914680480957,117400
2008-03-27,44.89719009399414,86600
2008-03-28,44.931854248046875,78900
2008-03-31,45.0876350402832,101600
2008-04-01,44.619014739990234,1952300
2008-04-02,44.561126708984375,170100
2008-04-03,44.543739318847656,279000
2008-04-04,44.954986572265625,294600
2008-04-07,44.781211853027344,105600
2008-04-08,44.80440902709961,97200
2008-04-09,44.9781608581543,78500
2008-04-10,44.84493637084961,118100
2008-04-11,45.105587005615234,174500
2008-04-14,44.954986572265625,116900
2008-04-15,44.80440902709961,154000
2008-04-16,44.56692886352539,284500
2008-04-17,44.52634048461914,396200
2008-04-18,44.561126708984375,253000
2008-04-21,44.63640594482422,106100
2008-04-22,44.734867095947266,111400
2008-04-23,44.694313049316406,118600
2008-04-24,44.503177642822266,126000
2008-04-25,44.44523620605469,134300
2008-04-28,44.601654052734375,129600
2008-04-29,44.572696685791016,212900
2008-04-30,44.931827545166016,193000
2008-05-01,44.93880081176758,341900
2008-05-02,44.82829666137695,280500
2008-05-05,44.91553497314453,154400
2008-05-06,44.752716064453125,132800
2008-05-07,44.81663513183594,265900
2008-05-08,45.037662506103516,97900
2008-05-09,45.0085563659668,106300
2008-05-12,44.96207809448242,101000
2008-05-13,44.72945022583008,156900
2008-05-14,44.758541107177734,130900
2008-05-15,44.99696350097656,99300
2008-05-16,44.90970993041992,111000
2008-05-19,45.031829833984375,548600
2008-05-20,45.01436996459961,155100
2008-05-21,45.00273895263672,111400
2008-05-22,44.8225212097168,487800
2008-05-23,45.01436996459961,591200
2008-05-27,44.76434326171875,146100
2008-05-28,44.53173828125,168900
2008-05-29,44.45615005493164,234400
2008-05-30,44.48521041870117,188500
2008-06-02,44.70233154296875,369000
2008-06-03,44.877445220947266,126300
2008-06-04,44.66148376464844,181200
2008-06-05,44.457191467285156,108200
2008-06-06,44.68486022949219,187100
2008-06-09,44.31710433959961,127400
2008-06-10,44.06616973876953,129200
2008-06-11,44.322967529296875,114000
2008-06-12,43.838497161865234,146700
2008-06-13,43.87937545776367,132500
2008-06-16,43.920249938964844,168500
2008-06-17,44.06616973876953,199400
2008-06-18,44.212059020996094,110100
2008-06-19,44.10115432739258,130100
2008-06-20,44.18870162963867,145900
2008-06-23,44.0369758605957,99200
2008-06-24,44.223731994628906,194100
2008-06-25,44.24125671386719,108900
2008-06-26,44.24125671386719,100500
2008-06-27,44.35797882080078,123300
2008-06-30,44.50389099121094,180900
2008-07-01,44.47226333618164,255700
2008-07-02,44.31990051269531,118400
2008-07-03,44.35506820678711,303000
2008-07-07,44.37850570678711,216700
2008-07-08,44.63043975830078,92400
2008-07-09,44.63630676269531,812300
2008-07-10,44.759376525878906,255500
2008-07-11,44.47810745239258,206100
2008-07-14,44.71833801269531,193800
2008-07-15,44.759376525878906,237100
2008-07-16,44.390201568603516,152000
2008-07-17,44.18513107299805,101400
2008-07-18,44.11483383178711,110400
2008-07-21,44.20857238769531,84300
2008-07-22,44.07381057739258,118000
2008-07-23,44.091434478759766,163400
2008-07-24,44.407814025878906,132400
2008-07-25,44.12655258178711,127300
2008-07-28,44.41954040527344,111700
2008-07-29,44.349212646484375,90100
2008-07-30,44.360897064208984,77400
2008-07-31,44.51325607299805,120300
2008-08-01,44.592098236083984,393000
2008-08-04,44.50975036621094,190900
2008-08-05,44.32737350463867,158000
2008-08-06,44.26853561401367,233300
2008-08-07,44.550926208496094,245000
2008-08-08,44.53325271606445,231000
2008-08-11,44.345035552978516,201200
2008-08-12,44.5450325012207,196300
2008-08-13,44.42737579345703,135100
2008-08-14,44.539154052734375,151600
2008-08-15,44.68034744262695,94500
2008-08-18,44.798004150390625,77600
2008-08-19,44.71566390991211,109600
2008-08-20,44.81565856933594,120800
2008-08-21,44.80388259887695,105400
2008-08-22,44.709781646728516,146100
2008-08-25,44.83328628540039,93000
2008-08-26,44.892112731933594,585500
2008-08-27,44.903907775878906,391900
2008-08-28,44.94506072998047,341400
2008-08-29,44.886234283447266,110900
2008-09-02,45.03268051147461,149000
2008-09-03,45.09169387817383,171600
2008-09-04,45.115352630615234,184500
2008-09-05,45.15076446533203,174100
2008-09-08,45.46968460083008,148900
2008-09-09,45.55229949951172,225100
2008-09-10,45.55229949951172,134900
2008-09-11,45.52281951904297,183500
2008-09-12,45.37517166137695,133700
2008-09-15,45.71766662597656,118600
2008-09-16,45.27480697631836,166400
2008-09-17,45.333858489990234,294400
2008-09-18,44.69019317626953,359200
2008-09-19,45.239383697509766,222800
2008-09-22,45.12126922607422,171800
2008-09-23,45.262996673583984,195100
2008-09-24,45.25708770751953,3408100
2008-09-25,45.404701232910156,200100
2008-09-26,44.95004653930664,319500
2008-09-29,45.16848373413086,461600
2008-09-30,44.654727935791016,240500
2008-10-01,44.417118072509766,344400
2008-10-02,45.2823600769043,300800
2008-10-03,45.03345489501953,209600
2008-10-06,44.671939849853516,326900
2008-10-07,44.80235290527344,252000
2008-10-08,44.13860321044922,321800
2008-10-09,42.76371765136719,366000
2008-10-10,41.45991897583008,648000
2008-10-13,43.1844482421875,127000
2008-10-14,43.735591888427734,368600
2008-10-15,43.468902587890625,229700
2008-10-16,43.4630012512207,203200
2008-10-17,43.70003890991211,304700
2008-10-20,43.68225860595703,219900
2008-10-21,44.428955078125,582600
2008-10-22,44.63044357299805,416900
2008-10-23,44.42304229736328,172500
2008-10-24,43.91337966918945,283800
2008-10-27,43.67633056640625,242800
2008-10-28,43.338531494140625,185900
2008-10-29,43.65262222290039,732300
2008-10-30,43.362266540527344,181100
2008-10-31,43.338531494140625,282300
2008-11-03,43.67774200439453,308800
2008-11-04,44.11808395385742,1260600
2008-11-05,44.45134353637695,332200
2008-11-06,44.48703384399414,238400
2008-11-07,44.39182662963867,223000
2008-11-10,44.39182662963867,132800
2008-11-11,44.50486373901367,167200
2008-11-12,44.36203384399414,160600
2008-11-13,44.36203384399414,222600
2008-11-14,44.51677322387695,297400
2008-11-17,44.403717041015625,157000
2008-11-18,44.43346405029297,205300
2008-11-19,44.58817672729492,154900
2008-11-20,44.55247497558594,225200
2008-11-21,44.332298278808594,269000
2008-11-24,44.14191818237305,410200
2008-11-25,44.90353775024414,340200
2008-11-26,45.1832389831543,211500
2008-11-28,45.04042053222656,97200
2008-12-01,45.30685806274414,236200
2008-12-02,45.581703186035156,259600
2008-12-03,45.36663055419922,223200
2008-12-04,45.56375503540039,261300
2008-12-05,45.22920227050781,376700
2008-12-08,45.032047271728516,180600
2008-12-09,45.27101516723633,347300
2008-12-10,45.19334411621094,299300
2008-12-11,45.677249908447266,293400
2008-12-12,45.43827819824219,542800
2008-12-15,45.91621017456055,319800
2008-12-16,46.29857635498047,304200
2008-12-17,46.31050109863281,234900
2008-12-18,46.639068603515625,201100
2008-12-19,46.34037399291992,258500
2008-12-22,46.74063491821289,261200
2008-12-23,46.913883209228516,338900
2008-12-24,46.87427520751953,187200
2008-12-26,46.91025924682617,138700
2008-12-29,47.2040901184082,278100
2008-12-30,47.2940788269043,292500
2008-12-31,47.35400390625,381800
2009-01-02,47.18010330200195,269800
2009-01-05,46.98223114013672,648200
2009-01-06,46.68238830566406,449700
2009-01-07,46.82632827758789,500400
2009-01-08,46.74836730957031,305700
2009-01-09,46.916290283203125,203700
2009-01-12,46.730369567871094,402000
2009-01-13,46.98223114013672,235600
2009-01-14,47.156131744384766,230600
2009-01-15,46.95226287841797,317500
2009-01-16,47.02421569824219,256200
2009-01-20,46.820308685302734,374800
2009-01-21,46.49653244018555,350500
2009-01-22,46.5984992980957,373600
2009-01-23,46.50853729248047,260100
2009-01-26,46.35260772705078,265600
2009-01-27,46.634437561035156,382400
2009-01-28,46.658451080322266,283700
2009-01-29,46.346622467041016,403700
2009-01-30,46.37059783935547,337400
2009-02-02,46.52647018432617,407600
2009-02-03,46.04495620727539,391300
2009-02-04,46.12922286987305,337800
2009-02-05,46.23155975341797,367500
2009-02-06,46.22554016113281,344000
2009-02-09,46.23758316040039,263800
2009-02-10,46.49037170410156,291900
2009-02-11,46.658897399902344,250000
2009-02-12,46.53850173950195,238100
2009-02-13,46.32182693481445,300700
2009-02-17,46.62278747558594,303100
2009-02-18,46.44222640991211,387400
2009-02-19,46.243587493896484,351200
2009-02-20,46.32786178588867,419300
2009-02-23,46.40610885620117,418400
2009-02-24,46.37000274658203,564800
2009-02-25,46.13526916503906,553300
2009-02-26,46.050960540771484,612000
2009-02-27,46.09912872314453,548700
2009-03-02,46.17462158203125,759200
2009-03-03,46.01759719848633,893600
2009-03-04,46.01156234741211,536700
2009-03-05,46.222965240478516,679700
2009-03-06,46.0296745300293,690800
2009-03-09,45.860557556152344,754100
2009-03-10,45.90889358520508,635400
2009-03-11,46.00551223754883,545900
2009-03-12,46.10820388793945,438300
2009-03-13,46.07196044921875,407000
2009-03-16,46.04177474975586,422700
2009-03-17,45.93907928466797,600000
2009-03-18,46.7545280456543,401300
2009-03-19,46.7243766784668,375800
2009-03-20,46.51292037963867,495800
2009-03-23,46.404212951660156,335100
2009-03-24,46.38002014160156,475500
2009-03-25,46.222965240478516,573300
2009-03-26,46.38002014160156,302200
2009-03-27,46.49479293823242,411900
2009-03-30,46.585411071777344,358200
2009-03-31,46.603538513183594,398700
2009-04-01,46.69931411743164,521700
2009-04-02,46.60835647583008,567900
2009-04-03,46.359825134277344,546800
2009-04-06,46.40835189819336,541000
2009-04-07,46.49925994873047,274100
2009-04-08,46.717525482177734,260600
2009-04-09,46.6629524230957,495100
2009-04-13,46.735679626464844,376700
2009-04-14,46.85696029663086,316000
2009-04-15,46.923622131347656,639000
2009-04-16,46.832706451416016,436800
2009-04-17,46.58412551879883,609300
2009-04-20,46.814491271972656,247700
2009-04-21,46.72356414794922,408000
2009-04-22,46.808433532714844,379400
2009-04-23,46.84480667114258,374200
2009-04-24,46.82057189941406,273100
2009-04-27,46.923622131347656,405700
2009-04-28,46.753902435302734,431400
2009-04-29,46.68720245361328,374800
2009-04-30,46.82057189941406,487600
2009-05-01,46.74026107788086,413600
2009-05-04,46.77678680419922,449600
2009-05-05,46.77069854736328,341000
2009-05-06,46.97145080566406,550900
2009-05-07,46.807220458984375,517100
2009-05-08,46.92279052734375,429100
2009-05-11,47.117454528808594,336100
2009-05-12,47.09918975830078,356500
2009-05-13,47.239105224609375,299000
2009-05-14,47.22087097167969,396300
2009-05-15,47.2087287902832,535900
2009-05-18,47.06880187988281,507000
2009-05-19,47.172210693359375,362400
2009-05-20,47.31209945678711,710600
2009-05-21,47.06880187988281,292700
2009-05-22,47.05663299560547,515000
2009-05-26,46.9592399597168,298900
2009-05-27,46.67940902709961,473700
2009-05-28,46.801082611083984,328800
2009-05-29,47.135711669921875,360300
2009-06-01,46.81700134277344,510500
2009-06-02,46.99408721923828,417500
2009-06-03,47.15280532836914,420100
2009-06-04,46.859779357910156,457300
2009-06-05,46.5423469543457,546400
2009-06-08,46.44464111328125,334100
2009-06-09,46.5728759765625,458900
2009-06-10,46.45685958862305,379800
2009-06-11,46.68275451660156,379200
2009-06-12,46.804840087890625,289200
2009-06-15,46.89640426635742,348500
2009-06-16,47.11615753173828,381900
2009-06-17,47.09174346923828,374700
2009-06-18,46.743797302246094,502600
2009-06-19,46.85365295410156,514800
2009-06-22,46.96354293823242,336200
2009-06-23,47.17721176147461,333000
2009-06-24,47.07341766357422,364400
2009-06-25,47.39698791503906,449600
2009-06-26,47.421390533447266,383500
2009-06-29,47.506874084472656,392500
2009-06-30,47.4275016784668,439600
2009-07-01,47.399322509765625,430400
2009-07-02,47.41769790649414,373000
2009-07-06,47.380958557128906,240300
2009-07-07,47.47897720336914,281200
2009-07-08,47.80360794067383,337200
2009-07-09,47.662715911865234,462400
2009-07-10,47.83425521850586,440100
2009-07-13,47.75461196899414,789000
2009-07-14,47.61373519897461,374300
2009-07-15,47.374855041503906,1087100
2009-07-16,47.58308410644531,529400
2009-07-17,47.46057891845703,575800
2009-07-20,47.61373519897461,473200
2009-07-21,47.90162658691406,438600
2009-07-22,47.79753112792969,608300
2009-07-23,47.63819885253906,498100
2009-07-24,47.65660095214844,417900
2009-07-27,47.59534454345703,597100
2009-07-28,47.644371032714844,686600
2009-07-29,47.62599182128906,420200
2009-07-30,47.8403434753418,415200
2009-07-31,48.048641204833984,481200
2009-08-03,47.89497375488281,596900
2009-08-04,47.85198211669922,485900
2009-08-05,47.74131393432617,485200
2009-08-06,47.77210235595703,331800
2009-08-07,47.44020080566406,986100
2009-08-10,47.827396392822266,482000
2009-08-11,47.9195671081543,444600
2009-08-12,47.88884735107422,419500
2009-08-13,48.01176071166992,562200
2009-08-14,48.15925598144531,640800
2009-08-17,48.294471740722656,483900
2009-08-18,48.22688293457031,466600
2009-08-19,48.28218078613281,384500
2009-08-20,48.34978103637695,487700
2009-08-21,48.19612121582031,705500
2009-08-24,48.2883186340332,760500
2009-08-25,48.36821746826172,554900
2009-08-26,48.39897155761719,512000
2009-08-27,48.343605041503906,402300
2009-08-28,48.44198226928711,633000
2009-08-31,48.53416442871094,421700
2009-09-01,48.59028244018555,653800
2009-09-02,48.69509506225586,390700
2009-09-03,48.60877227783203,443300
2009-09-04,48.55946350097656,423200
2009-09-08,48.534767150878906,494800
2009-09-09,48.6149787902832,523900
2009-09-10,48.79994583129883,490200
2009-09-11,48.82459259033203,370000
2009-09-14,48.639652252197266,429800
2009-09-15,48.676605224609375,378100
2009-09-16,48.68891906738281,535500
2009-09-17,48.830772399902344,879600
2009-09-18,48.77526092529297,432800
2009-09-21,48.73826217651367,414600
2009-09-22,48.676605224609375,641400
2009-09-23,48.81842803955078,540700
2009-09-24,48.84308624267578,781200
2009-09-25,48.99726486206055,440400
2009-09-28,49.02190399169922,463800
2009-09-29,49.02190399169922,752400
2009-09-30,49.02190399169922,575600
2009-10-01,49.24333190917969,2491800
2009-10-02,49.09490966796875,787100
2009-10-05,49.169124603271484,465500
2009-10-06,49.224796295166016,769800
2009-10-07,49.24955368041992,802700
2009-10-08,49.23103332519531,1109400
2009-10-09,48.87223434448242,1349300
2009-10-12,49.03922653198242,350700
2009-10-13,49.07631301879883,745700
2009-10-14,48.866024017333984,1088300
2009-10-15,48.8784065246582,736700
2009-10-16,48.896995544433594,858500
2009-10-19,48.96500015258789,973400
2009-10-20,49.06401062011719,533100
2009-10-21,49.05779266357422,453700
2009-10-22,49.01448440551758,349200
2009-10-23,48.866024017333984,552700
2009-10-26,48.804203033447266,390700
2009-10-27,48.97738265991211,315300
2009-10-28,48.92791748046875,766700
2009-10-29,48.95262145996094,357900
2009-10-30,49.156776428222656,428700
2009-11-02,49.11518478393555,525700
2009-11-03,49.028316497802734,609900
2009-11-04,49.015899658203125,446700
2009-11-05,49.059329986572266,454300
2009-11-06,49.071754455566406,413500
2009-11-09,49.171016693115234,335200
2009-11-10,49.18962860107422,432700
2009-11-11,49.31377029418945,681700
2009-11-12,49.369598388671875,480300
2009-11-13,49.338592529296875,398000
2009-11-16,49.46267318725586,488700
2009-11-17,49.450252532958984,729200
2009-11-18,49.46267318725586,660800
2009-11-19,49.499916076660156,699900
2009-11-20,49.4750862121582,476900
2009-11-23,49.51233673095703,517500
2009-11-24,49.63645553588867,586900
2009-11-25,49.735713958740234,579800
2009-11-27,49.82258987426758,117700
2009-11-30,49.79775619506836,373600
2009-12-01,49.726200103759766,535900
2009-12-02,49.65774917602539,463400
2009-12-03,49.60791778564453,454800
2009-12-04,49.40253448486328,618000
2009-12-07,49.533206939697266,482200
2009-12-08,49.61415100097656,387300
2009-12-09,49.56435012817383,580600
2009-12-10,49.495906829833984,624500
2009-12-11,49.43989944458008,280200
2009-12-14,49.396297454833984,393800
2009-12-15,49.35275650024414,517200
2009-12-16,49.37765121459961,709400
2009-12-17,49.51456832885742,514100
2009-12-18,49.50210189819336,349000
2009-12-21,49.27179718017578,654800
2009-12-22,49.16598892211914,603200
2009-12-23,49.159786224365234,680000
2009-12-24,48.9605598449707,567900
2009-12-28,49.013702392578125,2665700
2009-12-29,49.04486846923828,741700
2009-12-30,49.11360549926758,599000
2009-12-31,49.076133728027344,404300
2010-01-04,49.132293701171875,1098100
2010-01-05,49.27595138549805,814600
2010-01-06,49.25727081298828,981300
2010-01-07,49.21974563598633,661700
2010-01-08,49.26969528198242,1270000
2010-01-11,49.28843688964844,2237100
2010-01-12,49.47580337524414,702100
2010-01-13,49.363399505615234,460500
2010-01-14,49.48202896118164,777700
2010-01-15,49.51327133178711,745300
2010-01-19,49.48826599121094,782000
2010-01-20,49.60691833496094,417300
2010-01-21,49.66310119628906,647300
2010-01-22,49.64439010620117,403200
2010-01-25,49.57568359375,692900
2010-01-26,49.69430923461914,494400
2010-01-27,49.62566375732422,597800
2010-01-28,49.64439010620117,696100
2010-01-29,49.70683288574219,469400
2010-02-01,49.67424011230469,437300
2010-02-02,49.705596923828125,573000
2010-02-03,49.67424011230469,444700
2010-02-04,49.768211364746094,428800
2010-02-05,49.84962463378906,903800
2010-02-08,49.855926513671875,411100
2010-02-09,49.755706787109375,691600
2010-02-10,49.642921447753906,453700
2010-02-11,49.56150817871094,505300
2010-02-12,49.63044738769531,387900
2010-02-16,49.69306564331055,1246100
2010-02-17,49.58027648925781,660100
2010-02-18,49.51138687133789,510600
2010-02-19,49.51138687133789,509300
2010-02-22,49.492610931396484,484700
2010-02-23,49.68052291870117,516000
2010-02-24,49.74314498901367,378600
2010-02-25,49.81208038330078,858200
2010-02-26,49.868431091308594,936200
2010-03-01,49.921226501464844,565000
2010-03-02,49.9588737487793,709800
2010-03-03,49.965179443359375,731900
2010-03-04,50.00288772583008,461200
2010-03-05,49.9275016784668,900200
2010-03-08,49.84584426879883,720200
2010-03-09,49.877227783203125,577300
2010-03-10,49.83955001831055,1147900
2010-03-11,49.833248138427734,337600
2010-03-12,49.85211181640625,554900
2010-03-15,49.921226501464844,459600
2010-03-16,50.009159088134766,523800
2010-03-17,50.02172088623047,380500
2010-03-18,49.933753967285156,594000
2010-03-19,49.97150421142578,341300
2010-03-22,50.02172088623047,484000
2010-03-23,50.02172088623047,538700
2010-03-24,49.77043914794922,654000
2010-03-25,49.61335754394531,998900
2010-03-26,49.72018051147461,863200
2010-03-29,49.61335754394531,853200
2010-03-30,49.713871002197266,465600
2010-03-31,49.75785446166992,463000
2010-04-01,49.74209976196289,605200
2010-04-05,49.452232360839844,817000
2010-04-06,49.490020751953125,487900
2010-04-07,49.679100036621094,526900
2010-04-08,49.653892517089844,669600
2010-04-09,49.7484130859375,338100
2010-04-12,49.798828125,606500
2010-04-13,49.89963912963867,464600
2010-04-14,49.86187744140625,605000
2010-04-15,49.937477111816406,712200
2010-04-16,50.04462432861328,481900
2010-04-19,49.981571197509766,436600
2010-04-20,50.0319938659668,391100
2010-04-21,50.069828033447266,704900
2010-04-22,50.038299560546875,476400
2010-04-23,50.00049591064453,533300
2010-04-26,49.97525405883789,447200
2010-04-27,50.158042907714844,598500
2010-04-28,50.12651062011719,733100
2010-04-29,50.14547348022461,689300
2010-04-30,50.290367126464844,516100
2010-05-03,50.263179779052734,533800
2010-05-04,50.40859603881836,468400
2010-05-05,50.43386459350586,504900
2010-05-06,50.62980651855469,1561600
2010-05-07,50.50341033935547,767500
2010-05-10,50.4465217590332,517000
2010-05-11,50.51605987548828,568700
2010-05-12,50.376949310302734,2226900
2010-05-13,50.471771240234375,413300
2010-05-14,50.64244842529297,698500
2010-05-17,50.648765563964844,380900
2010-05-18,50.83839797973633,753200
2010-05-19,50.85105514526367,459400
2010-05-20,50.93953323364258,801300
2010-05-21,51.009063720703125,997400
2010-05-24,51.00276565551758,836400
2010-05-25,51.01536560058594,1072100
2010-05-26,50.95218276977539,700200
2010-05-27,50.75623321533203,870700
2010-05-28,50.85737609863281,511900
2010-06-01,50.89795684814453,595400
2010-06-02,50.85353088378906,2665400
2010-06-03,50.79648971557617,1188600
2010-06-04,50.93597412109375,2046300
2010-06-07,51.094478607177734,472900
2010-06-08,51.075477600097656,538700
2010-06-09,51.075477600097656,446300
2010-06-10,50.86622619628906,845800
2010-06-11,50.948631286621094,621300
2010-06-14,50.961326599121094,539600
2010-06-15,50.872581481933594,808100
2010-06-16,50.99303436279297,662000
2010-06-17,51.13251876831055,785200
2010-06-18,51.11349868774414,902100
2010-06-21,51.126197814941406,624500
2010-06-22,51.24662399291992,496900
2010-06-23,51.37346649169922,583500
2010-06-24,51.303688049316406,451400
2010-06-25,51.367095947265625,449400
2010-06-28,51.462215423583984,1230200
2010-06-29,51.582698822021484,1188300
2010-06-30,51.5953369140625,1286700
2010-07-01,51.62013626098633,1631400
2010-07-02,51.588375091552734,640400
2010-07-06,51.71550750732422,787900
2010-07-07,51.65190505981445,588100
2010-07-08,51.61376953125,619500
2010-07-09,51.55658721923828,582400
2010-07-12,51.575660705566406,425700
2010-07-13,51.486656188964844,514100
2010-07-14,51.62013626098633,795800
2010-07-15,51.67098617553711,2924400
2010-07-16,51.842620849609375,350800
2010-07-19,51.78546905517578,455600
2010-07-20,51.77910232543945,2581000
2010-07-21,51.963470458984375,791100
2010-07-22,51.906253814697266,473900
2010-07-23,51.81725311279297,713500
2010-07-26,51.842620849609375,570400
2010-07-27,51.81725311279297,815500
2010-07-28,51.906253814697266,513600
2010-07-29,51.963470458984375,507100
2010-07-30,52.03976058959961,1510600
2010-08-02,52.02827835083008,2218700
2010-08-03,52.16857147216797,1232500
2010-08-04,52.06656265258789,1559400
2010-08-05,52.14942932128906,753400
2010-08-06,52.302486419677734,2527100
2010-08-09,52.238712310791016,427000
2010-08-10,52.347049713134766,1123200
2010-08-11,52.38534927368164,865000
2010-08-12,52.289695739746094,482900
2010-08-13,52.43635940551758,670400
2010-08-16,52.634056091308594,585500
2010-08-17,52.557498931884766,823700
2010-08-18,52.52564239501953,500300
2010-08-19,52.64674758911133,490300
2010-08-20,52.57664489746094,626400
2010-08-23,52.608497619628906,399200
2010-08-24,52.79338836669922,543000
2010-08-25,52.7232780456543,1040100
2010-08-26,52.76791000366211,459400
2010-08-27,52.52564239501953,736600
2010-08-30,52.76154708862305,499700
2010-08-31,52.8508186340332,553800
2010-09-01,52.68202590942383,547900
2010-09-02,52.57970428466797,636800
2010-09-03,52.48379135131836,814100
2010-09-07,52.70757293701172,751900
2010-09-08,52.560543060302734,499800
2010-09-09,52.362361907958984,586000
2010-09-10,52.29841995239258,417400
2010-09-13,52.43265914916992,732400
2010-09-14,52.50937271118164,678800
2010-09-15,52.458221435546875,469300
2010-09-16,52.37516784667969,490600
2010-09-17,52.426292419433594,553400
2010-09-20,52.464656829833984,510300
2010-09-21,52.65644454956055,577700
2010-09-22,52.70119094848633,497700
2010-09-23,52.713966369628906,684300
2010-09-24,52.592498779296875,563500
2010-09-27,52.81627655029297,785900
2010-09-28,52.93138122558594,818200
2010-09-29,52.87382125854492,430600
2010-09-30,52.84823226928711,770400
2010-10-01,52.805320739746094,1249200
2010-10-04,52.939910888671875,571700
2010-10-05,52.9527473449707,758800
2010-10-06,53.074546813964844,454000
2010-10-07,53.16428756713867,559800
2010-10-08,53.10017395019531,1220000
2010-10-11,53.0809326171875,442300
2010-10-12,53.0296745300293,431400
2010-10-13,53.112979888916016,612500
2010-10-14,52.90788650512695,926900
2010-10-15,52.786041259765625,829400
2010-10-18,52.98480987548828,486900
2010-10-19,53.06173324584961,470800
2010-10-20,53.042503356933594,602700
2010-10-21,52.99761962890625,673900
2010-10-22,52.965545654296875,524400
2010-10-25,52.99761962890625,1413900
2010-10-26,52.85015869140625,386600
2010-10-27,52.74118423461914,1980200
2010-10-28,52.920711517333984,700500
2010-10-29,53.01683807373047,442900
2010-11-01,53.01555252075195,648700
2010-11-02,53.105560302734375,870300
2010-11-03,53.16340637207031,1443800
2010-11-04,53.33053207397461,838100
2010-11-05,53.105560302734375,1200000
2010-11-08,53.11842727661133,556900
2010-11-09,52.848411560058594,502300
2010-11-10,52.829132080078125,884000
2010-11-11,52.848411560058594,252900
2010-11-12,52.61055374145508,779900
2010-11-15,52.3598518371582,1803700
2010-11-16,52.533409118652344,1044200
2010-11-17,52.54625701904297,507300
2010-11-18,52.54625701904297,558600
2010-11-19,52.55913543701172,1286400
2010-11-22,52.71345520019531,650500
2010-11-23,52.72627258300781,728000
2010-11-24,52.475555419921875,539400
2010-11-26,52.59772491455078,341200
2010-11-29,52.63629150390625,373100
2010-11-30,52.655582427978516,517500
2010-12-01,52.33327865600586,1170600
2010-12-02,52.28814697265625,720300
2010-12-03,52.3719367980957,569200
2010-12-06,52.545989990234375,1060300
2010-12-07,52.165714263916016,990300
2010-12-08,51.89497375488281,966500
2010-12-09,51.940093994140625,791900
2010-12-10,51.77251434326172,934600
2010-12-13,51.9078483581543,1026300
2010-12-14,51.57912826538086,1305100
2010-12-15,51.41797637939453,926500
2010-12-16,51.53402328491211,1117000
2010-12-17,51.849830627441406,868800
2010-12-20,51.88206481933594,639600
2010-12-21,51.940093994140625,1499700
2010-12-22,51.88206481933594,546700
2010-12-23,51.824058532714844,477000
2010-12-27,51.96884536743164,514800
2010-12-28,51.631221771240234,688600
2010-12-29,51.936405181884766,642100
2010-12-30,51.942874908447266,670800
2010-12-31,52.11819076538086,534500
2011-01-03,52.053253173828125,936500
2011-01-04,52.059757232666016,1784100
2011-01-05,51.8325080871582,837300
2011-01-06,51.8779296875,591000
2011-01-07,52.072723388671875,847000
2011-01-10,52.19614791870117,509800
2011-01-11,52.09220504760742,980700
2011-01-12,52.059757232666016,517500
2011-01-13,52.22207260131836,1025900
2011-01-14,52.150665283203125,1107000
2011-01-18,52.098690032958984,766200
2011-01-19,52.163631439208984,722200
2011-01-20,51.96884536743164,1012000
2011-01-21,52.072723388671875,573300
2011-01-24,52.06623840332031,582000
2011-01-25,52.20258712768555,1380800
2011-01-26,52.020774841308594,1104100
2011-01-27,52.12468719482422,441100
2011-01-28,52.235069274902344,1006300
2011-01-31,52.163631439208984,1061200
2011-02-01,52.06270217895508,1186900
2011-02-02,52.00410079956055,810400
2011-02-03,51.82832336425781,851500
2011-02-04,51.65253448486328,988600
2011-02-07,51.65906524658203,1222300
2011-02-08,51.496253967285156,994100
2011-02-09,51.61991500854492,1252300
2011-02-10,51.45720291137695,519000
2011-02-11,51.63296890258789,769000
2011-02-14,51.69156265258789,559300
2011-02-15,51.76319885253906,473400
2011-02-16,51.78271484375,635400
2011-02-17,51.86088180541992,561800
2011-02-18,51.86088180541992,555800
2011-02-22,52.05618667602539,1618800
2011-02-23,52.049678802490234,638700
2011-02-24,52.10179901123047,939000
2011-02-25,52.245018005371094,998100
2011-02-28,52.31663131713867,1833400
2011-03-01,52.29182434082031,558500
2011-03-02,52.18737030029297,595200
2011-03-03,51.97850036621094,840700
2011-03-04,52.154754638671875,960000
2011-03-07,52.14818572998047,443900
2011-03-08,52.102508544921875,499600
2011-03-09,52.19389343261719,712800
2011-03-10,52.43547058105469,553100
2011-03-11,52.44197463989258,724200
2011-03-14,52.494205474853516,568800
2011-03-15,52.52685546875,601100
2011-03-16,52.77496337890625,875800
2011-03-17,52.69659423828125,540100
2011-03-18,52.690059661865234,533600
2011-03-21,52.53992462158203,813800
2011-03-22,52.52033996582031,999300
2011-03-23,52.50074005126953,1049500
2011-03-24,52.4158935546875,650000
2011-03-25,52.344078063964844,727400
2011-03-28,52.2983512878418,810700
2011-03-29,52.20698928833008,649500
2011-03-30,52.2983512878418,746900
2011-03-31,52.2396240234375,717300
2011-04-01,52.303794860839844,953300
2011-04-04,52.36923599243164,605000
2011-04-05,52.251373291015625,990900
2011-04-06,52.17282485961914,476600
2011-04-07,52.15970230102539,679700
2011-04-08,52.12699890136719,687500
2011-04-11,52.133522033691406,444000
2011-04-12,52.31687545776367,778200
2011-04-13,52.4150390625,514500
2011-04-14,52.388893127441406,562100
2011-04-15,52.55255126953125,1045900
2011-04-18,52.6114387512207,795500
2011-04-19,52.69660186767578,531200
2011-04-20,52.62456130981445,631200
2011-04-21,52.663875579833984,568100
2011-04-25,52.69660186767578,719400
2011-04-26,52.860233306884766,538200
2011-04-27,52.83405685424805,760700
2011-04-28,52.93230438232422,1046600
2011-04-29,53.004302978515625,526000
2011-05-02,53.019386291503906,820700
2011-05-03,53.0785026550293,693400
2011-05-04,53.14413070678711,821600
2011-05-05,53.26227569580078,581500
2011-05-06,53.301719665527344,602600
2011-05-09,53.347679138183594,544300
2011-05-10,53.20979309082031,643600
2011-05-11,53.27541732788086,570800
2011-05-12,53.222930908203125,994000
2011-05-13,53.301719665527344,696200
2011-05-16,53.426414489746094,1271500
2011-05-17,53.51177215576172,713200
2011-05-18,53.36079025268555,705300
2011-05-19,53.34110641479492,759900
2011-05-20,53.38700485229492,752700
2011-05-23,53.419857025146484,540400
2011-05-24,53.45271682739258,1002500
2011-05-25,53.47240447998047,486300
2011-05-26,53.54460525512695,1436000
2011-05-27,53.564300537109375,774700
2011-05-31,53.629947662353516,1267900
2011-06-01,53.88931655883789,1058300
2011-06-02,53.67207717895508,892100
2011-06-03,53.764259338378906,747300
2011-06-06,53.7313232421875,841900
2011-06-07,53.79715347290039,917800
2011-06-08,53.902496337890625,825100
2011-06-09,53.77739715576172,1069900
2011-06-10,53.843231201171875,975900
2011-06-13,53.790550231933594,844200
2011-06-14,53.566741943359375,860100
2011-06-15,53.783973693847656,1002500
2011-06-16,53.81687927246094,885200
2011-06-17,53.86954879760742,1254100
2011-06-20,53.803741455078125,804700
2011-06-21,53.81687927246094,700300
2011-06-22,53.83004379272461,681100
2011-06-23,53.96174621582031,925200
2011-06-24,54.014404296875,725000
2011-06-27,53.85643768310547,704000
2011-06-28,53.658912658691406,2249600
2011-06-29,53.540409088134766,1438900
2011-06-30,53.42848205566406,1808400
2011-07-01,53.45292282104492,922700
2011-07-05,53.63119125366211,739900
2011-07-06,53.66409683227539,1144400
2011-07-07,53.551910400390625,915900
2011-07-08,53.82914733886719,1066800
2011-07-11,53.98762130737305,592200
2011-07-12,54.04039001464844,882600
2011-07-13,54.11301040649414,1043600
2011-07-14,53.90835952758789,998500
2011-07-15,54.00739288330078,574100
2011-07-18,53.93474197387695,799100
2011-07-19,54.080013275146484,799000
2011-07-20,53.994205474853516,822100
2011-07-21,53.87535858154297,656800
2011-07-22,54.02058792114258,926000
2011-07-25,53.84238052368164,797600
2011-07-26,53.9743537902832,605900
2011-07-27,53.86217498779297,846300
2011-07-28,54.02058792114258,1649000
2011-07-29,54.29782485961914,1959000
2011-08-01,54.4705810546875,1305200
2011-08-02,54.70221710205078,1295500
2011-08-03,54.74192428588867,1389200
2011-08-04,55.0728759765625,1100600
2011-08-05,54.715484619140625,1354000
2011-08-08,54.973567962646484,4990000
2011-08-09,55.165550231933594,2320800
2011-08-10,55.602378845214844,2467300
2011-08-11,55.06622314453125,1863900
2011-08-12,55.24494171142578,1140700
2011-08-15,55.152244567871094,1549600
2011-08-16,55.317718505859375,1283500
2011-08-17,55.417049407958984,958800
2011-08-18,55.53616714477539,2431000
2011-08-19,55.58909606933594,1547900
2011-08-22,55.46337890625,1035400
2011-08-23,55.29792022705078,1660600
2011-08-24,54.98017501831055,1464900
2011-08-25,55.132423400878906,2174800
2011-08-26,55.19858932495117,971100
2011-08-29,55.06622314453125,1632100
2011-08-30,55.2713737487793,830500
2011-08-31,55.19858932495117,2267600
2011-09-01,55.43281555175781,1902400
2011-09-02,55.585453033447266,1355800
2011-09-06,55.66508865356445,1240900
2011-09-07,55.53899002075195,1235500
2011-09-08,55.61197280883789,973600
2011-09-09,55.658451080322266,909700
2011-09-12,55.492591857910156,2441200
2011-09-13,55.43281555175781,995300
2011-09-14,55.552276611328125,1044900
2011-09-15,55.44611358642578,1146400
2011-09-16,55.42620086669922,1211300
2011-09-19,55.59877395629883,1104100
2011-09-20,55.67171096801758,705500
2011-09-21,55.824344635009766,1434000
2011-09-22,55.957035064697266,1033100
2011-09-23,55.77127456665039,803000
2011-09-26,55.59877395629883,986600
2011-09-27,55.48592758178711,1943800
2011-09-28,55.36646270751953,2090900
2011-09-29,55.359832763671875,1204300
2011-09-30,55.56556701660156,1283000
2011-10-03,55.880889892578125,2078800
2011-10-04,55.66135025024414,1500000
2011-10-05,55.421878814697266,3989600
2011-10-06,55.38856887817383,1159300
2011-10-07,55.26886749267578,4949900
2011-10-10,55.188987731933594,1072500
2011-10-11,55.16242599487305,976200
2011-10-12,55.14908981323242,2032400
2011-10-13,55.215633392333984,1690600
2011-10-14,55.115882873535156,861400
2011-10-17,55.30875778198242,1680700
2011-10-18,55.24886703491211,844700
2011-10-19,55.3952751159668,1940700
2011-10-20,55.36864471435547,1844200
2011-10-21,55.28215789794922,1885800
2011-10-24,55.32206344604492,1261000
2011-10-25,55.608123779296875,1615800
2011-10-26,55.468406677246094,887900
2011-10-27,55.182369232177734,1586200
2011-10-28,55.38195037841797,654900
2011-10-31,55.62808609008789,1457400
2011-11-01,56.04158401489258,2003400
2011-11-02,56.00825881958008,1038100
2011-11-03,55.86817932128906,1275300
2011-11-04,55.94820022583008,2324000
2011-11-07,55.961517333984375,2067200
2011-11-08,55.78812026977539,1891400
2011-11-09,55.85480499267578,1346800
2011-11-10,55.78812026977539,2487500
2011-11-11,55.74810791015625,698100
2011-11-14,55.754791259765625,1279600
2011-11-15,55.72144317626953,1323200
2011-11-16,55.82817840576172,1705400
2011-11-17,55.801483154296875,1147800
2011-11-18,55.76814270019531,1032700
2011-11-21,55.754791259765625,2076200
2011-11-22,55.81481170654297,1217400
2011-11-23,55.87484359741211,1525400
2011-11-25,55.794803619384766,1453300
2011-11-28,55.794803619384766,1550300
2011-11-29,55.714805603027344,744300
2011-11-30,55.5947380065918,1965300
2011-12-01,55.57666778564453,1570600
2011-12-02,55.75717544555664,2347000
2011-12-05,55.76386642456055,2386300
2011-12-06,55.69033432006836,858400
2011-12-07,55.76386642456055,1397000
2011-12-08,55.89088821411133,1075900
2011-12-09,55.75717544555664,1187600
2011-12-12,55.81736755371094,841400
2011-12-13,55.95777130126953,2088000
2011-12-14,56.064727783203125,1996800
2011-12-15,56.037967681884766,2590900
2011-12-16,56.1917724609375,1355900
2011-12-19,56.17168426513672,1316300
2011-12-20,56.05807113647461,1285400
2011-12-21,55.90424346923828,1065100
2011-12-22,56.01128387451172,859700
2011-12-23,56.08262634277344,990300
2011-12-27,55.94797897338867,1686800
2011-12-28,56.163448333740234,1416800
2011-12-29,56.2105598449707,1062300
2011-12-30,56.25098419189453,1535100
2012-01-03,56.07592010498047,2282600
2012-01-04,56.102821350097656,2227400
2012-01-05,56.08262634277344,1194800
2012-01-06,56.116294860839844,1053000
2012-01-09,56.163448333740234,833800
2012-01-10,56.136505126953125,964100
2012-01-11,56.27115249633789,853400
2012-01-12,56.19034957885742,2047900
2012-01-13,56.358642578125,889100
2012-01-17,56.31157684326172,878100
2012-01-18,56.298057556152344,1904100
2012-01-19,56.24420928955078,1783800
2012-01-20,56.136505126953125,1139400
2012-01-23,56.069122314453125,885500
2012-01-24,56.08262634277344,1057600
2012-01-25,56.24420928955078,1101200
2012-01-26,56.392333984375,2096700
2012-01-27,56.493350982666016,1708100
2012-01-30,56.560699462890625,1646400
2012-01-31,56.60784149169922,3801200
2012-02-01,56.549781799316406,2908500
2012-02-02,56.63756561279297,2303800
2012-02-03,56.563289642333984,1326000
2012-02-06,56.59028625488281,2564400
2012-02-07,56.51603317260742,1496300
2012-02-08,56.44852828979492,1088200
2012-02-09,56.45526123046875,937500
2012-02-10,56.49577713012695,1003600
2012-02-13,56.48902130126953,933300
2012-02-14,56.563289642333984,953400
2012-02-15,56.48902130126953,1290200
2012-02-16,56.49577713012695,976100
2012-02-17,56.36753845214844,1172700
2012-02-21,56.33380889892578,900400
2012-02-22,56.52277755737305,1847600
2012-02-23,56.549781799316406,991600
2012-02-24,56.59028625488281,1276200
2012-02-27,56.6915397644043,970300
2012-02-28,56.68477249145508,1615700
2012-02-29,56.63075637817383,1128100
2012-03-01,56.53946304321289,1559000
2012-03-02,56.654449462890625,1074400
2012-03-05,56.53946304321289,1208500
2012-03-06,56.63414764404297,704800
2012-03-07,56.647682189941406,809900
2012-03-08,56.55971145629883,847000
2012-03-09,56.50560760498047,1251700
2012-03-12,56.546199798583984,1095300
2012-03-13,56.37706756591797,1346400
2012-03-14,56.04556655883789,1069500
2012-03-15,56.059078216552734,747300
2012-03-16,56.05231857299805,1452700
2012-03-19,55.90349578857422,945800
2012-03-20,55.91703796386719,971200
2012-03-21,56.079383850097656,1520500
2012-03-22,56.16057586669922,1169100
2012-03-23,56.26203918457031,1151600
2012-03-26,56.25527572631836,1137700
2012-03-27,56.3499870300293,1095500
2012-03-28,56.33647918701172,639000
2012-03-29,56.45827102661133,1040900
2012-03-30,56.343223571777344,1454300
2012-04-02,56.34054946899414,1856700
2012-04-03,56.1301155090332,962700
2012-04-04,56.286231994628906,1045100
2012-04-05,56.394840240478516,857200
2012-04-09,56.59170150756836,1167600
2012-04-10,56.754615783691406,1209700
2012-04-11,56.67316818237305,1017900
2012-04-12,56.679931640625,876200
2012-04-13,56.82246017456055,2484000
2012-04-16,56.82246017456055,1235900
2012-04-17,56.81569290161133,838200
2012-04-18,56.85638427734375,726200
2012-04-19,56.842838287353516,664200
2012-04-20,56.83604431152344,592900
2012-04-23,56.9039192199707,843700
2012-04-24,56.83604431152344,1104600
2012-04-25,56.82246017456055,905200
2012-04-26,56.897117614746094,751400
2012-04-27,56.93107986450195,890600
2012-04-30,56.965023040771484,912700
2012-05-01,56.88338851928711,1993800
2012-05-02,56.971832275390625,768300
2012-05-03,57.046669006347656,1258600
2012-05-04,57.107906341552734,633500
2012-05-07,57.087554931640625,1049200
2012-05-08,57.141937255859375,761300
2012-05-09,57.107906341552734,1595100
2012-05-10,57.07387161254883,1650600
2012-05-11,57.11470031738281,1734700
2012-05-14,57.21674728393555,759400
2012-05-15,57.230377197265625,1469000
2012-05-16,57.196319580078125,1371000
2012-05-17,57.243927001953125,1500200
2012-05-18,57.2099609375,1041300
2012-05-21,57.21674728393555,2278400
2012-05-22,57.12152099609375,1593200
2012-05-23,57.162353515625,1218300
2012-05-24,57.10112380981445,860300
2012-05-25,57.16915512084961,738700
2012-05-29,57.16915512084961,1351600
2012-05-30,57.386844635009766,693800
2012-05-31,57.495697021484375,1459100
2012-06-01,57.697540283203125,1657000
2012-06-04,57.554359436035156,1700800
2012-06-05,57.43843460083008,2069200
2012-06-06,57.32932662963867,3526600
2012-06-07,57.34979248046875,2325800
2012-06-08,57.383907318115234,1572200
2012-06-11,57.43158721923828,1175500
2012-06-12,57.34296417236328,1194400
2012-06-13,57.46570587158203,1212900
2012-06-14,57.43158721923828,718800
2012-06-15,57.56108474731445,793200
2012-06-18,57.56794738769531,845900
2012-06-19,57.493019104003906,908900
2012-06-20,57.383907318115234,1274100
2012-06-21,57.47929763793945,972700
2012-06-22,57.3634033203125,2219900
2012-06-25,57.513431549072266,1189200
2012-06-26,57.4520378112793,1166300
2012-06-27,57.513431549072266,669200
2012-06-28,57.574798583984375,916300
2012-06-29,57.53387451171875,2044900
2012-07-02,57.65483474731445,1244100
2012-07-03,57.57282638549805,1731700
2012-07-05,57.736854553222656,1283700
2012-07-06,57.791500091552734,861200
2012-07-09,57.900821685791016,800000
2012-07-10,57.95552444458008,791600
2012-07-11,57.87350845336914,1357600
2012-07-12,57.98285675048828,2024300
2012-07-13,57.989681243896484,703600
2012-07-16,58.02383804321289,1885600
2012-07-17,58.003318786621094,1046800
2012-07-18,58.099021911621094,630600
2012-07-19,58.085350036621094,864100
2012-07-20,58.1947135925293,881700
2012-07-23,58.22201156616211,912200
2012-07-24,58.29033660888672,743200
2012-07-25,58.33134841918945,483400
2012-07-26,58.29033660888672,702700
2012-07-27,58.071685791015625,957400
2012-07-30,58.18098831176758,1772900
2012-07-31,58.24251937866211,754800
2012-08-01,58.1719856262207,1587100
2012-08-02,58.28154754638672,899500
2012-08-03,58.06927490234375,1918100
2012-08-06,58.12401580810547,1236000
2012-08-07,57.97340393066406,1753600
2012-08-08,57.95967483520508,948500
2012-08-09,57.92543411254883,1676600
2012-08-10,57.99394607543945,898300
2012-08-13,58.00076675415039,911800
2012-08-14,57.85695266723633,1119600
2012-08-15,57.65147399902344,780400
2012-08-16,57.58982467651367,723800
2012-08-17,57.685726165771484,799100
2012-08-20,57.658348083496094,741100
2012-08-21,57.76106643676758,661500
2012-08-22,57.99394607543945,1242900
2012-08-23,58.02129364013672,1125400
2012-08-24,58.02129364013672,3865000
2012-08-27,58.110355377197266,715600
2012-08-28,58.1308708190918,1081700
2012-08-29,58.08296203613281,853600
2012-08-30,58.1308708190918,573200
2012-08-31,58.33634567260742,1176500
2012-09-04,58.297908782958984,2076400
2012-09-05,58.297908782958984,1049300
2012-09-06,58.160640716552734,2350400
2012-09-07,58.160640716552734,928300
2012-09-10,58.174346923828125,990500
2012-09-11,58.098880767822266,912300
2012-09-12,58.01646423339844,808600
2012-09-13,58.133209228515625,1350200
2012-09-14,57.84492874145508,2127500
2012-09-17,57.92727279663086,852900
2012-09-18,57.995906829833984,3447100
2012-09-19,58.07141876220703,1133600
2012-09-20,58.08515548706055,948600
2012-09-21,58.146907806396484,1264700
2012-09-24,58.20865249633789,1697300
2012-09-25,58.32537078857422,1235500
2012-09-26,58.421451568603516,1245800
2012-09-27,58.387123107910156,963400
2012-09-28,58.44202423095703,1426400
2012-10-01,58.486045837402344,994800
2012-10-02,58.486045837402344,771000
2012-10-03,58.465415954589844,1630200
2012-10-04,58.369140625,666500
2012-10-05,58.30723190307617,665100
2012-10-08,58.38288116455078,588800
2012-10-09,58.27972412109375,1113600
2012-10-10,58.369140625,633000
2012-10-11,58.417266845703125,821900
2012-10-12,58.458553314208984,2403700
2012-10-15,58.437896728515625,803000
2012-10-16,58.320980072021484,1308000
2012-10-17,58.17655944824219,5638300
2012-10-18,58.14905548095703,1367200
2012-10-19,58.23846435546875,1120200
2012-10-22,58.155914306640625,588400
2012-10-23,58.28657913208008,949800
2012-10-24,58.25909423828125,648000
2012-10-25,58.162803649902344,650900
2012-10-26,58.28657913208008,583800
2012-10-31,58.38288116455078,1030900
2012-11-01,58.29350662231445,1039100
2012-11-02,58.31413269042969,1107500
2012-11-05,58.40348815917969,1520800
2012-11-06,58.21782684326172,1074400
2012-11-07,58.355369567871094,1036900
2012-11-08,58.4448127746582,667800
2012-11-09,58.3897590637207,1533200
2012-11-12,58.479190826416016,842200
2012-11-13,58.472312927246094,3720600
2012-11-14,58.458553314208984,810800
2012-11-15,58.4516716003418,1045400
2012-11-16,58.42416000366211,1151500
2012-11-19,58.42416000366211,1094200
2012-11-20,58.33473205566406,770400
2012-11-21,58.272884368896484,643200
2012-11-23,58.28657913208008,664200
2012-11-26,58.272884368896484,951100
2012-11-27,58.3897590637207,873200
2012-11-28,58.42416000366211,803400
2012-11-29,58.458553314208984,921600
2012-11-30,58.417266845703125,976300
2012-12-03,58.46345901489258,2669300
2012-12-04,58.5117073059082,918000
2012-12-05,58.55303192138672,1058300
2012-12-06,58.55303192138672,771800
2012-12-07,58.442779541015625,1239200
2012-12-10,58.47721481323242,1378600
2012-12-11,58.42900085449219,2083600
2012-12-12,58.339420318603516,1105800
2012-12-13,58.22224807739258,1208700
2012-12-14,58.2567138671875,2883600
2012-12-17,58.15338134765625,1348100
2012-12-18,58.02241516113281,1772600
2012-12-19,58.146446228027344,2254500
2012-12-20,58.160247802734375,1117200
2012-12-21,58.24293518066406,1312800
2012-12-24,57.85017395019531,830100
2012-12-26,57.89842224121094,1009700
2012-12-27,57.94661331176758,965200
2012-12-28,57.960391998291016,1627500
2012-12-31,57.90526580810547,2099100
2013-01-02,57.81570053100586,1857300
2013-01-03,57.64339828491211,1908500
2013-01-04,57.733028411865234,1822700
2013-01-07,57.691654205322266,1866600
2013-01-08,57.746795654296875,1189000
2013-01-09,57.72612380981445,1439600
2013-01-10,57.72612380981445,1198700
2013-01-11,57.76746368408203,1385000
2013-01-14,57.76746368408203,893900
2013-01-15,57.843231201171875,1283200
2013-01-16,57.83637237548828,1136500
2013-01-17,57.73987579345703,1043700
2013-01-18,57.82944869995117,920000
2013-01-22,57.77433395385742,2053700
2013-01-23,57.863929748535156,1278200
2013-01-24,57.78120803833008,1061700
2013-01-25,57.5952033996582,1473000
2013-01-28,57.5262565612793,1427100
2013-01-29,57.4642333984375,1082600
2013-01-30,57.4022216796875,1626700
2013-01-31,57.50562286376953,1630700
2013-02-01,57.34400177001953,1840500
2013-02-04,57.54426193237305,1742600
2013-02-05,57.44757080078125,2385600
2013-02-06,57.58567810058594,2416200
2013-02-07,57.5926399230957,1047200
2013-02-08,57.57874298095703,892100
2013-02-11,57.50971221923828,2254800
2013-02-12,57.5235481262207,1120300
2013-02-13,57.44757080078125,1154500
2013-02-14,57.530460357666016,945500
2013-02-15,57.48210906982422,2579400
2013-02-19,57.46141052246094,1055800
2013-02-20,57.50286865234375,944600
2013-02-21,57.55807113647461,803000
2013-02-22,57.58567810058594,829500
2013-02-25,57.77213668823242,1017700
2013-02-26,57.799747467041016,1070500
2013-02-27,57.78593063354492,691400
2013-02-28,57.81353759765625,628400
2013-03-01,57.845340728759766,839700
2013-03-04,57.83155822753906,914700
2013-03-05,57.79691696166992,1009500
2013-03-06,57.70012664794922,919600
2013-03-07,57.61703872680664,764800
2013-03-08,57.45796585083008,6339500
2013-03-11,57.43031692504883,1668900
2013-03-12,57.540992736816406,1214000
2013-03-13,57.4718132019043,1287700
2013-03-14,57.49257278442383,1735500
2013-03-15,57.56175994873047,894000
2013-03-18,57.67240905761719,1176100
2013-03-19,57.70699691772461,2258800
2013-03-20,57.65163040161133,819100
2013-03-21,57.665523529052734,1017000
2013-03-22,57.72087097167969,722900
2013-03-25,57.71394729614258,1071500
2013-03-26,57.73469161987305,655500
2013-03-27,57.852291107177734,1096500
2013-03-28,57.85915756225586,906400
2013-04-01,57.91197967529297,1056100
2013-04-02,57.91889572143555,2004900
2013-04-03,57.95365524291992,1293900
2013-04-04,58.12028503417969,784400
2013-04-05,58.2799072265625,1041600
2013-04-08,58.252197265625,1088700
2013-04-09,58.189693450927734,1455400
2013-04-10,58.0786018371582,864100
2013-04-11,58.106361389160156,1152300
2013-04-12,58.24521255493164,1110300
2013-04-15,58.30775833129883,1435800
2013-04-16,58.29384231567383,893700
2013-04-17,58.321598052978516,916300
2013-04-18,58.35631561279297,744700
2013-04-19,58.30775833129883,1219800
2013-04-22,58.38410949707031,872500
2013-04-23,58.37020492553711,899100
2013-04-24,58.35631561279297,851500
2013-04-25,58.321598052978516,875200
2013-04-26,58.39799118041992,732500
2013-04-29,58.44660186767578,697900
2013-04-30,58.44660186767578,792600
2013-05-01,58.545372009277344,872300
2013-05-02,58.55929946899414,801900
2013-05-03,58.28105545043945,894100
2013-05-06,58.274078369140625,1101900
2013-05-07,58.21840286254883,1174000
2013-05-08,58.274078369140625,792000
2013-05-09,58.18363952636719,830200
2013-05-10,58.03756332397461,804900
2013-05-13,57.97492599487305,962500
2013-05-14,57.8636360168457,1085600
2013-05-15,57.93320846557617,1295000
2013-05-16,58.0167121887207,1367000
2013-05-17,57.89146423339844,920800
2013-05-20,57.877567291259766,1911900
2013-05-21,57.93320846557617,757500
2013-05-22,57.73846435546875,1320000
2013-05-23,57.73143768310547,1309000
2013-05-24,57.73846435546875,941100
2013-05-28,57.41841125488281,943200
2013-05-29,57.46714782714844,1453200
2013-05-30,57.41841125488281,1593200
2013-05-31,57.321044921875,1391000
2013-06-03,57.26875305175781,2786500
2013-06-04,57.247840881347656,1378500
2013-06-05,57.22694396972656,1224100
2013-06-06,57.30363082885742,1101400
2013-06-07,57.157257080078125,1194600
2013-06-10,57.01083755493164,996500
2013-06-11,57.03874206542969,2045800
2013-06-12,56.92720031738281,1255800
2013-06-13,57.178138732910156,1600400
2013-06-14,57.24089050292969,1128700
2013-06-17,57.199012756347656,1028600
2013-06-18,57.15026092529297,1328400
2013-06-19,56.81568145751953,1557800
2013-06-20,56.299869537353516,1505200
2013-06-21,56.06986999511719,1687300
2013-06-24,55.79804611206055,3496300
2013-06-25,55.93040466308594,6285500
2013-06-26,56.1256103515625,2360500
2013-06-27,56.34865188598633,895100
2013-06-28,56.37654113769531,1066100
2013-07-01,56.47224044799805,1415900
2013-07-02,56.4862060546875,874000
2013-07-03,56.44432067871094,562300
2013-07-05,55.8156852722168,1563000
2013-07-08,56.06712341308594,1975500
2013-07-09,56.130008697509766,1352500
2013-07-10,55.9902458190918,3070900
2013-07-11,56.36747360229492,1029600
2013-07-12,56.29059982299805,1393700
2013-07-15,56.44432067871094,2293200
2013-07-16,56.52812957763672,1929100
2013-07-17,56.65385055541992,1612200
2013-07-18,56.56306838989258,1372000
2013-07-19,56.709716796875,1412000
2013-07-22,56.7446174621582,1041200
2013-07-23,56.73065185546875,1570700
2013-07-24,56.549049377441406,1171100
2013-07-25,56.52812957763672,777300
2013-07-26,56.57001495361328,1013900
2013-07-29,56.56306838989258,1536900
2013-07-30,56.52812957763672,1289700
2013-07-31,56.590972900390625,1400500
2013-08-01,56.31521224975586,1449800
2013-08-02,56.4971923828125,1042700
2013-08-05,56.51820373535156,1503100
2013-08-06,56.483192443847656,824900
2013-08-07,56.56717300415039,925100
2013-08-08,56.59516525268555,731600
2013-08-09,56.6651496887207,746900
2013-08-12,56.560184478759766,1036200
2013-08-13,56.364234924316406,900800
2013-08-14,56.33620071411133,809100
2013-08-15,56.13325500488281,913900
2013-08-16,55.98625564575195,813800
2013-08-19,55.825260162353516,766500
2013-08-20,55.98625564575195,982500
2013-08-21,55.7692985534668,737300
2013-08-22,55.825260162353516,751500
2013-08-23,55.98625564575195,1628700
2013-08-26,56.084228515625,683400
2013-08-27,56.22422409057617,731300
2013-08-28,56.12625503540039,768800
2013-08-29,56.18224334716797,855000
2013-08-30,56.1052131652832,1216800
2013-09-03,55.979652404785156,1608800
2013-09-04,55.90953826904297,810100
2013-09-05,55.52375793457031,1637700
2013-09-06,55.73418045043945,954100
2013-09-09,55.87447738647461,989800
2013-09-10,55.75524139404297,1120800
2013-09-11,55.90953826904297,1474000
2013-09-12,55.89552307128906,757000
2013-09-13,55.986698150634766,1067000
2013-09-16,56.05681228637695,816700
2013-09-17,56.10593795776367,952700
2013-09-18,56.55482482910156,1103800
2013-09-19,56.49172592163086,1050200
2013-09-20,56.4847412109375,560900
2013-09-23,56.526763916015625,833000
2013-09-24,56.64601135253906,1052900
2013-09-25,56.765281677246094,788300
2013-09-26,56.68111038208008,679000
2013-09-27,56.69514846801758,488200
2013-09-30,56.73019027709961,1218500
2013-10-01,56.66129684448242,1146300
2013-10-02,56.72457504272461,984500
2013-10-03,56.75266647338867,6070900
2013-10-04,56.689422607421875,749000
2013-10-07,56.73160171508789,840000
2013-10-08,56.710548400878906,841700
2013-10-09,56.67535400390625,1117400
2013-10-10,56.689422607421875,899700
2013-10-11,56.710548400878906,762600
2013-10-14,56.59804916381836,486600
2013-10-15,56.5839729309082,939600
2013-10-16,56.82298278808594,936300
2013-10-17,57.019813537597656,717600
2013-10-18,57.08308792114258,805700
2013-10-21,57.01278305053711,952900
2013-10-22,57.19553756713867,763900
2013-10-23,57.22365188598633,741100
2013-10-24,57.22365188598633,706500
2013-10-25,57.28693389892578,703100
2013-10-28,57.23768997192383,943100
2013-10-29,57.27985382080078,683700
2013-10-30,57.216590881347656,907100
2013-10-31,57.216590881347656,1615500
2013-11-01,57.06233596801758,1010100
2013-11-04,57.0975341796875,701100
2013-11-05,56.9284782409668,2158400
2013-11-06,57.02714157104492,1300300
2013-11-07,57.13984298706055,839300
2013-11-08,56.7664680480957,2391600
2013-11-11,56.71714782714844,1695300
2013-11-12,56.68894958496094,1787400
2013-11-13,56.843936920166016,1375900
2013-11-14,57.0059814453125,1175300
2013-11-15,57.02714157104492,818600
2013-11-18,57.132789611816406,875500
2013-11-19,57.02006530761719,820200
2013-11-20,56.86509323120117,1025000
2013-11-21,56.86509323120117,3170500
2013-11-22,56.99189376831055,1977800
2013-11-25,57.03413009643555,1588700
2013-11-26,57.041194915771484,1177800
2013-11-27,57.02006530761719,1571100
2013-11-29,57.04826736450195,1058600
2013-12-02,56.83289337158203,1297500
2013-12-03,56.889404296875,1043700
2013-12-04,56.80467987060547,1816600
2013-12-05,56.70585632324219,2193800
2013-12-06,56.790565490722656,1622700
2013-12-09,56.8470344543457,957100
2013-12-10,56.967044830322266,957400
2013-12-11,56.86823654174805,1326200
2013-12-12,56.71995162963867,1917600
2013-12-13,56.783470153808594,1117500
2013-12-16,56.80467987060547,1865100
2013-12-17,56.91056442260742,2186000
2013-12-18,56.889404296875,1787000
2013-12-19,56.783470153808594,1591400
2013-12-20,56.889404296875,1135800
2013-12-23,56.81882095336914,3419000
2013-12-24,56.69915008544922,575000
2013-12-26,56.614131927490234,2086900
2013-12-27,56.614131927490234,1983400
2013-12-30,56.70619201660156,2818200
2013-12-31,56.68498611450195,1633600
2014-01-02,56.734527587890625,1413300
2014-01-03,56.741607666015625,1577300
2014-01-06,56.79117965698242,1287400
2014-01-07,56.86201858520508,2719600
2014-01-08,56.67786407470703,3472700
2014-01-09,56.78410720825195,1043900
2014-01-10,57.06027603149414,1374900
2014-01-13,57.138145446777344,784400
2014-01-14,57.053199768066406,798700
2014-01-15,57.017757415771484,780600
2014-01-16,57.145233154296875,988200
2014-01-17,57.20896911621094,668600
2014-01-21,57.20896911621094,2570400
2014-01-22,57.10983657836914,1637900
2014-01-23,57.265621185302734,1552800
2014-01-24,57.414310455322266,1174900
2014-01-27,57.308101654052734,8599900
2014-01-28,57.35768127441406,4081300
2014-01-29,57.4851188659668,3245200
2014-01-30,57.4851188659668,2204000
2014-01-31,57.563045501708984,3366900
2014-02-03,57.74824142456055,4118600
2014-02-04,57.6560173034668,1923700
2014-02-05,57.53536605834961,1353800
2014-02-06,57.5140495300293,2321400
2014-02-07,57.58504867553711,921100
2014-02-10,57.62049865722656,1302200
2014-02-11,57.49990463256836,5401900
2014-02-12,57.40053176879883,3057200
2014-02-13,57.542423248291016,3466300
2014-02-14,57.521148681640625,4205900
2014-02-18,57.59923553466797,2767900
2014-02-19,57.54951095581055,1985600
2014-02-20,57.542423248291016,1079500
2014-02-21,57.58504867553711,592600
2014-02-24,57.5708122253418,3138000
2014-02-25,57.68437957763672,1424300
2014-02-26,57.80501937866211,987100
2014-02-27,57.87592315673828,670700
2014-02-28,57.8333854675293,2445800
2014-03-03,57.9556999206543,1398800
2014-03-04,57.75661087036133,1083400
2014-03-05,57.83477783203125,1623500
2014-03-06,57.692569732666016,1739100
2014-03-07,57.521934509277344,1926100
2014-03-10,57.5574951171875,2006400
2014-03-11,57.550357818603516,2263600
2014-03-12,57.67123794555664,2303700
2014-03-13,57.84193420410156,2204100
2014-03-14,57.806373596191406,1835300
2014-03-17,57.728126525878906,2693700
2014-03-18,57.79210662841797,1487900
2014-03-19,57.521934509277344,2357300
2014-03-20,57.472145080566406,826700
2014-03-21,57.63568115234375,1149700
2014-03-24,57.64280319213867,4480700
2014-03-25,57.62858581542969,1477200
2014-03-26,57.78504180908203,3725100
2014-03-27,57.84193420410156,2935700
2014-03-28,57.73524856567383,1387200
2014-03-31,57.73524856567383,2791900
2014-04-01,57.67109298706055,2824000
2014-04-02,57.55706024169922,3058800
2014-04-03,57.60695266723633,1978900
2014-04-04,57.77801513671875,936500
2014-04-07,57.884944915771484,1099400
2014-04-08,57.9277229309082,674200
2014-04-09,57.9134407043457,3904300
2014-04-10,58.091644287109375,1101400
2014-04-11,58.12725067138672,1570700
2014-04-14,58.120155334472656,2437000
2014-04-15,58.14866256713867,2219600
2014-04-16,58.113033294677734,2892500
2014-04-17,57.96333694458008,1054500
2014-04-21,57.97758865356445,3440000
2014-04-22,57.97758865356445,1573300
2014-04-23,58.07022476196289,1792600
2014-04-24,58.08451461791992,814300
2014-04-25,58.10591506958008,1456300
2014-04-28,58.04172897338867,851800
2014-04-29,58.07022476196289,840500
2014-04-30,58.19853210449219,1861000
2014-05-01,58.34002685546875,1774100
2014-05-02,58.40431213378906,1517900
2014-05-05,58.34002685546875,1813300
2014-05-06,58.39717102050781,1304000
2014-05-07,58.425716400146484,1070900
2014-05-08,58.45429229736328,1937800
2014-05-09,58.38287353515625,1523700
2014-05-12,58.32568359375,996800
2014-05-13,58.43288040161133,1551700
2014-05-14,58.582889556884766,1266000
2014-05-15,58.69007873535156,1113300
2014-05-16,58.69007873535156,754200
2014-05-19,58.66860580444336,1171300
2014-05-20,58.697174072265625,1292900
2014-05-21,58.64718246459961,1189300
2014-05-22,58.61142349243164,493300
2014-05-23,58.66860580444336,841900
2014-05-27,58.72571563720703,884200
2014-05-28,58.91859817504883,708300
2014-05-29,58.868595123291016,1413700
2014-05-30,58.81146240234375,1462600
2014-06-02,58.66756820678711,1071100
2014-06-03,58.5244140625,652700
2014-06-04,58.531585693359375,1466400
2014-06-05,58.595985412597656,611600
2014-06-06,58.58883285522461,1039800
2014-06-09,58.53864288330078,1205400
2014-06-10,58.424171447753906,1505400
2014-06-11,58.44564437866211,1646000
2014-06-12,58.595985412597656,1693500
2014-06-13,58.5816650390625,835600
2014-06-16,58.56734085083008,3534000
2014-06-17,58.43133544921875,612900
2014-06-18,58.5816650390625,1495900
2014-06-19,58.531585693359375,3345400
2014-06-20,58.56734085083008,2863700
2014-06-23,58.54587936401367,1136900
2014-06-24,58.65325927734375,1305800
2014-06-25,58.731990814208984,1928000
2014-06-26,58.810768127441406,533200
2014-06-27,58.810768127441406,633900
2014-06-30,58.860870361328125,904900
2014-07-01,58.747528076171875,1288100
2014-07-02,58.589664459228516,981800
2014-07-03,58.517948150634766,667100
2014-07-07,58.589664459228516,1656900
2014-07-08,58.69729232788086,1397600
2014-07-09,58.75467300415039,1275800
2014-07-10,58.769046783447266,665400
2014-07-11,58.85512924194336,958600
2014-07-14,58.769046783447266,994700
2014-07-15,58.72597122192383,3125400
2014-07-16,58.747528076171875,767200
2014-07-17,58.90534210205078,841700
2014-07-18,58.90534210205078,1146600
2014-07-21,58.90534210205078,2327800
2014-07-22,58.98427200317383,776700
2014-07-23,58.955543518066406,1361700
2014-07-24,58.84078598022461,800900
2014-07-25,58.94839096069336,1414500
2014-07-28,58.934059143066406,1249900
2014-07-29,58.98427200317383,1271300
2014-07-30,58.76184844970703,1913600
2014-07-31,58.69729232788086,3113700
2014-08-01,58.89287567138672,3550300
2014-08-04,58.97193908691406,4089900
2014-08-05,58.89287567138672,3960800
2014-08-06,58.957515716552734,2925900
2014-08-07,59.08692169189453,2207500
2014-08-08,59.04380798339844,1608500
2014-08-11,59.07255554199219,928800
2014-08-12,59.02223205566406,2365300
2014-08-13,59.130088806152344,944100
2014-08-14,59.18756866455078,2623800
2014-08-15,59.29542541503906,6875700
2014-08-18,59.17320251464844,4011900
2014-08-19,59.16602325439453,1674900
2014-08-20,59.07976531982422,5183000
2014-08-21,59.144412994384766,3563500
2014-08-22,59.144412994384766,1193000
2014-08-25,59.16602325439453,1897400
2014-08-26,59.194759368896484,1317100
2014-08-27,59.288272857666016,1062900
2014-08-28,59.3673095703125,685500
2014-08-29,59.3673095703125,1081300
2014-09-02,59.16485595703125,1211100
2014-09-03,59.26569747924805,972800
2014-09-04,59.16485595703125,1882600
2014-09-05,59.143253326416016,1872800
2014-09-08,59.10000991821289,2740700
2014-09-09,58.999183654785156,1288600
2014-09-10,58.891090393066406,2719000
2014-09-11,58.84783935546875,2529000
2014-09-12,58.754215240478516,1921700
2014-09-15,58.782981872558594,2550500
2014-09-16,58.76138687133789,1077700
2014-09-17,58.68933868408203,2606500
2014-09-18,58.69655990600586,1802900
2014-09-19,58.81901168823242,1238900
2014-09-22,58.891090393066406,638400
2014-09-23,58.91989517211914,986900
2014-09-24,58.8838996887207,3552500
2014-09-25,59.027984619140625,3152500
2014-09-26,58.97032928466797,3500300
2014-09-29,59.042354583740234,9772600
2014-09-30,59.027984619140625,8536000
2014-10-01,59.28134536743164,5094500
2014-10-02,59.238037109375,2731500
2014-10-03,59.20196533203125,3526900
2014-10-06,59.33913040161133,3645800
2014-10-07,59.49066925048828,3012400
2014-10-08,59.649505615234375,1586800
2014-10-09,59.555660247802734,2160900
2014-10-10,59.606224060058594,1538200
2014-10-13,59.779457092285156,1178400
2014-10-14,59.8588752746582,5402700
2014-10-15,59.996036529541016,5461400
2014-10-16,59.89494705200195,3699800
2014-10-17,59.851619720458984,2143400
2014-10-20,59.902183532714844,1379300
2014-10-21,59.815555572509766,1647700
2014-10-22,59.80112838745117,2292400
2014-10-23,59.62063980102539,6617200
2014-10-24,59.671173095703125,2202100
2014-10-27,59.649505615234375,2454200
2014-10-28,59.613433837890625,2201200
2014-10-29,59.51237869262695,2219900
2014-10-30,59.555660247802734,4741900
2014-10-31,59.454612731933594,4598600
2014-11-03,59.42786407470703,3063600
2014-11-04,59.41334915161133,3231100
2014-11-05,59.485694885253906,2566600
2014-11-06,59.34828567504883,2183500
2014-11-07,59.550804138183594,1772400
2014-11-10,59.42786407470703,2490600
2014-11-11,59.456783294677734,1102500
2014-11-12,59.44954299926758,809800
2014-11-13,59.49296188354492,1665300
2014-11-14,59.50740432739258,1519100
2014-11-17,59.50740432739258,1787000
2014-11-18,59.59424591064453,1607500
2014-11-19,59.442298889160156,1368600
2014-11-20,59.51461410522461,914900
2014-11-21,59.64488220214844,3286200
2014-11-24,59.652095794677734,1118300
2014-11-25,59.7606086730957,1010800
2014-11-26,59.847408294677734,1149600
2014-11-28,59.94871139526367,726300
2014-12-01,59.858795166015625,3682100
2014-12-02,59.72837829589844,5205900
2014-12-03,59.71385955810547,3877200
2014-12-04,59.815311431884766,1558300
2014-12-05,59.641353607177734,3695700
2014-12-08,59.76460647583008,2838200
2014-12-09,59.786312103271484,3727800
2014-12-10,59.9457893371582,4081900
2014-12-11,59.887813568115234,3280600
2014-12-12,60.09074401855469,6232900
2014-12-15,59.982059478759766,5511400
2014-12-16,60.11977767944336,6532800
2014-12-17,59.97480773925781,3942400
2014-12-18,59.88056182861328,1625500
2014-12-19,60.01106262207031,2204800
2014-12-22,59.982059478759766,2157100
2014-12-23,59.72060775756836,6121200
2014-12-24,59.74243927001953,2280200
2014-12-26,59.793453216552734,1300800
2014-12-29,59.89540100097656,2730600
2014-12-30,59.939109802246094,5854700
2014-12-31,59.982757568359375,1708900
2015-01-02,60.18666458129883,2218800
2015-01-05,60.36140441894531,5820100
2015-01-06,60.53622817993164,3887600
2015-01-07,60.57267379760742,2433400
2015-01-08,60.47795867919922,1873400
2015-01-09,60.57993698120117,1646100
2015-01-12,60.6600227355957,4397900
2015-01-13,60.71826171875,2223400
2015-01-14,60.85661315917969,2481200
2015-01-15,61.12604904174805,4214500
2015-01-16,60.94401168823242,3631300
2015-01-20,60.87843322753906,3029500
2015-01-21,60.761959075927734,2473900
2015-01-22,60.77656936645508,2157400
2015-01-23,60.97311019897461,6255000
2015-01-26,60.90032196044922,7810500
2015-01-27,60.93674087524414,1154100
2015-01-28,61.15519332885742,1394600
2015-01-29,61.08967208862305,1551300
2015-01-30,61.42464828491211,10474400
2015-02-02,61.351680755615234,6070500
2015-02-03,61.16194534301758,1237200
2015-02-04,61.18383026123047,2945700
2015-02-05,61.05254364013672,2128200
2015-02-06,60.65846633911133,2907700
2015-02-09,60.636566162109375,1384600
2015-02-10,60.52711486816406,1447900
2015-02-11,60.52711486816406,1904000
2015-02-12,60.55632400512695,4662900
2015-02-13,60.41765213012695,1883000
2015-02-17,60.1768684387207,5281500
2015-02-18,60.34467315673828,3813000
2015-02-19,60.2935905456543,1322700
2015-02-20,60.308197021484375,3145800
2015-02-23,60.43225860595703,3952700
2015-02-24,60.68035125732422,2542200
2015-02-25,60.73873519897461,4934600
2015-02-26,60.57090759277344,2187500
2015-02-27,60.62199020385742,4094400
2015-03-02,60.42601013183594,2476100
2015-03-03,60.3529167175293,2648100
2015-03-04,60.3529167175293,1425400
2015-03-05,60.38949203491211,1340800
2015-03-06,60.038578033447266,1580000
2015-03-09,60.11166763305664,1982300
2015-03-10,60.34563064575195,3766100
2015-03-11,60.41139602661133,4829700
2015-03-12,60.45528793334961,8421500
2015-03-13,60.39680099487305,2114500
2015-03-16,60.513797760009766,1203700
2015-03-17,60.5649299621582,1471300
2015-03-18,60.93779373168945,5534300
2015-03-19,60.75507736206055,1208100
2015-03-20,60.9158821105957,1011200
2015-03-23,60.94512939453125,1572700
2015-03-24,61.04753494262695,2300500
2015-03-25,60.95242691040039,1559900
2015-03-26,60.75507736206055,2342500
2015-03-27,60.81353759765625,6542300
2015-03-30,60.88664627075195,1634800
2015-03-31,60.95242691040039,1996000
2015-04-01,61.194984436035156,3132700
2015-04-02,61.11439895629883,791200
2015-04-06,61.165706634521484,1768800
2015-04-07,61.202293395996094,977400
2015-04-08,61.15835952758789,3470700
2015-04-09,61.02647018432617,1025400
2015-04-10,60.997169494628906,4290100
2015-04-13,61.011783599853516,6046400
2015-04-14,61.12171936035156,1398100
2015-04-15,61.180320739746094,1022400
2015-04-16,61.165706634521484,1289900
2015-04-17,61.268287658691406,1693900
2015-04-20,61.202293395996094,2463600
2015-04-21,61.12907028198242,1788000
2015-04-22,60.90186309814453,1501300
2015-04-23,61.019134521484375,5518000
2015-04-24,61.11439895629883,1597900
2015-04-27,61.07040786743164,1591400
2015-04-28,60.87990951538086,1217700
2015-04-29,60.689369201660156,1905200
2015-04-30,60.755313873291016,4229900
2015-05-01,60.57102966308594,7173200
2015-05-04,60.48290252685547,1190000
2015-05-05,60.38748550415039,4175700
2015-05-06,60.218658447265625,3938900
2015-05-07,60.343421936035156,3602900
2015-05-08,60.504905700683594,1735900
2015-05-11,60.18925857543945,929200
2015-05-12,60.11582565307617,2139600
2015-05-13,60.0864372253418,2372000
2015-05-14,60.20393371582031,1485300
2015-05-15,60.44622039794922,1402700
2015-05-18,60.22595977783203,3747700
2015-05-19,60.09383010864258,4856500
2015-05-20,60.09383010864258,4097400
2015-05-21,60.28468704223633,2314100
2015-05-22,60.247982025146484,816600
2015-05-26,60.39480972290039,1178300
2015-05-27,60.4241943359375,2564500
2015-05-28,60.431522369384766,1073300
2015-05-29,60.45356750488281,2494300
2015-06-01,60.251976013183594,1362800
2015-06-02,60.082786560058594,1510000
2015-06-03,59.81795120239258,1390000
2015-06-04,59.965091705322266,1111300
2015-06-05,59.72964859008789,4115300
2015-06-08,59.803226470947266,4954500
2015-06-09,59.626625061035156,2883300
2015-06-10,59.5015754699707,1222800
2015-06-11,59.78114700317383,1815900
2015-06-12,59.73701858520508,1785100
2015-06-15,59.74433517456055,2082900
2015-06-16,59.89888000488281,2250700
2015-06-17,59.92091751098633,865700
2015-06-18,59.87678527832031,1210300
2015-06-19,60.04601287841797,1176700
2015-06-22,59.759056091308594,1020000
2015-06-23,59.61931228637695,1096000
2015-06-24,59.72964859008789,6836900
2015-06-25,59.64872360229492,2894500
2015-06-26,59.53838348388672,963000
2015-06-29,59.840030670166016,2168400
2015-06-30,59.78114700317383,1547800
2015-07-01,59.63593673706055,5399300
2015-07-02,59.78337860107422,1060100
2015-07-06,59.989776611328125,2210700
2015-07-07,60.04873275756836,4183200
2015-07-08,60.218292236328125,1967800
2015-07-09,60.01927947998047,1670900
2015-07-10,59.7391357421875,2038300
2015-07-13,59.59908676147461,2846500
2015-07-14,59.70963668823242,1567700
2015-07-15,59.87917709350586,2631000
2015-07-16,59.87917709350586,1063100
2015-07-17,59.88657760620117,807900
2015-07-20,59.80545425415039,1026900
2015-07-21,59.916038513183594,1422900
2015-07-22,59.93819046020508,1624100
2015-07-23,60.07822036743164,1178400
2015-07-24,60.115089416503906,804300
2015-07-27,60.23300552368164,2022800
2015-07-28,60.12982940673828,1434700
2015-07-29,60.07822036743164,1020500
2015-07-30,60.10036849975586,788000
2015-07-31,60.30674362182617,1589100
2015-08-03,60.446327209472656,2085800
2015-08-04,60.239498138427734,1007300
2015-08-05,60.14348220825195,2097000
2015-08-06,60.1804313659668,1173000
2015-08-07,60.305992126464844,1773800
2015-08-10,60.1804313659668,1173300
2015-08-11,60.40945053100586,1424200
2015-08-12,60.387290954589844,1029700
2015-08-13,60.261695861816406,845500
2015-08-14,60.239498138427734,2279800
2015-08-17,60.35029602050781,821900
2015-08-18,60.239498138427734,1083900
2015-08-19,60.4537239074707,1356600
2015-08-20,60.50546646118164,1536900
2015-08-21,60.601463317871094,3459200
2015-08-24,60.586708068847656,4751800
2015-08-25,60.387290954589844,5325500
2015-08-26,60.12870788574219,2742500
2015-08-27,60.20998001098633,2671000
2015-08-28,60.239498138427734,2723900
2015-08-31,60.15827560424805,3103700
2015-09-01,60.30484390258789,2577700
2015-09-02,60.26039505004883,1934700
2015-09-03,60.30484390258789,2503000
2015-09-04,60.4528694152832,1213800
2015-09-08,60.30484390258789,1194600
2015-09-09,60.290008544921875,4265400
2015-09-10,60.1641960144043,1889000
2015-09-11,60.290008544921875,1411500
2015-09-14,60.30484390258789,905900
2015-09-15,60.0531120300293,1697300
2015-09-16,60.01613235473633,1579000
2015-09-17,60.35663986206055,1833200
2015-09-18,60.52688217163086,1639800
2015-09-21,60.30484390258789,933800
2015-09-22,60.41583251953125,1444000
2015-09-23,60.41583251953125,709000
2015-09-24,60.43809509277344,1454400
2015-09-25,60.32706832885742,1134000
2015-09-28,60.482486724853516,1305000
2015-09-29,60.52688217163086,1256600
2015-09-30,60.64534378051758,4432000
2015-10-01,60.677947998046875,2023700
2015-10-02,60.90789794921875,1770400
2015-10-05,60.670509338378906,4199900
2015-10-06,60.752140045166016,1925300
2015-10-07,60.752140045166016,1871000
2015-10-08,60.65570068359375,1118100
2015-10-09,60.648284912109375,1197400
2015-10-12,60.752140045166016,864100
2015-10-13,60.78923797607422,971700
2015-10-14,61.01169204711914,786300
2015-10-15,60.893043518066406,2264300
2015-10-16,60.87078857421875,1241200
2015-10-19,60.87078857421875,840100
2015-10-20,60.77437210083008,1348200
2015-10-21,60.885650634765625,943500
2015-10-22,60.98944854736328,1101300
2015-10-23,60.83372497558594,1367100
2015-10-26,60.90044403076172,1512200
2015-10-27,60.91530990600586,929400
2015-10-28,60.74472427368164,2617300
2015-10-29,60.529659271240234,943200
2015-10-30,60.66312789916992,1474100
2015-11-02,60.54348373413086,2939200
2015-11-03,60.43942642211914,3997100
2015-11-04,60.47657775878906,3594400
2015-11-05,60.36508560180664,1715400
2015-11-06,60.12724304199219,1198700
2015-11-09,60.07524490356445,2358300
2015-11-10,60.14209747314453,1421000
2015-11-11,60.14956283569336,1303500
2015-11-12,60.15700912475586,1263900
2015-11-13,60.26848602294922,1583300
2015-11-16,60.26848602294922,949100
2015-11-17,60.335357666015625,1155900
2015-11-18,60.30564880371094,944100
2015-11-19,60.38737869262695,1085500
2015-11-20,60.372520446777344,1273800
2015-11-23,60.39480209350586,1647300
2015-11-24,60.417118072509766,1361900
2015-11-25,60.42453384399414,904600
2015-11-27,60.45429611206055,516000
2015-11-30,60.42453384399414,6285200
2015-12-01,60.653236389160156,1780200
2015-12-02,60.578731536865234,1413700
2015-12-03,60.109519958496094,2510600
2015-12-04,60.34786605834961,3815200
2015-12-07,60.452125549316406,1543300
2015-12-08,60.466949462890625,1687300
2015-12-09,60.44465255737305,2076900
2015-12-10,60.437217712402344,2004100
2015-12-11,60.60104751586914,1994400
2015-12-14,60.31803894042969,2974600
2015-12-15,60.25099182128906,1806300
2015-12-16,60.183990478515625,2332700
2015-12-17,60.31061935424805,2290500
2015-12-18,60.44465255737305,3211500
2015-12-21,60.377628326416016,3158300
2015-12-22,60.29569625854492,2348600
2015-12-23,60.30313491821289,2538600
2015-12-24,60.34800338745117,1361700
2015-12-28,60.34800338745117,1580600
2015-12-29,60.161277770996094,2586600
2015-12-30,60.19858932495117,2367200
2015-12-31,60.31810760498047,2419700
2016-01-04,60.288230895996094,2750500
2016-01-05,60.36293411254883,1513600
2016-01-06,60.63181686401367,2391100
2016-01-07,60.63926315307617,2792900
2016-01-08,60.713924407958984,1405100
2016-01-11,60.46003341674805,2146900
2016-01-12,60.61687088012695,1645300
2016-01-13,60.766239166259766,2887800
2016-01-14,60.69158172607422,4545800
2016-01-15,60.79609298706055,1773900
2016-01-19,60.721439361572266,3856700
2016-01-20,60.78865051269531,7796900
2016-01-21,60.751304626464844,3062600
2016-01-22,60.728904724121094,3004100
2016-01-25,60.728904724121094,2164700
2016-01-26,60.81851577758789,2659100
2016-01-27,60.81851577758789,1734400
2016-01-28,60.86337661743164,1487600
2016-01-29,61.04258728027344,3634300
2016-02-01,60.91834259033203,2255300
2016-02-02,61.12794494628906,2554600
2016-02-03,61.172828674316406,3238200
2016-02-04,61.21772384643555,1179000
2016-02-05,61.1578254699707,2360200
2016-02-08,61.41982650756836,2519500
2016-02-09,61.41234588623047,2354500
2016-02-10,61.53956985473633,2553900
2016-02-11,61.57697677612305,1887700
2016-02-12,61.37490463256836,1474600
2016-02-16,61.28507614135742,1488800
2016-02-17,61.270137786865234,2158200
2016-02-18,61.479679107666016,1819100
2016-02-19,61.39738464355469,1862600
2016-02-22,61.41234588623047,1596900
2016-02-23,61.449798583984375,2243700
2016-02-24,61.49468231201172,2434300
2016-02-25,61.58449172973633,2407600
2016-02-26,61.524662017822266,1628400
2016-02-29,61.562042236328125,1827800
2016-03-01,61.355770111083984,2546300
2016-03-02,61.31830596923828,2137300
2016-03-03,61.34828186035156,2750500
2016-03-04,61.31830596923828,1147700
2016-03-07,61.303340911865234,1303200
2016-03-08,61.50577926635742,1713100
2016-03-09,61.40076446533203,2010000
2016-03-10,61.37078857421875,1785600
2016-03-11,61.28825378417969,1422300
2016-03-14,61.42329788208008,1534200
2016-03-15,61.36331558227539,1870200
2016-03-16,61.6032600402832,1402900
2016-03-17,61.738285064697266,1571000
2016-03-18,61.79075622558594,1219400
2016-03-21,61.678306579589844,1613600
2016-03-22,61.663291931152344,2150200
2016-03-23,61.798282623291016,1234500
2016-03-24,61.723289489746094,1752300
2016-03-28,61.753292083740234,2369600
2016-03-29,62.0082893371582,1841800
2016-03-30,61.98577880859375,1624300
2016-03-31,62.1057243347168,3037600
2016-04-01,62.17566680908203,3027400
2016-04-04,62.17566680908203,1452400
2016-04-05,62.28841018676758,2149200
2016-04-06,62.25836181640625,1833100
2016-04-07,62.46124267578125,1533400
2016-04-08,62.40864562988281,1402100
2016-04-11,62.401100158691406,1214400
2016-04-12,62.30343246459961,2388000
2016-04-13,62.340980529785156,1749400
2016-04-14,62.28841018676758,1617200
2016-04-15,62.43119430541992,1181000
2016-04-18,62.40864562988281,1395400
2016-04-19,62.44619369506836,1163600
2016-04-20,62.273345947265625,2388600
2016-04-21,62.19821548461914,1683900
2016-04-22,62.17566680908203,5115300
2016-04-25,62.10050964355469,2483300
2016-04-26,62.010284423828125,1689600
2016-04-27,62.19821548461914,1456400
2016-04-28,62.310916900634766,1625800
2016-04-29,62.356048583984375,2856900
2016-05-02,62.246097564697266,2443700
2016-05-03,62.41926193237305,1765500
2016-05-04,62.44188690185547,2868300
2016-05-05,62.554840087890625,1270700
2016-05-06,62.52470016479492,1520600
2016-05-09,62.56988525390625,1373200
2016-05-10,62.56988525390625,1889300
2016-05-11,62.584957122802734,2381000
2016-05-12,62.59247589111328,1653300
2016-05-13,62.66023635864258,1397400
2016-05-16,62.52470016479492,3132000
2016-05-17,62.47954177856445,1735900
2016-05-18,62.18584060668945,1685900
2016-05-19,62.253604888916016,1464000
2016-05-20,62.253604888916016,2044000
2016-05-23,62.26865005493164,1310700
2016-05-24,62.23856735229492,2656800
2016-05-25,62.215980529785156,1474800
2016-05-26,62.32137680053711,1571700
2016-05-27,62.2988166809082,2045600
2016-05-31,62.3515625,1361400
2016-06-01,62.37340545654297,1625600
2016-06-02,62.49412155151367,1503200
2016-06-03,62.886474609375,1964500
2016-06-06,62.788394927978516,1603100
2016-06-07,62.79595184326172,1283100
2016-06-08,62.87144470214844,1374500
2016-06-09,62.931800842285156,1611200
2016-06-10,62.99214553833008,1575300
2016-06-13,63.00725555419922,1681500
2016-06-14,62.999671936035156,1524200
2016-06-15,63.143035888671875,1345100
2016-06-16,63.210960388183594,1111400
2016-06-17,63.12040710449219,1860800
2016-06-20,62.9770622253418,2347500
2016-06-21,62.89405059814453,1785100
2016-06-22,62.91668701171875,1337700
2016-06-23,62.80352783203125,1152800
2016-06-24,63.15813446044922,2030400
2016-06-27,63.475101470947266,2465500
2016-06-28,63.5505256652832,2971800
2016-06-29,63.527915954589844,2425700
2016-06-30,63.61090087890625,3362300
2016-07-01,63.787845611572266,2531600
2016-07-05,64.0071029663086,3193800
2016-07-06,64.1204605102539,1936800
2016-07-07,64.01463317871094,2032500
2016-07-08,64.18096923828125,1748000
2016-07-11,63.99196243286133,2617100
2016-07-12,63.73488998413086,1775400
2016-07-13,63.84833908081055,1352500
2016-07-14,63.750057220458984,1621500
2016-07-15,63.54590606689453,2233900
2016-07-18,63.56857681274414,2155800
2016-07-19,63.666812896728516,1559600
2016-07-20,63.59881591796875,1688100
2016-07-21,63.67440414428711,2076000
2016-07-22,63.6819953918457,1612000
2016-07-25,63.64417266845703,1204600
2016-07-26,63.63660430908203,2385100
2016-07-27,63.825599670410156,1575400
2016-07-28,63.787845611572266,1418900
2016-07-29,63.99196243286133,2757900
2016-08-01,63.791175842285156,3705700
2016-08-02,63.73057556152344,4575700
2016-08-03,63.73057556152344,3472400
2016-08-04,63.844207763671875,1202000
2016-08-05,63.63212203979492,2018700
2016-08-08,63.63967514038086,1843100
2016-08-09,63.8215217590332,2262700
2016-08-10,63.904850006103516,1672200
2016-08-11,63.73817443847656,1760100
2016-08-12,63.882118225097656,1606000
2016-08-15,63.776058197021484,1942500
2016-08-16,63.74574661254883,2163100
2016-08-17,63.844207763671875,2024600
2016-08-18,63.912452697753906,1750900
2016-08-19,63.78363037109375,1995100
2016-08-22,63.87457275390625,1388100
2016-08-23,63.904850006103516,1668300
2016-08-24,63.89726638793945,2083300
2016-08-25,63.829105377197266,1737800
2016-08-26,63.67002868652344,2874500
2016-08-29,63.8896484375,1446800
2016-08-30,63.836647033691406,4750700
2016-08-31,63.791175842285156,1911900
2016-09-01,63.879241943359375,3108600
2016-09-02,63.78813171386719,1797500
2016-09-06,63.9779167175293,4316100
2016-09-07,63.985530853271484,1849500
2016-09-08,63.74264144897461,3475600
2016-09-09,63.461795806884766,2888900
2016-09-12,63.48454284667969,3191000
2016-09-13,63.302391052246094,2669800
2016-09-14,63.38589859008789,2124500
2016-09-15,63.43901824951172,1817200
2016-09-16,63.49213790893555,1307800
2016-09-19,63.446598052978516,1558100
2016-09-20,63.461795806884766,1260900
2016-09-21,63.64392852783203,1979800
2016-09-22,63.773006439208984,1473900
2016-09-23,63.75779724121094,1441500
2016-09-26,63.864070892333984,1709200
2016-09-27,63.939937591552734,2458100
2016-09-28,63.939937591552734,2284600
2016-09-29,63.94753646850586,2886200
2016-09-30,63.864070892333984,1663600
2016-10-03,63.79640197753906,1509200
2016-10-04,63.583438873291016,1815500
2016-10-05,63.47698974609375,2666100
2016-10-06,63.45418930053711,1148500
2016-10-07,63.507381439208984,1783300
2016-10-10,63.43896484375,1425500
2016-10-11,63.340084075927734,1476700
2016-10-12,63.37812805175781,1286400
2016-10-13,63.45418930053711,1625500
2016-10-14,63.32489776611328,1379900
2016-10-17,63.46177291870117,1008900
2016-10-18,63.545413970947266,1167300
2016-10-19,63.59103775024414,1546400
2016-10-20,63.55305480957031,1283200
2016-10-21,63.60624313354492,1018800
2016-10-24,63.51498031616211,1453900
2016-10-25,63.51498031616211,1462100
2016-10-26,63.400917053222656,1144500
2016-10-27,63.226009368896484,1848200
2016-10-28,63.19562530517578,1574400
2016-10-31,63.264041900634766,1664700
2016-11-01,63.24346160888672,1623500
2016-11-02,63.3044319152832,3138400
2016-11-03,63.266353607177734,2335700
2016-11-04,63.38063430786133,1047000
2016-11-07,63.29679489135742,1290000
2016-11-08,63.182533264160156,2509100
2016-11-09,62.55771255493164,3448800
2016-11-10,62.29100799560547,2836000
2016-11-11,62.17670822143555,1580900
2016-11-14,61.94050598144531,2079400
2016-11-15,62.02434158325195,2098100
2016-11-16,62.15385055541992,1629100
2016-11-17,61.90242385864258,1762200
2016-11-18,61.75000762939453,1561600
2016-11-21,61.74237823486328,2074000
2016-11-22,61.795772552490234,1866900
2016-11-23,61.63570022583008,1642900
2016-11-25,61.65858459472656,942700
2016-11-28,61.803367614746094,1352600
2016-11-29,61.84907531738281,1583600
2016-11-30,61.63570022583008,2372200
2016-12-01,61.40665054321289,2998200
2016-12-02,61.62811279296875,1951400
2016-12-05,61.70442581176758,2479500
2016-12-06,61.69679641723633,2337800
2016-12-07,61.84188461303711,4273100
2016-12-08,61.71969985961914,2323000
2016-12-09,61.53649139404297,2697000
2016-12-12,61.46775436401367,3464800
2016-12-13,61.53649139404297,4372500
2016-12-14,61.22344207763672,2971300
2016-12-15,61.13187026977539,2651200
2016-12-16,61.185279846191406,3080100
2016-12-19,61.34557342529297,2936800
2016-12-20,61.353240966796875,5853400
2016-12-21,61.444854736328125,2752300
2016-12-22,61.40276336669922,2851500
2016-12-23,61.433353424072266,2096800
2016-12-27,61.3874397277832,2178300
2016-12-28,61.54054260253906,4097100
2016-12-29,61.70891189575195,3115800
2016-12-30,61.83905029296875,2338200
2017-01-03,61.846683502197266,3312600
2017-01-04,61.89264678955078,3095000
2017-01-05,62.20644760131836,3890400
2017-01-06,61.961509704589844,2287900
2017-01-09,62.11460876464844,1785900
2017-01-10,62.099300384521484,2250700
2017-01-11,62.12990188598633,2327600
2017-01-12,62.14522171020508,2981200
2017-01-13,62.04567337036133,2425000
2017-01-17,62.237060546875,2188600
2017-01-18,61.915611267089844,1981700
2017-01-19,61.8084602355957,2121300
2017-01-20,61.85433578491211,1836300
2017-01-23,62.0227165222168,1490200
2017-01-24,61.930908203125,2136000
2017-01-25,61.747196197509766,1897400
2017-01-26,61.770137786865234,2381600
2017-01-27,61.83905029296875,1768700
2017-01-30,61.82372283935547,2699500
2017-01-31,61.9538688659668,2857600
2017-02-01,61.84495162963867,2313400
2017-02-02,61.88333511352539,1745400
2017-02-03,61.89862060546875,2398900
2017-02-06,62.09038162231445,3238100
2017-02-07,62.190120697021484,5239300
2017-02-08,62.35884475708008,2172700
2017-02-09,62.190120697021484,3410400
2017-02-10,62.174720764160156,2011900
2017-02-13,62.105743408203125,1863000
2017-02-14,61.97532272338867,2178300
2017-02-15,61.87562561035156,1503700
2017-02-16,61.99070358276367,3290700
2017-02-17,62.13638687133789,1520000
2017-02-21,62.128753662109375,1811300
2017-02-22,62.16708755493164,1965800
2017-02-23,62.28215408325195,1590500
2017-02-24,62.51225280761719,1703800
2017-02-27,62.38185119628906,2005600
2017-02-28,62.33583068847656,1975700
2017-03-01,62.0806999206543,2954300
2017-03-02,61.96541976928711,2077300
2017-03-03,62.01155471801758,2242600
2017-03-06,61.97309494018555,1880900
2017-03-07,61.85780715942383,1644800
2017-03-08,61.71184158325195,2172700
2017-03-09,61.5196647644043,2761300
2017-03-10,61.64263916015625,3430900
2017-03-13,61.5196647644043,2164600
2017-03-14,61.51201629638672,3620700
2017-03-15,61.89623260498047,2281200
2017-03-16,61.80403518676758,2617800
2017-03-17,61.92696762084961,1293000
2017-03-20,62.049930572509766,1510900
2017-03-21,62.19599151611328,2079000
2017-03-22,62.28047561645508,1339600
2017-03-23,62.2497673034668,1790300
2017-03-24,62.23439025878906,3736700
2017-03-27,62.36506652832031,1870300
2017-03-28,62.2497673034668,1990800
2017-03-29,62.37269592285156,1356800
2017-03-30,62.27277755737305,1403500
2017-03-31,62.311283111572266,2399400
2017-04-03,62.53764724731445,2142600
2017-04-04,62.46836853027344,1983200
2017-04-05,62.52227783203125,2050500
2017-04-06,62.54536819458008,1855300
2017-04-07,62.406707763671875,1608200
2017-04-10,62.46836853027344,1481700
2017-04-11,62.668556213378906,1340500
2017-04-12,62.81493377685547,1801600
2017-04-13,62.90735626220703,1393500
2017-04-17,62.86884307861328,1494600
2017-04-18,63.09222412109375,1782800
2017-04-19,62.97666931152344,1437000
2017-04-20,62.89196014404297,1425700
2017-04-21,62.90735626220703,1241700
2017-04-24,62.8226432800293,2665700
2017-04-25,62.63009262084961,1670900
2017-04-26,62.69169616699219,1876200
2017-04-27,62.7379264831543,1543100
2017-04-28,62.80725860595703,2100000
2017-05-01,62.68994140625,1478100
2017-05-02,62.79794692993164,1664300
2017-05-03,62.728511810302734,2948400
2017-05-04,62.65908432006836,1216100
2017-05-05,62.697654724121094,1658900
2017-05-08,62.589595794677734,1832300
2017-05-09,62.558712005615234,2532200
2017-05-10,62.55100631713867,1845500
2017-05-11,62.59730911254883,1421500
2017-05-12,62.78254699707031,1510300
2017-05-15,62.76709747314453,1823500
2017-05-16,62.828880310058594,1760600
2017-05-17,63.16842269897461,1987100
2017-05-18,63.114356994628906,1881800
2017-05-19,63.15301513671875,1394700
2017-05-22,63.09895706176758,1570700
2017-05-23,62.967735290527344,1679500
2017-05-24,63.09895706176758,1568700
2017-05-25,63.09895706176758,1108400
2017-05-26,63.129825592041016,952700
2017-05-30,63.22243881225586,1283300
2017-05-31,63.253353118896484,2290100
2017-06-01,63.27033615112305,1710900
2017-06-02,63.47914505004883,1795200
2017-06-05,63.378597259521484,1916200
2017-06-06,63.494598388671875,3262500
2017-06-07,63.40953063964844,1743500
2017-06-08,63.36310577392578,1827800
2017-06-09,63.309024810791016,1404500
2017-06-12,63.293521881103516,2053900
2017-06-13,63.309024810791016,1515100
2017-06-14,63.54100036621094,2472800
2017-06-15,63.471412658691406,2063400
2017-06-16,63.54100036621094,1376200
2017-06-19,63.44818878173828,1776500
2017-06-20,63.54100036621094,1864100
2017-06-21,63.57194900512695,1249600
2017-06-22,63.59515380859375,1195100
2017-06-23,63.61064147949219,1356000
2017-06-26,63.68022155761719,4665500
2017-06-27,63.46366500854492,2374200
2017-06-28,63.46366500854492,1604300
2017-06-29,63.332183837890625,1548100
2017-06-30,63.285804748535156,1978100
2017-07-03,63.292823791503906,1092500
2017-07-05,63.331607818603516,1917100
2017-07-06,63.184078216552734,1827500
2017-07-07,63.168521881103516,2441500
2017-07-10,63.19961166381836,2228800
2017-07-11,63.26173782348633,1931500
2017-07-12,63.40924835205078,1378800
2017-07-13,63.38600540161133,1321400
2017-07-14,63.40924835205078,1201700
2017-07-17,63.494667053222656,1432500
2017-07-18,63.64225387573242,1607300
2017-07-19,63.650054931640625,1589100
2017-07-20,63.688838958740234,1646800
2017-07-21,63.758750915527344,1942000
2017-07-24,63.7276611328125,1417400
2017-07-25,63.486934661865234,1385000
2017-07-26,63.64225387573242,1583000
2017-07-27,63.56459426879883,1224000
2017-07-28,63.68109893798828,1867100
2017-07-31,63.67329406738281,2561600
2017-08-01,63.93220520019531,1783600
2017-08-02,63.893245697021484,1336600
2017-08-03,64.02581787109375,1904800
2017-08-04,63.92445373535156,1046700
2017-08-07,63.94784164428711,1257900
2017-08-08,63.86203384399414,1929000
2017-08-09,63.90885543823242,1808600
2017-08-10,64.00239562988281,1376700
2017-08-11,64.0569839477539,1153400
2017-08-14,64.01020812988281,2082000
2017-08-15,63.901023864746094,1419600
2017-08-16,63.99464797973633,1594800
2017-08-17,64.111572265625,1723600
2017-08-18,64.08039093017578,1663100
2017-08-21,64.111572265625,1258400
2017-08-22,64.03358459472656,1157400
2017-08-23,64.22074127197266,1237800
2017-08-24,64.12718963623047,1540200
2017-08-25,64.20519256591797,1453100
2017-08-28,64.23638916015625,1408700
2017-08-29,64.30652618408203,2054300
2017-08-30,64.29874420166016,1150700
2017-08-31,64.35331726074219,1696700
2017-09-01,64.24706268310547,1471200
2017-09-05,64.51277160644531,2008400
2017-09-06,64.40338897705078,1586500
2017-09-07,64.60655212402344,1899100
2017-09-08,64.5362319946289,2702200
2017-09-11,64.34086608886719,1423100
2017-09-12,64.24706268310547,1604300
2017-09-13,64.16893005371094,1594000
2017-09-14,64.2079849243164,1325200
2017-09-15,64.21578216552734,1536200
2017-09-18,64.16893005371094,1756300
2017-09-19,64.12203216552734,1220000
2017-09-20,64.06731414794922,1672500
2017-09-21,64.05167388916016,1168200
2017-09-22,64.11420440673828,1394100
2017-09-25,64.25485229492188,2626100
2017-09-26,64.2236099243164,1446500
2017-09-27,64.02825927734375,1511900
2017-09-28,64.04385375976562,1198400
2017-09-29,64.05167388916016,3001200
2017-10-02,64.02661895751953,3642600
2017-10-03,64.05793762207031,2752100
2017-10-04,64.05793762207031,2616700
2017-10-05,64.01095581054688,2859800
2017-10-06,63.94047927856445,1860000
2017-10-09,64.00314331054688,987800
2017-10-10,64.03441619873047,4719400
2017-10-11,64.06575775146484,1249500
2017-10-12,64.12060546875,1723400
2017-10-13,64.25373840332031,1772800
2017-10-16,64.19104766845703,1471500
2017-10-17,64.19888305664062,1381100
2017-10-18,64.09712219238281,1522900
2017-10-19,64.12840270996094,1515800
2017-10-20,63.9718017578125,1935600
2017-10-23,64.02661895751953,2649700
2017-10-24,63.91704177856445,2287200
2017-10-25,63.8621940612793,1576700
2017-10-26,63.78388214111328,1915600
2017-10-27,63.9248046875,1734400
2017-10-30,64.07361602783203,1542600
2017-10-31,64.03441619873047,1977100
2017-11-01,64.07603454589844,1596000
2017-11-02,64.13883209228516,2373200
2017-11-03,64.19376373291016,1370500
2017-11-06,64.24089050292969,1336700
2017-11-07,64.26435852050781,2450800
2017-11-08,64.21730041503906,2312700
2017-11-09,64.15450286865234,2115800
2017-11-10,63.89554977416992,1724400
2017-11-13,63.903404235839844,1698500
2017-11-14,63.98186492919922,1659300
2017-11-15,64.1309585571289,2859400
2017-11-16,64.0446548461914,1637000
2017-11-17,64.10746765136719,2257700
2017-11-20,64.06818389892578,1528300
2017-11-21,64.12312316894531,1925700
2017-11-22,64.2565689086914,1631900
2017-11-24,64.24089050292969,837000
2017-11-27,64.21730041503906,1516900
2017-11-28,64.21730041503906,1846700
2017-11-29,64.0603256225586,1837400
2017-11-30,63.9661979675293,3044100
2017-12-01,64.13761138916016,2384800
2017-12-04,64.1454849243164,1834000
2017-12-05,64.2240982055664,1763900
2017-12-06,64.29490661621094,1509300
2017-12-07,64.2083969116211,1641000
2017-12-08,64.1847915649414,1368300
2017-12-11,64.13761138916016,1780800
2017-12-12,64.1297378540039,2962800
2017-12-13,64.31062316894531,2095400
2017-12-14,64.3342056274414,1998800
2017-12-15,64.34208679199219,2781800
2017-12-18,64.23983764648438,1946900
2017-12-19,64.04326629638672,3307700
2017-12-20,63.91741943359375,2325500
2017-12-21,63.956722259521484,3103400
2017-12-22,63.988182067871094,2566700
2017-12-26,64.05208587646484,1696400
2017-12-27,64.24915313720703,1708000
2017-12-28,64.20977020263672,2235000
2017-12-29,64.31224822998047,2531500
2018-01-02,64.13095092773438,3104500
2018-01-03,64.18608856201172,2216700
2018-01-04,64.154541015625,2152400
2018-01-05,64.06781768798828,4257400
2018-01-08,64.07569122314453,2587300
2018-01-09,63.88648223876953,2725200
2018-01-10,63.894371032714844,3411400
2018-01-11,63.894371032714844,3381600
2018-01-12,63.88648223876953,2829100
2018-01-16,63.933807373046875,4300500
2018-01-17,63.86286163330078,3674600
2018-01-18,63.7366943359375,2528400
2018-01-19,63.60265350341797,2148300
2018-01-22,63.555328369140625,5473200
2018-01-23,63.720943450927734,2442900
2018-01-24,63.64996337890625,1709700
2018-01-25,63.82341003417969,2537700
2018-01-26,63.70516586303711,1590200
2018-01-29,63.618438720703125,2219700
2018-01-30,63.50015640258789,2735100
2018-01-31,63.51592254638672,3082600
2018-02-01,63.33974075317383,2814300
2018-02-02,63.15009689331055,3137600
2018-02-05,63.42659378051758,4349200
2018-02-06,63.2212028503418,3891500
2018-02-07,63.0789680480957,3797200
2018-02-08,63.03154754638672,4639800
2018-02-09,62.87353515625,3725500
2018-02-12,62.88929748535156,5336200
2018-02-13,62.94464111328125,2669400
2018-02-14,62.73922348022461,3509700
2018-02-15,62.80242156982422,1981200
2018-02-16,62.93673324584961,1957800
2018-02-20,62.87353515625,2294300
2018-02-21,62.636474609375,2330100
2018-02-22,62.71549987792969,2156000
2018-02-23,62.88143539428711,1660600
2018-02-26,62.913047790527344,2715300
2018-02-27,62.778709411621094,3007200
2018-02-28,62.85773849487305,1947700
2018-03-01,62.964622497558594,2877400
2018-03-02,62.84585189819336,4448000
2018-03-05,62.80624771118164,2229100
2018-03-06,62.829994201660156,1905000
2018-03-07,62.81418228149414,2167700
2018-03-08,62.88546371459961,1479700
2018-03-09,62.80624771118164,2290800
2018-03-12,62.869606018066406,2253900
2018-03-13,62.88546371459961,2471700
2018-03-14,63.02006530761719,1733800
2018-03-15,63.0279541015625,1590100
2018-03-16,62.97254180908203,1492000
2018-03-19,62.92502212524414,1328100
2018-03-20,62.84585189819336,2234600
2018-03-21,62.84585189819336,1760300
2018-03-22,62.94874954223633,2871700
2018-03-23,62.964622497558594,2114500
2018-03-26,62.92502212524414,2303700
2018-03-27,63.138816833496094,1693500
2018-03-28,63.13092041015625,3251800
2018-03-29,63.28925323486328,2157300
2018-04-02,63.28131103515625,2336700
2018-04-03,63.20988082885742,2580800
2018-04-04,63.20988082885742,2226300
2018-04-05,63.12255859375,1978300
2018-04-06,63.28131103515625,2155900
2018-04-09,63.344825744628906,2052000
2018-04-10,63.233680725097656,1854600
2018-04-11,63.28131103515625,1645200
2018-04-12,63.162261962890625,1397700
2018-04-13,63.20988082885742,1461800
2018-04-16,63.21784591674805,1939600
2018-04-17,63.24164962768555,1588500
2018-04-18,63.03521728515625,1721200
2018-04-19,62.88441848754883,1602300
2018-04-20,62.72568130493164,1576600
2018-04-23,62.69392776489258,2263300
2018-04-24,62.5827751159668,2664000
2018-04-25,62.495479583740234,2201300
2018-04-26,62.62245559692383,3297100
2018-04-27,62.71772003173828,1407300
2018-04-30,62.74949264526367,1602900
2018-05-01,62.65242004394531,1410700
2018-05-02,62.660404205322266,1434000
2018-05-03,62.716102600097656,1477700
2018-05-04,62.75583267211914,1342100
2018-05-07,62.724037170410156,1634400
2018-05-08,62.676300048828125,1380900
2018-05-09,62.60474395751953,2260900
2018-05-10,62.731998443603516,1695500
2018-05-11,62.79560852050781,1457800
2018-05-14,62.716102600097656,1519500
2018-05-15,62.42168426513672,1602600
2018-05-16,62.37400436401367,2201300
2018-05-17,62.318275451660156,2036000
2018-05-18,62.485347747802734,1539700
2018-05-21,62.485347747802734,1254900
2018-05-22,62.50123977661133,2225800
2018-05-23,62.69221496582031,1177200
2018-05-24,62.81950759887695,1209400
2018-05-25,62.95475387573242,1039500
2018-05-29,63.392303466796875,2414400
2018-05-30,63.20139694213867,3549700
2018-05-31,63.1775016784668,4272100
2018-06-01,63.21665954589844,3442400
2018-06-04,63.08080291748047,2272100
2018-06-05,63.13672637939453,2760500
2018-06-06,62.96088409423828,2624600
2018-06-07,63.12076187133789,3290700
2018-06-08,63.040828704833984,1977000
2018-06-11,62.98487854003906,1725200
2018-06-12,62.97689437866211,1850400
2018-06-13,62.93692398071289,1542800
2018-06-14,63.07280731201172,3920100
2018-06-15,63.08080291748047,1827800
2018-06-18,63.08080291748047,3510300
2018-06-19,63.18471908569336,2767100
2018-06-20,63.040828704833984,2102200
2018-06-21,63.07280731201172,2695400
2018-06-22,63.11278533935547,1509900
2018-06-25,63.104801177978516,4554800
2018-06-26,63.20865249633789,1670800
2018-06-27,63.36053466796875,1762700
2018-06-28,63.31256866455078,1266500
2018-06-29,63.296600341796875,1419000
2018-07-02,63.25736999511719,1800600
2018-07-03,63.38554000854492,1121900
2018-07-05,63.47370147705078,1991900
2018-07-06,63.54578399658203,1331800
2018-07-09,63.48965835571289,1556600
2018-07-10,63.449642181396484,1661500
2018-07-11,63.48168182373047,3750100
2018-07-12,63.52971267700195,1807800
2018-07-13,63.585845947265625,4071900
2018-07-16,63.49768829345703,1688000
2018-07-17,63.47370147705078,2432200
2018-07-18,63.44160079956055,2182900
2018-07-19,63.561771392822266,1990100
2018-07-20,63.41758728027344,1607800
2018-07-23,63.21731185913086,1427200
2018-07-24,63.313438415527344,1811100
2018-07-25,63.313438415527344,2075200
2018-07-26,63.313438415527344,0
2018-07-27,63.29743957519531,1376600
2018-07-30,63.22533416748047,2115400
2018-07-31,63.273372650146484,3328200
2018-08-01,63.238853454589844,3168600
2018-08-02,63.27096176147461,2817700
2018-08-03,63.407470703125,2711600
2018-08-06,63.46367263793945,2083800
2018-08-07,63.35126495361328,1886900
2018-08-08,63.3351936340332,2101300
2018-08-09,63.45563507080078,2603800
2018-08-10,63.58412170410156,2414900
2018-08-13,63.59218978881836,3315700
2018-08-14,63.552032470703125,2692700
2018-08-15,63.624290466308594,3051300
2018-08-16,63.65641784667969,2226900
2018-08-17,63.72871017456055,1018100
2018-08-20,63.80900573730469,2473200
2018-08-21,63.77688980102539,1883300
2018-08-22,63.817012786865234,2025500
2018-08-23,63.817012786865234,1447500
2018-08-24,63.84912109375,1845300
2018-08-27,63.76884460449219,2340800
2018-08-28,63.67247009277344,2375800
2018-08-29,63.63235092163086,1560100
2018-08-30,63.680484771728516,1157400
2018-08-31,63.69658279418945,2888300
2018-09-04,63.59836959838867,2400700
2018-09-05,63.61445617675781,2558000
2018-09-06,63.7110710144043,2133300
2018-09-07,63.509830474853516,2481100
2018-09-10,63.55009078979492,1464300
2018-09-11,63.413238525390625,1496800
2018-09-12,63.46152114868164,1088400
2018-09-13,63.501766204833984,1723800
2018-09-14,63.39717102050781,3196000
2018-09-17,63.38907241821289,2375200
2018-09-18,63.24421310424805,2504000
2018-09-19,63.14759826660156,1968700
2018-09-20,63.22809600830078,2297700
2018-09-21,63.268306732177734,1750600
2018-09-24,63.18785095214844,2915800
2018-09-25,63.139549255371094,1698200
2018-09-26,63.300537109375,1831100
2018-09-27,63.348819732666016,1374700
2018-09-28,63.348819732666016,2577700
2018-10-01,63.230224609375,2853300
2018-10-02,63.343177795410156,2597600
2018-10-03,63.02043151855469,2300300
2018-10-04,62.859100341796875,3221400
2018-10-05,62.74617004394531,2299100
2018-10-08,62.72196960449219,1885400
2018-10-09,62.84299087524414,4273200
2018-10-10,62.794559478759766,2813100
2018-10-11,62.97203826904297,3245600
2018-10-12,62.955894470214844,2365700
2018-10-15,62.93978500366211,2077800
2018-10-16,62.988182067871094,2367000
2018-10-17,62.87520980834961,1877300
2018-10-18,62.83485412597656,1681500
2018-10-19,62.80262756347656,1716700
2018-10-22,62.77840805053711,1520000
2018-10-23,62.86717987060547,1934300
2018-10-24,63.03660202026367,1615500
2018-10-25,62.9640007019043,1981000
2018-10-26,63.07694625854492,2224400
2018-10-29,63.02043151855469,1900700
2018-10-30,62.93171691894531,2546300
2018-10-31,62.80262756347656,6206300
2018-11-01,62.919105529785156,3784100
2018-11-02,62.68452835083008,2024600
2018-11-05,62.7330322265625,1858900
2018-11-06,62.724971771240234,2024700
2018-11-07,62.781551361083984,2673700
2018-11-08,62.67644119262695,2233100
2018-11-09,62.830116271972656,1697200
2018-11-12,62.927146911621094,1067200
2018-11-13,62.894840240478516,2735900
2018-11-14,62.9433479309082,2905100
2018-11-15,62.95145797729492,2557800
2018-11-16,63.08894729614258,1811300
2018-11-19,63.08894729614258,2495900
2018-11-20,63.048492431640625,1891300
2018-11-21,63.113189697265625,3871300
2018-11-23,63.105125427246094,644500
2018-11-26,63.05657958984375,1520500
2018-11-27,63.097042083740234,2563100
2018-11-28,63.1293830871582,2217500
2018-11-29,63.177879333496094,2395900
2018-11-30,63.202144622802734,2181200
2018-12-03,63.30110168457031,2187500
2018-12-04,63.4551887512207,3204700
2018-12-06,63.56869125366211,4447800
2018-12-07,63.698402404785156,3806000
2018-12-10,63.76328659057617,2712100
2018-12-11,63.771385192871094,4157200
2018-12-12,63.7065315246582,2662400
2018-12-13,63.755157470703125,2587600
2018-12-14,63.81190872192383,3490600
2018-12-17,63.93356704711914,2924300
2018-12-18,64.03083801269531,3210700
2018-12-19,64.14436340332031,3117500
2018-12-20,64.0551528930664,3451000
2018-12-21,64.0551528930664,4516100
2018-12-24,64.06981658935547,6031000
2018-12-26,63.931617736816406,5912400
2018-12-27,64.06981658935547,2751800
2018-12-28,64.22425079345703,3495100
2018-12-31,64.38678741455078,5651100
2019-01-02,64.51688385009766,4142500
2019-01-03,64.76886749267578,4908400
2019-01-04,64.57378387451172,4583600
2019-01-07,64.47625732421875,4121700
2019-01-08,64.39492797851562,1745400
2019-01-09,64.48435974121094,1989600
2019-01-10,64.35435485839844,2579900
2019-01-11,64.48435974121094,3097100
2019-01-14,64.42745208740234,2395700
2019-01-15,64.43559265136719,1742900
2019-01-16,64.45999908447266,1697700
2019-01-17,64.38678741455078,2394700
2019-01-18,64.33806610107422,3722400
2019-01-22,64.45185852050781,3917700
2019-01-23,64.51688385009766,2536100
2019-01-24,64.65508270263672,2700300
2019-01-25,64.58191680908203,2073100
2019-01-28,64.60628509521484,2938200
2019-01-29,64.73632049560547,1772300
2019-01-30,64.80137634277344,2961400
2019-01-31,65.10211181640625,3698100
2019-02-01,64.92121124267578,3335000
2019-02-04,64.86421203613281,4078600
2019-02-05,65.00274658203125,2400300
2019-02-06,64.97827911376953,2724700
2019-02-07,65.02717590332031,2474700
2019-02-08,65.12496185302734,1538700
2019-02-11,65.10050201416016,2600900
2019-02-12,65.09239196777344,1541200
2019-02-13,64.99459838867188,1631600
2019-02-14,65.108642578125,1895800
2019-02-15,65.13314056396484,1917900
2019-02-19,65.190185546875,3792100
2019-02-20,65.16569519042969,1768400
2019-02-21,65.03534698486328,3411400
2019-02-22,65.1820068359375,1936600
2019-02-25,65.15755462646484,2244600
2019-02-26,65.24717712402344,1405200
2019-02-27,65.11682891845703,1323000
2019-02-28,65.04344940185547,4028500
2019-03-01,64.8425521850586,3035000
2019-03-04,64.95692443847656,2531300
2019-03-05,65.00587463378906,1924500
2019-03-06,65.08756256103516,1629000
2019-03-07,65.27545166015625,2322200
2019-03-08,65.35709381103516,4388500
2019-03-11,65.32447814941406,1891100
2019-03-12,65.47960662841797,1958500
2019-03-13,65.44692993164062,1318600
2019-03-14,65.3897933959961,4058400
2019-03-15,65.51229095458984,1639300
2019-03-18,65.47145080566406,5344200
2019-03-19,65.43875122070312,2702400
2019-03-20,65.72463989257812,2528700
2019-03-21,65.740966796875,1980500
2019-03-22,66.10039520263672,2734000
2019-03-25,66.18203735351562,2034000
2019-03-26,66.19835662841797,3527200
2019-03-27,66.32089233398438,2121900
2019-03-28,66.3535385131836,1818300
2019-03-29,66.3045425415039,1937000
2019-04-01,66.04255676269531,4106700
2019-04-02,66.07527923583984,6305600
2019-04-03,65.9852294921875,2177300
2019-04-04,66.05074310302734,1586000
2019-04-05,66.09989166259766,2131700
2019-04-08,66.03435516357422,3794200
2019-04-09,66.1325912475586,1919100
2019-04-10,66.22265625,3414300
2019-04-11,66.10804748535156,2641800
2019-04-12,65.9852294921875,1821800
2019-04-15,66.0015869140625,1671300
2019-04-16,65.8869400024414,2002000
2019-04-17,65.8869400024414,1797500
2019-04-18,65.9770278930664,1604600
2019-04-22,65.91153717041016,1840100
2019-04-23,66.026123046875,2643500
2019-04-24,66.19810485839844,1370500
2019-04-25,66.18170928955078,1238100
2019-04-26,66.32913208007812,1622500
2019-04-29,66.18992614746094,1737800
2019-04-30,66.28816223144531,2376200
2019-05-01,66.29228210449219,2035300
2019-05-02,66.14454650878906,2061100
2019-05-03,66.26765441894531,1877500
2019-05-06,66.34972381591797,2261500
2019-05-07,66.4482192993164,3223200
2019-05-08,66.39897918701172,4750500
2019-05-09,66.46463775634766,1926100
2019-05-10,66.45641326904297,4679900
2019-05-13,66.59593963623047,3427000
2019-05-14,66.63699340820312,4478100
2019-05-15,66.7354736328125,1940900
2019-05-16,66.63699340820312,1862700
2019-05-17,66.65337371826172,1615200
2019-05-20,66.57129669189453,2188000
2019-05-21,66.53849029541016,1747000
2019-05-22,66.66159057617188,4000500
2019-05-23,66.89959716796875,5334000
2019-05-24,66.89959716796875,1770100
2019-05-28,67.03917694091797,1910600
2019-05-29,67.0227279663086,3142700
2019-05-30,67.20333099365234,2253600
2019-05-31,67.49878692626953,5898700
2019-06-03,67.69047546386719,3787000
2019-06-04,67.57530975341797,2906700
2019-06-05,67.57530975341797,7341700
2019-06-06,67.55879211425781,2995300
2019-06-07,67.73982238769531,2490100
2019-06-10,67.59996795654297,2417400
2019-06-11,67.55059814453125,3362100
2019-06-12,67.66575622558594,1904400
2019-06-13,67.78094482421875,1946300
2019-06-14,67.78919219970703,2260700
2019-06-17,67.78919219970703,2792600
2019-06-18,67.94552612304688,3342000
2019-06-19,68.17587280273438,2496900
2019-06-20,68.28282928466797,2171600
2019-06-21,68.09358978271484,2398100
2019-06-24,68.21699523925781,2803800
2019-06-25,68.2416763305664,2699800
2019-06-26,68.08533477783203,2195800
2019-06-27,68.28282928466797,2021400
2019-06-28,68.34040832519531,2554600
2019-07-01,68.33546447753906,2354400
2019-07-02,68.46735382080078,3127100
2019-07-03,68.59109497070312,1720800
2019-07-05,68.26947021484375,2356800
2019-07-08,68.26124572753906,1761500
2019-07-09,68.17052459716797,1839400
2019-07-10,68.22828674316406,2097200
2019-07-11,68.00560760498047,3024100
2019-07-12,68.06332397460938,2265000
2019-07-15,68.16226196289062,2245900
2019-07-16,68.07156372070312,2294100
2019-07-17,68.27770233154297,2062300
2019-07-18,68.40142059326172,3323200
2019-07-19,68.32716369628906,2167300
2019-07-22,68.40142059326172,1725500
2019-07-23,68.34370422363281,1799600
2019-07-24,68.40963745117188,2535800
2019-07-25,68.33546447753906,2199000
2019-07-26,68.33546447753906,2413500
2019-07-29,68.3766860961914,1771900
2019-07-30,68.3602066040039,1968800
2019-07-31,68.4426498413086,2628700
2019-08-01,68.93280029296875,3278400
2019-08-02,68.9989013671875,5392400
2019-08-05,69.29645538330078,4284300
2019-08-06,69.47002410888672,4939700
2019-08-07,69.47002410888672,5516400
2019-08-08,69.52786254882812,3244200
2019-08-09,69.40388488769531,2832800
2019-08-12,69.70970916748047,3008000
2019-08-13,69.60228729248047,3299800
2019-08-14,69.8502426147461,3395400
2019-08-15,70.18907928466797,4358100
2019-08-16,70.11473846435547,3913600
2019-08-19,69.89155578613281,3640100
2019-08-20,70.0733642578125,2568100
2019-08-21,70.04033660888672,2532300
2019-08-22,69.90809631347656,3232600
2019-08-23,70.16432189941406,3100100
2019-08-26,70.12298583984375,2358800
2019-08-27,70.36267852783203,2450800
2019-08-28,70.38748931884766,3352400
2019-08-29,70.34615325927734,2812400
2019-08-30,70.3378677368164,2861800
2019-09-03,70.40249633789062,3345800
2019-09-04,70.53504180908203,2864100
2019-09-05,70.1705551147461,3162800
2019-09-06,70.25337219238281,2764600
2019-09-09,69.93030548095703,2618400
2019-09-10,69.57412719726562,2425900
2019-09-11,69.53272247314453,2030200
2019-09-12,69.4001235961914,3025200
2019-09-13,69.00254821777344,3111300
2019-09-16,69.18482971191406,2971000
2019-09-17,69.34220123291016,2974900
2019-09-18,69.39192199707031,2557800
2019-09-19,69.49129486083984,2631100
2019-09-20,69.73982238769531,2436700
2019-09-23,69.78947448730469,2365800
2019-09-24,70.02973175048828,3043500
2019-09-25,69.6983871459961,3009500
2019-09-26,69.81432342529297,2909900
2019-09-27,69.88890838623047,2778400
2019-09-30,69.93861389160156,5258400
2019-10-01,70.00666809082031,5383100
2019-10-02,70.1644058227539,3741400
2019-10-03,70.39688110351562,3149600
2019-10-04,70.51304626464844,3309600
2019-10-07,70.3304443359375,4701400
2019-10-08,70.36366271972656,3876100
2019-10-09,70.2806396484375,3187900
2019-10-10,70.06478118896484,3683300
2019-10-11,69.80744934082031,3411200
2019-10-14,69.92366027832031,1600400
2019-10-15,69.74105834960938,2408500
2019-10-16,69.81575775146484,2549900
2019-10-17,69.81575775146484,2420600
2019-10-18,69.84895324707031,2467600
2019-10-21,69.68292999267578,2328000
2019-10-22,69.80744934082031,4545600
2019-10-23,69.84066009521484,4250400
2019-10-24,69.84895324707031,2353700
2019-10-25,69.73275756835938,2157500
2019-10-28,69.58333587646484,2861600
2019-10-29,69.59992218017578,2729800
2019-10-30,69.82401275634766,2831800
2019-10-31,70.15611267089844,3058400
2019-11-01,70.09367370605469,2771900
2019-11-04,69.8940658569336,2444500
2019-11-05,69.65279388427734,2890600
2019-11-06,69.80252075195312,3147000
2019-11-07,69.44477081298828,3767100
2019-11-08,69.37823486328125,2130600
2019-11-11,69.4197998046875,1926100
2019-11-12,69.46141052246094,3072600
2019-11-13,69.58621215820312,2690800
2019-11-14,69.78591918945312,2299700
2019-11-15,69.76093292236328,2342200
2019-11-18,69.86073303222656,3553000
2019-11-19,69.93565368652344,3712600
2019-11-20,70.1269760131836,4924100
2019-11-21,70.0105209350586,2779600
2019-11-22,70.05211639404297,3119700
2019-11-25,70.11864471435547,3444700
2019-11-26,70.23513793945312,3207400
2019-11-27,70.1269760131836,2293000
2019-11-29,70.1269760131836,2535100
2019-12-02,69.94357299804688,3745800
2019-12-03,70.3187255859375,3393600
2019-12-04,70.17701721191406,3876800
2019-12-05,70.10199737548828,2850000
2019-12-06,70.0102310180664,4121700
2019-12-09,70.02696228027344,2795100
2019-12-10,69.97691345214844,2700500
2019-12-11,70.21036529541016,2581800
2019-12-12,69.87691497802734,4645900
2019-12-13,70.19368743896484,3877700
2019-12-16,70.00192260742188,2876500
2019-12-17,70.0102310180664,3282700
2019-12-18,69.91850280761719,3786100
2019-12-19,69.96858215332031,3240600
2019-12-20,69.98526763916016,3646300
2019-12-23,69.94097900390625,4192500
2019-12-24,70.00779724121094,1682800
2019-12-26,70.0746078491211,2036400
2019-12-27,70.17491912841797,1940300
2019-12-30,70.14984893798828,2562000
2019-12-31,70.0746078491211,5931300
2020-01-02,70.16658782958984,5511000
2020-01-03,70.41724395751953,5368300
2020-01-06,70.33370971679688,3710400
2020-01-07,70.27518463134766,3029900
2020-01-08,70.16658782958984,3674400
2020-01-09,70.2501220703125,5886600
2020-01-10,70.36709594726562,4525700
2020-01-13,70.32537841796875,3735700
2020-01-14,70.42562103271484,3492300
2020-01-15,70.53426361083984,2594300
2020-01-16,70.49246978759766,4784100
2020-01-17,70.48414611816406,3090600
2020-01-21,70.65962219238281,2910600
2020-01-22,70.71810150146484,4192100
2020-01-23,70.84341430664062,3104800
2020-01-24,70.95205688476562,4548400
2020-01-27,71.18600463867188,3208600
2020-01-28,71.06066131591797,3993400
2020-01-29,71.26124572753906,4177500
2020-01-30,71.27796173095703,4795700
2020-01-31,71.46178436279297,6264000
2020-02-03,71.39732360839844,6030800
2020-02-04,71.17959594726562,4180900
2020-02-05,71.06233215332031,3537200
2020-02-06,71.12935638427734,3435700
2020-02-07,71.34703063964844,4169700
2020-02-10,71.45587921142578,2785500
2020-02-11,71.33870697021484,3799400
2020-02-12,71.25495910644531,4127500
2020-02-13,71.32194519042969,2852500
2020-02-14,71.39732360839844,3069000
2020-02-18,71.50617980957031,3645200
2020-02-19,71.49781036376953,3109600
2020-02-20,71.67365264892578,8404000
2020-02-21,71.8495101928711,6561500
2020-02-24,72.07557678222656,6314500
2020-02-25,72.13420867919922,7928900
2020-02-26,72.09236145019531,8015900
2020-02-27,72.17610168457031,9514600
2020-02-28,72.6534194946289,16377200
2020-03-02,72.60557556152344,10154400
2020-03-03,73.04191589355469,9323900
2020-03-04,73.02513885498047,7445600
2020-03-05,73.30203247070312,5385000
2020-03-06,73.80547332763672,10176200
2020-03-09,73.64603424072266,12445600
2020-03-10,72.65593719482422,14177600
2020-03-11,71.27984619140625,10511600
2020-03-12,67.40328979492188,16986900
2020-03-13,70.24779510498047,14137500
2020-03-16,70.98619079589844,8411000
2020-03-17,69.51777648925781,13629700
2020-03-18,67.839599609375,10076800
2020-03-19,67.79769897460938,11007200
2020-03-20,68.94721984863281,8864500
2020-03-23,70.47432708740234,10973300
2020-03-24,70.54988098144531,9371200
2020-03-25,71.49803161621094,9655500
2020-03-26,71.82523345947266,10803800
2020-03-27,72.21119689941406,4975200
2020-03-30,72.28672790527344,6030800
2020-03-31,71.61548614501953,8523900
2020-04-01,71.98550415039062,5995000
2020-04-02,72.32188415527344,6356100
2020-04-03,72.28826141357422,4151200
2020-04-06,72.51530456542969,4373100
2020-04-07,72.58255004882812,6009600
2020-04-08,72.76754760742188,4572300
2020-04-09,73.56652069091797,5070700
2020-04-13,73.33101654052734,7018100
2020-04-14,73.33101654052734,5818300
2020-04-15,73.692626953125,3922500
2020-04-16,73.73467254638672,3459600
2020-04-17,73.63373565673828,3528300
2020-04-20,73.51600646972656,3705200
2020-04-21,73.6085205078125,4513000
2020-04-22,73.54965209960938,3240100
2020-04-23,73.66742706298828,2587200
2020-04-24,73.6421890258789,2272600
2020-04-27,73.38147735595703,3117300
2020-04-28,73.60013580322266,3118800
2020-04-29,73.65059661865234,4867500
2020-04-30,73.59172058105469,5390100
2020-05-01,73.56139373779297,4857100
2020-05-04,73.63719940185547,7276600
2020-05-05,73.56983184814453,3625600
2020-05-06,73.24117279052734,5006600
2020-05-07,73.47711181640625,3425600
2020-05-08,73.2664566040039,3078900
2020-05-11,73.03895568847656,4344300
2020-05-12,73.27488708496094,3942700
2020-05-13,73.3591537475586,2628900
2020-05-14,73.56139373779297,2844700
2020-05-15,73.60352325439453,2871300
2020-05-18,73.46868133544922,3573700
2020-05-19,73.56139373779297,3083000
2020-05-20,73.75517272949219,4388600
2020-05-21,73.8310317993164,5762200
2020-05-22,73.85627746582031,3710300
2020-05-26,73.81416320800781,5193900
2020-05-27,73.84788513183594,7606400
2020-05-28,73.87316131591797,7381900
2020-05-29,74.08380889892578,6196500
2020-06-01,74.02387237548828,4345600
2020-06-02,74.08294677734375,5445500
2020-06-03,73.91410064697266,5036400
2020-06-04,73.73680114746094,6341700
2020-06-05,73.72838592529297,6465600
2020-06-08,73.80433654785156,4491000
2020-06-09,73.85502624511719,5445200
2020-06-10,74.16739654541016,3951600
2020-06-11,74.03231048583984,5026500
2020-06-12,74.10828399658203,4087300
2020-06-15,74.26026916503906,4486100
2020-06-16,74.16739654541016,9338500
2020-06-17,74.18425750732422,3900300
2020-06-18,74.26869201660156,2988600
2020-06-19,74.29402160644531,2606400
2020-06-22,74.26869201660156,3048400
2020-06-23,74.23493957519531,3037100
2020-06-24,74.2433853149414,3256700
2020-06-25,74.3193588256836,4318400
2020-06-26,74.4544448852539,2911700
2020-06-29,74.50508117675781,3047300
2020-06-30,74.5810775756836,5405900
2020-07-01,74.59966278076172,3569200
2020-07-02,74.71808624267578,4007000
2020-07-06,74.6927261352539,4026800
2020-07-07,74.81111145019531,3300800
2020-07-08,74.76885986328125,2908100
2020-07-09,74.97183227539062,3189700
2020-07-10,74.88727569580078,2960500
2020-07-13,74.92108917236328,3115800
2020-07-14,75.01412200927734,3067300
2020-07-15,75.02256774902344,3349900
2020-07-16,75.0733413696289,2856100
2020-07-17,75.14944458007812,2430300
2020-07-20,75.22555541992188,2771000
2020-07-21,75.26787567138672,3044700
2020-07-22,75.36935424804688,5609100
2020-07-23,75.43701934814453,4394900
2020-07-24,75.42009735107422,2980400
2020-07-27,75.36935424804688,5146900
2020-07-28,75.40316772460938,5547800
2020-07-29,75.52159118652344,3136200
2020-07-30,75.56391143798828,2621100
2020-07-31,75.6654052734375,5110000
2020-08-03,75.63909912109375,6270000
2020-08-04,75.80012512207031,5325100
2020-08-05,75.69845581054688,4931500
2020-08-06,75.8170394897461,3933400
2020-08-07,75.73233032226562,3764400
2020-08-10,75.64757537841797,3708400
2020-08-11,75.38493347167969,8125700
2020-08-12,75.19002532958984,4530800
2020-08-13,74.94430541992188,3969800
2020-08-14,74.85958862304688,3454400
2020-08-17,74.95281219482422,3995400
2020-08-18,75.05448150634766,6371100
2020-08-19,74.9273681640625,4628100
2020-08-20,75.05448150634766,4623400
2020-08-21,75.21546936035156,3642100
2020-08-24,75.13072967529297,2960400
2020-08-25,74.9867172241211,4830800
2020-08-26,74.94430541992188,4853800
2020-08-27,74.67317962646484,5125700
2020-08-28,74.73249816894531,4281200
2020-08-31,74.95281219482422,16000300
2020-09-01,75.1590576171875,7201700
2020-09-02,75.3203125,5054900
2020-09-03,75.32880401611328,7543900
2020-09-04,74.88743591308594,6588300
2020-09-08,74.99778747558594,4440300
2020-09-09,74.94686889648438,6048200
2020-09-10,74.96380615234375,5331800
2020-09-11,75.04022216796875,5301400
2020-09-14,75.04022216796875,4256400
2020-09-15,75.08268737792969,3746900
2020-09-16,75.06565856933594,4851800
2020-09-17,75.06565856933594,2815400
2020-09-18,74.98079681396484,2938800
2020-09-21,75.02324676513672,4981500
2020-09-22,75.0487289428711,4442200
2020-09-23,74.87897491455078,4659600
2020-09-24,74.88743591308594,4225900
2020-09-25,74.87897491455078,5602600
2020-09-28,74.94686889648438,4215100
2020-09-29,74.99778747558594,7929700
2020-09-30,74.87897491455078,6113600
2020-10-01,74.95549011230469,4485900
2020-10-02,74.90444946289062,5557100
2020-10-05,74.62389373779297,6298400
2020-10-06,74.72589111328125,5705900
2020-10-07,74.62389373779297,3494600
2020-10-08,74.7514419555664,5661600
2020-10-09,74.76844787597656,4105000
2020-10-12,74.87896728515625,3383500
2020-10-13,74.93848419189453,4121100
2020-10-14,74.9809799194336,6966400
2020-10-15,74.93848419189453,3877900
2020-10-16,74.87896728515625,3424500
2020-10-19,74.81097412109375,5206600
2020-10-20,74.68342590332031,4652700
2020-10-21,74.59839630126953,4115700
2020-10-22,74.47081756591797,5036700
2020-10-23,74.5643539428711,3237300
2020-10-26,74.67489624023438,4177000
2020-10-27,74.85343170166016,3293100
2020-10-28,74.7514419555664,4766400
2020-10-29,74.58985900878906,4200700
2020-10-30,74.4623794555664,9731400
2020-11-02,74.56539916992188,4021200
2020-11-03,74.54837799072266,3985400
2020-11-04,75.05939483642578,5667400
2020-11-05,75.13604736328125,4128700
2020-11-06,74.9656982421875,3844500
2020-11-09,74.61648559570312,5712700
2020-11-10,74.47171020507812,5169600
2020-11-11,74.5228271484375,3365700
2020-11-12,74.76982116699219,4178500
2020-11-13,74.79534912109375,3199500
2020-11-16,74.83792877197266,4059400
2020-11-17,74.9656982421875,5537500
2020-11-18,75.05085754394531,6089500
2020-11-19,75.20417785644531,6207000
2020-11-20,75.27228546142578,6611300
2020-11-23,75.21265411376953,3506600
2020-11-24,75.13604736328125,4678800
2020-11-25,75.10193634033203,5282000
2020-11-27,75.26377868652344,2226300
2020-11-30,75.3659896850586,4729900
2020-12-01,75.13821411132812,7331400
2020-12-02,75.01025390625,4631300
2020-12-03,75.15526580810547,3685300
2020-12-04,74.95906829833984,4880200
2020-12-07,75.06148529052734,4734800
2020-12-08,75.08702850341797,3737300
2020-12-09,74.95906829833984,5163900
2020-12-10,75.11263275146484,4731400
2020-12-11,75.2320785522461,5317100
2020-12-14,75.20645141601562,5176800
2020-12-15,75.24058532714844,6539900
2020-12-16,75.16383361816406,4186700
2020-12-17,75.18089294433594,4963600
2020-12-18,75.15526580810547,3472700
2020-12-21,75.16383361816406,5364200
2020-12-22,75.28326416015625,4697300
2020-12-23,75.19847869873047,5643700
2020-12-24,75.3269271850586,1980900
2020-12-28,75.30122375488281,4706500
2020-12-29,75.3269271850586,4884800
2020-12-30,75.37825775146484,3609800
2020-12-31,75.48094940185547,6134900
2021-01-04,75.37825775146484,7568400
2021-01-05,75.24984741210938,6452700
2021-01-06,74.91609954833984,5933700
2021-01-07,74.76200103759766,6196100
2021-01-08,74.69353485107422,7688800
2021-01-11,74.61647033691406,5404300
2021-01-12,74.59934997558594,6078800
2021-01-13,74.79622650146484,7357100
2021-01-14,74.70210266113281,7191900
2021-01-15,74.76200103759766,4083600
2021-01-19,74.86473083496094,7636500
2021-01-20,74.85615539550781,5889500
2021-01-21,74.75345611572266,7890800
2021-01-22,74.78765106201172,4439800
2021-01-25,74.95890045166016,5126900
2021-01-26,74.95032501220703,4608700
2021-01-27,74.95032501220703,4248500
2021-01-28,74.89036560058594,4359300
2021-01-29,74.8304443359375,6088400
2021-02-01,74.85533142089844,5774700
2021-02-02,74.76103210449219,4554500
2021-02-03,74.6324462890625,4271700
2021-02-04,74.64958953857422,4652200
2021-02-05,74.5467300415039,4401300
2021-02-08,74.6324462890625,5571500
2021-02-09,74.59814453125,4474000
2021-02-10,74.71814727783203,3735500
2021-02-11,74.64102172851562,4578200
2021-02-12,74.44387817382812,4825400
2021-02-16,74.09236907958984,6702200
2021-02-17,74.2466812133789,5217000
2021-02-18,74.20381927490234,4607000
2021-02-19,73.94666290283203,4011100
2021-02-22,73.74090576171875,4809400
2021-02-23,73.72373962402344,6475900
2021-02-24,73.68091583251953,5164600
2021-02-25,73.0379638671875,9956100
2021-02-26,73.67231750488281,8580200
2021-03-01,73.5770263671875,7152000
2021-03-02,73.5684585571289,5338800
2021-03-03,73.33661651611328,6022500
2021-03-04,73.10484313964844,9701800
2021-03-05,73.0618896484375,6871000
2021-03-08,72.72708892822266,5806700
2021-03-09,72.96747589111328,7671800
2021-03-10,73.10484313964844,5286700
2021-03-11,73.1134262084961,5510000
2021-03-12,72.6755599975586,5717100
2021-03-15,72.76144409179688,5012200
2021-03-16,72.75282287597656,6159100
2021-03-17,72.72708892822266,7370600
2021-03-18,72.42659759521484,4905200
2021-03-19,72.4866714477539,4969200
2021-03-22,72.6927261352539,4748300
2021-03-23,72.85584259033203,5148600
2021-03-24,72.96747589111328,5148200
2021-03-25,72.91595458984375,3876300
2021-03-26,72.78717803955078,3376200
2021-03-29,72.6927261352539,3775500
2021-03-30,72.7699966430664,4769200
2021-03-31,72.73565673828125,6949300
2021-04-01,72.96971130371094,4780200
2021-04-05,72.85784912109375,8200600
2021-04-06,73.11597442626953,5400600
2021-04-07,73.02992248535156,5480200
2021-04-08,73.19343566894531,3872300
2021-04-09,73.09879302978516,9748500
2021-04-12,73.08157348632812,3995700
2021-04-13,73.27090454101562,4097500
2021-04-14,73.21925354003906,4592300
2021-04-15,73.52899169921875,5395000
2021-04-16,73.33111572265625,6199700
2021-04-19,73.28809356689453,6165300
2021-04-20,73.40858459472656,6383700
2021-04-21,73.48600769042969,4508300
2021-04-22,73.52043151855469,4007800
2021-04-23,73.52899169921875,6435700
2021-04-26,73.47740936279297,3797400
2021-04-27,73.28809356689453,4450300
2021-04-28,73.32250213623047,5479200
2021-04-29,73.26226806640625,6247600
2021-04-30,73.36555480957031,6867600
2021-05-03,73.38363647460938,4601200
2021-05-04,73.47845458984375,5520300
2021-05-05,73.52153015136719,5950300
2021-05-06,73.5560073852539,4143600
2021-05-07,73.56462860107422,4886300
2021-05-10,73.39228820800781,6211800
2021-05-11,73.2457275390625,6630800
2021-05-12,72.9872055053711,7011700
2021-05-13,73.13372802734375,6991000
2021-05-14,73.30606079101562,6262100
2021-05-17,73.23711395263672,4753000
2021-05-18,73.1595687866211,4631000
2021-05-19,73.08197784423828,6511300
2021-05-20,73.32331085205078,5283900
2021-05-21,73.34053039550781,5050800
2021-05-24,73.4267349243164,6954500
2021-05-25,73.61632537841797,5235500
2021-05-26,73.59046173095703,4834400
2021-05-27,73.48703002929688,5215200
2021-05-28,73.47845458984375,5258500
2021-06-01,73.47325134277344,5398000
2021-06-02,73.5509262084961,5479900
2021-06-03,73.412841796875,4829000
2021-06-04,73.70630645751953,19321400
2021-06-07,73.65449523925781,10706500
2021-06-08,73.79263305664062,5099600
2021-06-09,73.93936157226562,4810300
2021-06-10,74.09474182128906,7400300
2021-06-11,74.07746124267578,4194500
2021-06-14,73.88758850097656,4438400
2021-06-15,73.88758850097656,6173600
2021-06-16,73.68042755126953,7302400
2021-06-17,73.93073272705078,6467500
2021-06-18,74.16378784179688,5842800
2021-06-21,73.90482330322266,7907000
2021-06-22,74.00845336914062,4082900
2021-06-23,73.95663452148438,5739900
2021-06-24,73.99114990234375,4852100
2021-06-25,73.85304260253906,6018500
2021-06-28,74.05158233642578,5664100
2021-06-29,74.08609771728516,10672700
2021-06-30,74.13788604736328,4846600
2021-07-01,74.13099670410156,5768000
2021-07-02,74.26066589355469,4315700
2021-07-06,74.52864837646484,5711600
2021-07-07,74.68426513671875,5933900
2021-07-08,74.75341033935547,6991200
2021-07-09,74.52003479003906,10304900
2021-07-12,74.4940414428711,9073900
2021-07-13,74.26066589355469,8583600
2021-07-14,74.51136016845703,5036200
2021-07-15,74.69290924072266,3423000
2021-07-16,74.62374114990234,5725100
2021-07-19,75.04737091064453,6493300
2021-07-20,74.96957397460938,6762200
2021-07-21,74.72749328613281,6293000
2021-07-22,74.89176177978516,4894900
2021-07-23,74.80528259277344,8887500
2021-07-26,74.76206970214844,5427900
2021-07-27,74.9522476196289,4344100
2021-07-28,75.02140808105469,6636700
2021-07-29,74.89176177978516,5201000
2021-07-30,75.00411224365234,7557200
2021-08-02,75.1825180053711,4660800
2021-08-03,75.19979858398438,5297700
2021-08-04,75.19979858398438,3916900
2021-08-05,75.02664947509766,4613800
2021-08-06,74.67166137695312,4329800
2021-08-09,74.53309631347656,4541300
2021-08-10,74.4205322265625,4312300
2021-08-11,74.4725112915039,6494000
2021-08-12,74.48114776611328,4946500
2021-08-13,74.7755355834961,4329600
2021-08-16,74.84481811523438,3918900
2021-08-17,74.76689147949219,7168400
2021-08-18,74.74957275390625,4561900
2021-08-19,74.91403198242188,5345600
2021-08-20,74.89675903320312,3581200
2021-08-23,74.91403198242188,4005500
2021-08-24,74.76689147949219,5164800
2021-08-25,74.6456527709961,3904900
2021-08-26,74.65432739257812,4810900
2021-08-27,74.87079620361328,4780900
2021-08-30,74.95736694335938,4119000
2021-08-31,74.86213684082031,4974900
2021-09-01,74.87512969970703,4792400
2021-09-02,74.97920227050781,4885100
2021-09-03,74.8230972290039,4059700
2021-09-07,74.60629272460938,4839700
2021-09-08,74.72769927978516,4864600
2021-09-09,74.99654388427734,5504600
2021-09-10,74.81442260742188,3711400
2021-09-13,74.92716979980469,4047300
2021-09-14,75.10932922363281,4758300
2021-09-15,75.0398941040039,6204400
2021-09-16,74.9011459350586,4604000
2021-09-17,74.8057632446289,6217800
2021-09-20,75.01387786865234,6195100
2021-09-21,74.99654388427734,6962300
2021-09-22,75.0745849609375,6006200
2021-09-23,74.67566680908203,5222300
2021-09-24,74.51956939697266,4170600
2021-09-27,74.432861328125,4858500
2021-09-28,74.11199188232422,6253700
2021-09-29,74.12063598632812,5123500
2021-09-30,74.10332489013672,5877700
2021-10-01,74.35518646240234,6029900
2021-10-04,74.30306243896484,7280000
2021-10-05,74.12068939208984,4395400
2021-10-06,74.1554183959961,7177800
2021-10-07,73.94698333740234,5363500
2021-10-08,73.76457214355469,4547100
2021-10-11,73.65167236328125,3286600
2021-10-12,73.92093658447266,5529600
2021-10-13,74.12068939208984,5018100
2021-10-14,74.25096893310547,4336400
2021-10-15,74.06855773925781,5801200
2021-10-18,74.025146484375,5863600
2021-10-19,73.81671142578125,3865900
2021-10-20,73.72985076904297,5332400
2021-10-21,73.62562561035156,6073300
2021-10-22,73.78192901611328,6076100
2021-10-25,73.81671142578125,4652500
2021-10-26,73.96434783935547,5752800
2021-10-27,74.23357391357422,7618400
2021-10-28,74.1380615234375,6225800
2021-10-29,74.1554183959961,8975200
2021-11-01,74.09798431396484,5201400
2021-11-02,74.23721313476562,4199400
2021-11-03,74.10671997070312,5058700
2021-11-04,74.44598388671875,5564100
2021-11-05,74.67213439941406,4595900
2021-11-08,74.50688934326172,6517200
2021-11-09,74.71562957763672,6027800
2021-11-10,74.21110534667969,6206400
2021-11-11,74.08927917480469,3847100
2021-11-12,74.09798431396484,4890900
2021-11-15,73.7935562133789,6239500
2021-11-16,73.7413558959961,5580700
2021-11-17,73.89791107177734,6589200
2021-11-18,73.98493957519531,5320700
2021-11-19,74.14151763916016,5498200
2021-11-22,73.77613067626953,7497100
2021-11-23,73.48040008544922,5779500
2021-11-24,73.65435028076172,4757400
2021-11-26,74.17630004882812,4402500
2021-11-29,74.1676025390625,6133000
2021-11-30,74.30680084228516,11234800
2021-12-01,74.3547134399414,7737300
2021-12-02,74.36343383789062,8831600
2021-12-03,74.65094757080078,7440900
2021-12-06,74.45054626464844,6865000
2021-12-07,74.28499603271484,5351200
2021-12-08,74.05846405029297,9064200
2021-12-09,74.09330749511719,8096700
2021-12-10,74.11946105957031,6869100
2021-12-13,74.37214660644531,4955300
2021-12-14,74.25012969970703,5165800
2021-12-15,74.1543197631836,6036000
2021-12-16,74.25012969970703,6067700
2021-12-17,74.38085174560547,4884200
2021-12-20,74.25888061523438,7129100
2021-12-21,74.18045806884766,6237800
2021-12-22,74.25888061523438,5110000
2021-12-23,74.14611053466797,4631200
2021-12-27,74.18106079101562,5311700
2021-12-28,74.17232513427734,5674800
2021-12-29,73.9276123046875,7757900
2021-12-30,74.0936508178711,6352100
2021-12-31,74.07620239257812,7162600
2022-01-03,73.57796478271484,7244300
2022-01-04,73.56924438476562,7384500
2022-01-05,73.31575012207031,7076500
2022-01-06,73.2370834350586,6011000
2022-01-07,73.03604125976562,6345100
2022-01-10,72.97488403320312,5912300
2022-01-11,73.12346649169922,6755600
2022-01-12,73.09723663330078,6672700
2022-01-13,73.21961212158203,5746300
2022-01-14,72.81755065917969,6843000
2022-01-18,72.36306762695312,7453100
2022-01-19,72.537841796875,8644100
2022-01-20,72.61650848388672,4951300
2022-01-21,72.88748931884766,5204500
2022-01-24,72.77386474609375,10332200
2022-01-25,72.67768859863281,5872700
2022-01-26,72.27561950683594,7382500
2022-01-27,72.5116195678711,6295600
2022-01-28,72.59904479980469,5992500
2022-01-31,72.54660034179688,8033400
2022-02-01,72.51770782470703,5013300
2022-02-02,72.6227798461914,7248800
2022-02-03,72.31631469726562,6156500
2022-02-04,71.86982727050781,7746000
2022-02-07,71.93111419677734,6252200
2022-02-08,71.69471740722656,6727000
2022-02-09,71.74726867675781,5862000
2022-02-10,71.09060668945312,8869700
2022-02-11,71.5546646118164,11100900
2022-02-14,71.15192413330078,6301600
2022-02-15,71.00308227539062,6731200
2022-02-16,71.0993881225586,7142400
2022-02-17,71.2569808959961,6833600
2022-02-18,71.37953186035156,4744400
2022-02-22,71.33580017089844,7058800
2022-02-23,70.97683715820312,7938900
2022-02-24,71.13440704345703,8883500
2022-02-25,71.19568634033203,5923200
2022-02-28,71.72102355957031,6494400
2022-03-01,72.09718322753906,9319000
2022-03-02,71.21151733398438,6491500
2022-03-03,71.5272445678711,10349100
2022-03-04,71.78152465820312,8042600
2022-03-07,71.43073272705078,6425400
2022-03-08,71.09754943847656,8565900
2022-03-09,70.90460968017578,5761500
2022-03-10,70.52757263183594,8261200
2022-03-11,70.47494506835938,7883400
2022-03-14,69.8260269165039,15449700
2022-03-15,69.9400405883789,6265000
2022-03-16,70.04528045654297,8156400
2022-03-17,70.10665130615234,6774600
2022-03-18,70.30835723876953,8895700
2022-03-21,69.58929443359375,6831300
2022-03-22,69.41394805908203,6488400
2022-03-23,69.7295913696289,8919400
2022-03-24,69.64188385009766,18907400
2022-03-25,69.0280990600586,21372500
2022-03-28,69.22977447509766,7494000
2022-03-29,69.53671264648438,7308100
2022-03-30,69.69454956054688,7071800
2022-03-31,69.74713897705078,8244200
2022-04-01,69.59595489501953,6326900
2022-04-04,69.64867401123047,9091700
2022-04-05,68.9454345703125,6956300
2022-04-06,68.73446655273438,8649400
2022-04-07,68.59378814697266,9157600
2022-04-08,68.22457885742188,8989600
2022-04-11,67.90812683105469,7858300
2022-04-12,68.12788391113281,8168200
2022-04-13,68.20700073242188,7790300
2022-04-14,67.7411117553711,7046100
2022-04-18,67.5213394165039,7187800
2022-04-19,67.09939575195312,11568000
2022-04-20,67.5213394165039,7366100
2022-04-21,67.16091918945312,7869900
2022-04-22,67.07300567626953,8625100
2022-04-25,67.49492645263672,6091600
2022-04-26,67.67076873779297,8837100
2022-04-27,67.4598159790039,10802000
2022-04-28,67.43343353271484,7644000
2022-04-29,66.97631072998047,7120400
2022-05-02,66.63367462158203,10166700
2022-05-03,66.79224395751953,7769000
2022-05-04,67.22378540039062,12238000
2022-05-05,66.5544662475586,10540000
2022-05-06,66.27262115478516,8803000
2022-05-09,66.5720443725586,7420300
2022-05-10,66.76582336425781,24792700
2022-05-11,66.99478149414062,9843600
2022-05-12,67.12692260742188,6079800
2022-05-13,66.88031005859375,5024800
2022-05-16,66.98599243164062,6104400
2022-05-17,66.58971405029297,5881200
2022-05-18,66.87149047851562,4963300
2022-05-19,67.01239776611328,5461400
2022-05-20,67.2149887084961,6960100
2022-05-23,66.97720336914062,7332900
2022-05-24,67.5232162475586,6587100
2022-05-25,67.79623413085938,5737200
2022-05-26,67.72578430175781,5328400
2022-05-27,67.9195327758789,6355300
2022-05-31,67.53202819824219,9067000
2022-06-01,67.23025512695312,7294600
2022-06-02,67.2920150756836,5276600
2022-06-03,67.19495391845703,5549600
2022-06-06,66.79788208007812,6698000
2022-06-07,67.02727508544922,6989800
2022-06-08,66.75374603271484,3778300
2022-06-09,66.66551971435547,4828500
2022-06-10,66.10077667236328,14690800
2022-06-13,65.0330810546875,11255300
2022-06-14,64.68012237548828,9530100
2022-06-15,65.42131805419922,9098600
2022-06-16,65.5625228881836,8477600
2022-06-17,65.59779357910156,4913600
2022-06-21,65.29777526855469,7069900
2022-06-22,65.83606719970703,8407600
2022-06-23,66.15371704101562,8542600
2022-06-24,66.0301742553711,6979000
2022-06-27,65.71250915527344,6238900
2022-06-28,65.74784851074219,5578800
2022-06-29,66.12723541259766,3896400
2022-06-30,66.40962982177734,4387100
2022-07-01,66.9392318725586,5801800
2022-07-05,67.05416107177734,6253900
2022-07-06,66.64744567871094,5312000
2022-07-07,66.4617691040039,7536700
2022-07-08,66.24077606201172,4187100
2022-07-11,66.48831939697266,4128600
2022-07-12,66.60326385498047,6013700
2022-07-13,66.81543731689453,6382700
2022-07-14,66.60326385498047,5598000
2022-07-15,66.84195709228516,5276400
2022-07-18,66.63861846923828,3438000
2022-07-19,66.5855712890625,3493400
2022-07-20,66.52364349365234,3966900
2022-07-21,67.07185363769531,6832900
2022-07-22,67.62002563476562,6617000
2022-07-25,67.3724594116211,4256200
2022-07-26,67.39015197753906,6964100
2022-07-27,67.5758285522461,5919600
2022-07-28,68.04443359375,5140200
2022-07-29,67.99136352539062,6601700
2022-08-01,68.28636932373047,5370800
2022-08-02,67.59535217285156,10808300
2022-08-03,67.93199920654297,5747700
2022-08-04,68.10034942626953,9869900
2022-08-05,67.32958221435547,8946400
2022-08-08,67.63080596923828,8534700
2022-08-09,67.4802017211914,6888800
2022-08-10,67.66624450683594,4305000
2022-08-11,67.28530883789062,5179500
2022-08-12,67.59535217285156,4376800
2022-08-15,67.66624450683594,3922300
2022-08-16,67.5776596069336,4104000
2022-08-17,67.17899322509766,4131100
2022-08-18,67.3030014038086,4026800
2022-08-19,66.87777709960938,5115800
2022-08-22,66.5765609741211,4158600
2022-08-23,66.54998779296875,6294800
2022-08-24,66.38166809082031,3808600
2022-08-25,66.7448959350586,3688400
2022-08-26,66.61201477050781,4276600
2022-08-29,66.31080627441406,3263800
2022-08-30,66.36392974853516,6878700
2022-08-31,66.08930969238281,5155600
2022-09-01,65.73062896728516,6160700
2022-09-02,65.8993148803711,3600600
2022-09-06,65.30450439453125,6869800
2022-09-07,65.77503204345703,4208300
2022-09-08,65.57083892822266,3580300
2022-09-09,65.54421997070312,3831700
2022-09-12,65.46431732177734,4008200
2022-09-13,65.1358642578125,9481200
2022-09-14,65.21575164794922,4332200
2022-09-15,65.02040100097656,4967200
2022-09-16,64.94940185546875,5050000
2022-09-19,64.90501403808594,6374900
2022-09-20,64.58544158935547,4750500
2022-09-21,64.76297760009766,6360300
2022-09-22,64.09716033935547,5216100
2022-09-23,63.91960144042969,6885400
2022-09-26,63.10283660888672,8658900
2022-09-27,62.82762908935547,9946100
2022-09-28,63.80418395996094,11649700
2022-09-29,63.4756965637207,6100300
2022-09-30,63.324798583984375,8919100
2022-10-03,63.855045318603516,6762600
2022-10-04,64.01521301269531,6124400
2022-10-05,63.67710876464844,7252400
2022-10-06,63.43687057495117,7108400
2022-10-07,63.107704162597656,5023200
2022-10-10,62.822998046875,4950700
2022-10-11,62.840782165527344,9225500
2022-10-12,62.911949157714844,5442000
2022-10-13,62.689537048339844,6668900
2022-10-14,62.38703918457031,6544400
2022-10-17,62.520503997802734,19605200
2022-10-18,62.66282653808594,7008000
2022-10-19,62.14680099487305,6483600
2022-10-20,61.7286262512207,6260900
2022-10-21,61.83540344238281,6984400
2022-10-24,61.74643325805664,7259400
2022-10-25,62.33366394042969,7780900
2022-10-26,62.5827522277832,7001000
2022-10-27,62.911949157714844,5493300
2022-10-28,62.78739547729492,4828800
2022-10-31,62.59164810180664,6785000
2022-11-01,62.65674591064453,7019000
2022-11-02,62.55865478515625,10223800
2022-11-03,62.317893981933594,6408200
2022-11-04,62.33570861816406,8780400
2022-11-07,62.09492874145508,6246100
2022-11-08,62.37138366699219,6358100
2022-11-09,62.460575103759766,7269400
2022-11-10,63.75365447998047,7014100
2022-11-11,63.75365447998047,4525300
2022-11-14,63.548580169677734,6914500
2022-11-15,63.99443435668945,11948800
2022-11-16,64.36009979248047,8856700
2022-11-17,64.09255981445312,6260600
2022-11-18,63.98552322387695,8564600
2022-11-21,63.98552322387695,6834600
2022-11-22,64.31546783447266,9534200
2022-11-23,64.7078628540039,4855000
2022-11-25,64.7078628540039,2536400
2022-11-28,64.62763214111328,5852100
2022-11-29,64.3868179321289,5437600
2022-11-30,64.88622283935547,5479900
2022-12-01,65.4269790649414,7462500
2022-12-02,65.69512939453125,6828300
2022-12-05,65.17670440673828,7552900
2022-12-06,65.39122772216797,7584100
2022-12-07,65.96326446533203,7472500
2022-12-08,65.77554321289062,5378100
2022-12-09,65.39122772216797,12079600
2022-12-12,65.39122772216797,7533500
2022-12-13,65.838134765625,12563900
2022-12-14,65.9990234375,9833900
2022-12-15,66.03475189208984,7800400
2022-12-16,65.86494445800781,6541900
2022-12-19,65.47164916992188,6300000
2022-12-20,65.04261779785156,6130500
2022-12-21,65.19458770751953,8169000
2022-12-22,65.18566131591797,6833800
2022-12-23,64.98138427734375,4693400
2022-12-27,64.47965240478516,6959600
2022-12-28,64.39009857177734,7868200
2022-12-29,64.63196563720703,7391000
2022-12-30,64.3631820678711,7051900
2023-01-03,64.7036361694336,8634800
2023-01-04,65.07095336914062,5257100
2023-01-05,64.9992904663086,5632400
2023-01-06,65.71601867675781,5627200
2023-01-09,65.89521026611328,7398200
2023-01-10,65.6353759765625,4827900
2023-01-11,65.98480987548828,8453200
2023-01-12,66.49549865722656,5927600
2023-01-13,66.27151489257812,6331600
2023-01-17,66.18191528320312,6815100
2023-01-18,66.79115295410156,5112800
2023-01-19,66.6567611694336,4765200
2023-01-20,66.36112213134766,4714300
2023-01-23,66.19984436035156,6116700
2023-01-24,66.49549865722656,3907700
2023-01-25,66.57612609863281,4414400
2023-01-26,66.45069122314453,3866800
2023-01-27,66.3790054321289,4474100
2023-01-30,66.19084930419922,6258700
2023-01-31,66.49549865722656,5502300
2023-02-01,66.92293548583984,7473900
2023-02-02,66.96786499023438,4273500
2023-02-03,66.37513732910156,5332900
2023-02-06,65.9620361328125,5282300
2023-02-07,65.87225341796875,4674500
2023-02-08,65.9889907836914,4308200
2023-02-09,65.71955871582031,4268100
2023-02-10,65.44116973876953,3606100
2023-02-13,65.62077331542969,3805800
2023-02-14,65.39627838134766,4328000
2023-02-15,65.25257110595703,4370800
2023-02-16,65.00115966796875,5912000
2023-02-17,65.14481353759766,5165700
2023-02-21,64.57906341552734,16093200
2023-02-22,64.72274017333984,4375600
2023-02-23,64.95621490478516,4789200
2023-02-24,64.59700012207031,4345900
2023-02-27,64.70478820800781,3340500
2023-02-28,64.72274017333984,5032400
2023-03-01,64.33929443359375,4427800
2023-03-02,64.20426177978516,4966600
2023-03-03,64.69933319091797,4008600
2023-03-06,64.54631042480469,4538700
2023-03-07,64.47429656982422,4253100
2023-03-08,64.4202880859375,4774500
2023-03-09,64.63633728027344,4597800
2023-03-10,65.41040802001953,4779500
2023-03-13,65.93247985839844,7270500
2023-03-14,65.51842498779297,5432500
2023-03-15,66.19348907470703,6677200
2023-03-16,65.87847137451172,6964800
2023-03-17,66.3554916381836,4352700
2023-03-20,66.0674819946289,6924500
2023-03-21,65.88746643066406,3997700
2023-03-22,66.47250366210938,5220500
2023-03-23,66.62554931640625,5392100
2023-03-24,66.76057434082031,4638000
2023-03-27,66.0674819946289,5769800
2023-03-28,65.95047760009766,3473300
2023-03-29,66.0224609375,4231300
2023-03-30,66.11249542236328,3455300
2023-03-31,66.45453643798828,4549200
2023-04-03,66.7369613647461,5346200
2023-04-04,67.00765228271484,4126700
2023-04-05,67.18810272216797,4345900
2023-04-06,67.17008972167969,4381700
2023-04-10,66.71892547607422,4224300
2023-04-11,66.74597930908203,4401600
2023-04-12,66.81819152832031,4134800
2023-04-13,66.7820816040039,5012700
2023-04-14,66.48429870605469,4349600
2023-04-17,66.12335205078125,5085500
2023-04-18,66.2226333618164,3728400
2023-04-19,66.13240051269531,4611000
2023-04-20,66.42115783691406,3605400
2023-04-21,66.30384826660156,3371600
2023-04-24,66.56549072265625,2993000
2023-04-25,66.99864959716797,3508100
2023-04-26,66.7640380859375,5819900
2023-04-27,66.47528076171875,3078100
2023-04-28,66.84520721435547,4469100
2023-05-01,66.15778350830078,4546500
2023-05-02,66.8090591430664,4825100
2023-05-03,67.08946228027344,4205600
2023-05-04,66.99899291992188,11535800
2023-05-05,66.75479888916016,3143200
2023-05-08,66.43817901611328,9895900
2023-05-09,66.3658447265625,3827700
2023-05-10,66.77286529541016,5291800
2023-05-11,66.98995208740234,4745900
2023-05-12,66.63719940185547,2970500
2023-05-15,66.46534729003906,3268600
2023-05-16,66.30252838134766,3818500
2023-05-17,66.18492889404297,4574400
2023-05-18,65.91355895996094,3530000
2023-05-19,65.73265075683594,4166800
2023-05-22,65.7145767211914,5294900
2023-05-23,65.75979614257812,4561100
2023-05-24,65.57890319824219,4245100
2023-05-25,65.33467102050781,4012300
2023-05-26,65.41606903076172,3783100
2023-05-30,65.85022735595703,3533000
2023-05-31,66.06732177734375,4898400
2023-06-01,66.24600982666016,3984000
2023-06-02,65.87417602539062,4595500
2023-06-05,65.88324737548828,4674600
2023-06-06,65.97392272949219,5001900
2023-06-07,65.60211944580078,4326500
2023-06-08,65.9285659790039,3567600
2023-06-09,65.79255676269531,12690400
2023-06-12,65.9285659790039,4632800
2023-06-13,65.63838195800781,4302500
2023-06-14,65.69281768798828,5986200
2023-06-15,66.10089874267578,5061200
2023-06-16,65.95579528808594,3905300
2023-06-20,66.04647064208984,4921700
2023-06-21,66.15530395507812,3678700
2023-06-22,65.83788299560547,3975500
2023-06-23,66.02832794189453,4163100
2023-06-26,66.1099624633789,6287800
2023-06-27,65.98299407958984,4816100
2023-06-28,66.19157409667969,5517200
2023-06-29,65.69281768798828,5803000
2023-06-30,65.91952514648438,5612300
2023-07-03,65.73222351074219,3146500
2023-07-05,65.4594955444336,4415700
2023-07-06,65.04126739501953,5613400
2023-07-07,65.00489044189453,5726600
2023-07-10,65.2322006225586,4450800
2023-07-11,65.36857604980469,5709100
2023-07-12,65.88679504394531,6397500
2023-07-13,66.28682708740234,5868400
2023-07-14,65.97771453857422,7410000
2023-07-17,66.05044555664062,5942700
2023-07-18,66.13226318359375,7748100
2023-07-19,66.28682708740234,11522100
2023-07-20,65.97771453857422,5262100
2023-07-21,66.02317810058594,5170600
2023-07-24,65.91407012939453,3553400
2023-07-25,65.84135437011719,4200800
2023-07-26,66.05953979492188,4478200
2023-07-27,65.49585723876953,5342600
2023-07-28,65.72315216064453,5273200
2023-07-31,65.84135437011719,4607900
2023-08-01,65.43384552001953,11078000
2023-08-02,65.22418212890625,6546700
2023-08-03,64.82307434082031,5395200
2023-08-04,65.36091613769531,6925000
2023-08-07,65.26065063476562,4987400
2023-08-08,65.49764251708984,4338200
2023-08-09,65.5158920288086,4937800
2023-08-10,65.15127563476562,5195800
2023-08-11,64.94160461425781,4577400
2023-08-14,64.85954284667969,7992400
2023-08-15,64.71368408203125,5028100
2023-08-16,64.53136444091797,5149700
2023-08-17,64.46755981445312,7357800
2023-08-18,64.60430145263672,5094400
2023-08-21,64.29438018798828,4280100
2023-08-22,64.37639617919922,4301900
2023-08-23,64.9598388671875,5205800
2023-08-24,64.80484771728516,4186400
2023-08-25,64.80484771728516,4853100
2023-08-28,64.92333221435547,3969000
2023-08-29,65.32445526123047,6214600
2023-08-30,65.29710388183594,4721500
2023-08-31,65.40650177001953,4747100
2023-09-01,65.09205627441406,3940700
2023-09-05,64.7355728149414,4634300
2023-09-06,64.66243743896484,7800400
2023-09-07,64.88182830810547,4742800
2023-09-08,64.90008544921875,4270600
2023-09-11,64.79955291748047,4215800
2023-09-12,64.84524536132812,4246300
2023-09-13,64.94579315185547,6142500
2023-09-14,64.83612060546875,5227300
2023-09-15,64.70813751220703,4946100
2023-09-18,64.77213287353516,5882500
2023-09-19,64.63501739501953,4200900
2023-09-20,64.55274963378906,5518400
2023-09-21,64.15056610107422,9127100
2023-09-22,64.4156494140625,8149800
2023-09-25,63.940311431884766,22744300
2023-09-26,63.87630844116211,7329100
2023-09-27,63.647789001464844,7701800
2023-09-28,63.81233596801758,9004600
2023-09-29,63.784912109375,7650600
2023-10-02,63.346778869628906,6719800
2023-10-03,62.833473205566406,8099500
2023-10-04,63.24594497680664,7915900
2023-10-05,63.291770935058594,6845000
2023-10-06,63.04429626464844,8385100
2023-10-09,63.68593978881836,3561600
2023-10-10,63.62176513671875,11555900
2023-10-11,63.91508483886719,18074400
2023-10-12,63.36510467529297,6144000
2023-10-13,63.65842056274414,5570100
2023-10-16,63.328453063964844,4914800
2023-10-17,62.915977478027344,5851900
2023-10-18,62.6410026550293,5885900
2023-10-19,62.36600875854492,9433800
2023-10-20,62.59518814086914,5197700
2023-10-23,62.833473205566406,9587100
2023-10-24,63.04429626464844,9462100
2023-10-25,62.56764221191406,7392400
2023-10-26,62.98929214477539,11426600
2023-10-27,62.98929214477539,5325500
2023-10-30,62.833473205566406,5905300
2023-10-31,62.815155029296875,9248200
2023-11-01,63.42466354370117,9330800
2023-11-02,63.792396545410156,8409100
2023-11-03,64.1693344116211,7995700
2023-11-06,63.89350891113281,7822000
2023-11-07,64.21527099609375,7986100
2023-11-08,64.41754150390625,6543700
2023-11-09,63.939483642578125,6979700
2023-11-10,64.05901336669922,4381800
2023-11-13,64.04061126708984,6058600
2023-11-14,64.82205200195312,8237100
2023-11-15,64.46351623535156,6793500
2023-11-16,64.8496322631836,5623900
2023-11-17,64.94157409667969,5657300
2023-11-20,65.03347778320312,6959100
2023-11-21,65.12541961669922,5737800
2023-11-22,65.18058776855469,4949100
2023-11-24,64.86800384521484,3534800
2023-11-27,65.26332092285156,5257000
2023-11-28,65.53911590576172,7051400
2023-11-29,65.87928009033203,7615800
2023-11-30,65.66783142089844,9880000
2023-12-01,66.2034683227539,7643500
2023-12-04,65.93609619140625,11164600
2023-12-05,66.36018371582031,8393500
2023-12-06,66.5538101196289,9365200
2023-12-07,66.53536224365234,9876000
2023-12-08,66.21269989013672,7349900
2023-12-11,66.22191619873047,12895800
2023-12-12,66.41551208496094,8052300
2023-12-13,67.2636947631836,7172600
2023-12-14,67.7707290649414,9105500
2023-12-15,67.66932678222656,7996700
2023-12-18,67.53102111816406,6144200
2023-12-19,67.66010284423828,6924100
2023-12-20,67.88135528564453,7496100
2023-12-21,67.87214660644531,6912600
2023-12-22,67.82685089111328,5890700
2023-12-26,67.89156341552734,6394600
2023-12-27,68.32614135742188,7467700
2023-12-28,68.15969848632812,8166600
2023-12-29,68.00250244140625,6939800
2024-01-02,67.71589660644531,8334200
2024-01-03,67.77139282226562,6477200
2024-01-04,67.46625518798828,5056900
2024-01-05,67.26285552978516,6223400
2024-01-08,67.55870819091797,7937500
2024-01-09,67.54948425292969,5649400
2024-01-10,67.42928314208984,6578400
2024-01-11,67.78062438964844,7537300
2024-01-12,67.91931915283203,4461200
2024-01-16,67.43854522705078,5724700
2024-01-17,67.28134155273438,12370300
2024-01-18,67.18887329101562,6086200
2024-01-19,67.18887329101562,7883100
2024-01-22,67.29984283447266,10321400
2024-01-23,67.14266967773438,6840400
2024-01-24,67.00397491455078,7483800
2024-01-25,67.31832885742188,8361100
2024-01-26,67.21661376953125,9120500
2024-01-29,67.48474884033203,7677600
2024-01-30,67.6049575805664,6688100
2024-01-31,67.89156341552734,9916600
2024-02-01,68.3014144897461,12060800
2024-02-02,67.68943786621094,7820000
2024-02-05,67.15161895751953,7577100
2024-02-06,67.46688842773438,8310500
2024-02-07,67.33708190917969,9257500
2024-02-08,67.160888671875,7987500
2024-02-09,67.10527801513672,5940700
2024-02-12,67.12380981445312,6063000
2024-02-13,66.53962707519531,12938800
2024-02-14,66.79000091552734,6915700
2024-02-15,66.97544860839844,6733900
2024-02-16,66.7621841430664,5029200
2024-02-20,66.84563446044922,7605000
2024-02-21,66.66018676757812,6625600
2024-02-22,66.68798828125,11884200
2024-02-23,66.92906951904297,6147200
2024-02-26,66.80855560302734,5255800
2024-02-27,66.70655059814453,5534300
2024-02-28,66.85491180419922,5255300
2024-02-29,66.96617889404297,6002900
2024-03-01,67.24699401855469,6366800
2024-03-04,67.08890533447266,26404700
2024-03-05,67.45158386230469,6208600
2024-03-06,67.57242584228516,28955300
2024-03-07,67.68402862548828,7495500
2024-03-08,67.74911499023438,7187700
2024-03-11,67.72122192382812,5626200
2024-03-12,67.51663970947266,4699400
2024-03-13,67.40506744384766,6123200
2024-03-14,67.0052261352539,5214000
2024-03-15,66.9680404663086,4783900
2024-03-18,66.88433837890625,5284200
2024-03-19,67.06102752685547,4560100
2024-03-20,67.18191528320312,5287200
2024-03-21,67.23770904541016,5492900
2024-03-22,67.46086120605469,4169400
2024-03-25,67.3306884765625,7950500
2024-03-26,67.38645935058594,7603100
2024-03-27,67.61893463134766,7825200
2024-03-28,67.5352554321289,5326400
2024-04-01,67.07451629638672,6157500
2024-04-02,66.99990844726562,9043000
2024-04-03,67.04655456542969,5419200
2024-04-04,67.18643188476562,12412900
2024-04-05,66.85070037841797,11531700
2024-04-08,66.79473114013672,13873100
2024-04-09,67.0372314453125,8886200
2024-04-10,66.2538070678711,8196500
2024-04-11,66.2538070678711,16574100
2024-04-12,66.40303802490234,12479100
2024-04-15,65.96471405029297,8079200
2024-04-16,65.79683685302734,14378900
2024-04-17,66.11390686035156,6568500
2024-04-18,65.93672943115234,6349500
2024-04-19,66.02064514160156,8338300
2024-04-22,66.04862976074219,5938300
2024-04-23,66.16987609863281,6044400
2024-04-24,66.00200653076172,4616600
2024-04-25,65.81548309326172,5367500
2024-04-26,65.96471405029297,4256600
2024-04-29,66.16056060791016,4799500
2024-04-30,65.90873718261719,6605800
2024-05-01,66.14635467529297,8119200
2024-05-02,66.40824890136719,6014800
2024-05-03,66.74502563476562,7256900
2024-05-06,66.81051635742188,5584300
2024-05-07,66.9415054321289,4635400
2024-05-08,66.78246307373047,6774500
2024-05-09,66.96019744873047,4525200
2024-05-10,66.7730941772461,5562000
2024-05-13,66.8292236328125,5600500
2024-05-14,67.02568817138672,4272500
2024-05-15,67.45597839355469,4208200
2024-05-16,67.34374237060547,4359500
2024-05-17,67.17535400390625,4373500
2024-05-20,67.10987091064453,3699600
2024-05-21,67.25019836425781,4612300
2024-05-22,67.16600799560547,4306200
2024-05-23,66.96955108642578,3589900
2024-05-24,67.04438781738281,4025200
2024-05-28,66.726318359375,4743400
2024-05-29,66.48312377929688,4877500
2024-05-30,66.7730941772461,3723200
2024-05-31,67.0163345336914,4193000
2024-06-03,67.39071655273438,4798900
2024-06-04,67.64405059814453,5298400
2024-06-05,67.83174133300781,5506400
2024-06-06,67.84111785888672,4119700
2024-06-07,67.29688262939453,3826500
2024-06-10,67.19366455078125,3925100
2024-06-11,67.46580505371094,4073200
2024-06-12,67.77542877197266,4495700
2024-06-13,68.07569122314453,4339600
2024-06-14,68.17891693115234,3527000
2024-06-17,67.9255599975586,4019000
2024-06-18,68.16014862060547,8491900
2024-06-20,68.02879333496094,4227800
2024-06-21,68.04754638671875,4115300
2024-06-24,68.0850601196289,31937200
2024-06-25,68.12261199951172,5958500
2024-06-26,67.80358123779297,5910600
2024-06-27,67.9255599975586,5514800
2024-06-28,67.60653686523438,4824500
2024-07-01,67.24981689453125,4960000
2024-07-02,67.44747161865234,6080100
2024-07-03,67.8333740234375,4438600
2024-07-05,68.14397430419922,4201700
2024-07-08,68.14397430419922,4742300
2024-07-09,68.1157455444336,8533200
2024-07-10,68.17218780517578,5591500
2024-07-11,68.51103973388672,4978100
2024-07-12,68.68987274169922,4656800
2024-07-15,68.47340393066406,4557200
2024-07-16,68.73693084716797,4636600
2024-07-17,68.80281829833984,8365100
2024-07-18,68.62398529052734,7673700
2024-07-19,68.44515228271484,5593100
2024-07-22,68.41691589355469,5055700
2024-07-23,68.42633056640625,6981700
2024-07-24,68.22869110107422,5080200
2024-07-25,68.37928009033203,4567700
2024-07-26,68.6522216796875,3692700
2024-07-29,68.73693084716797,5185000
2024-07-30,68.82164764404297,4282400
2024-07-31,69.1981201171875,6041400
2024-08-01,69.45681762695312,8733700
2024-08-02,70.2498550415039,6476300
2024-08-05,70.18374633789062,8354200
2024-08-06,69.7494888305664,6484400
2024-08-07,69.57954406738281,5907200
2024-08-08,69.47569274902344,4357500
2024-08-09,69.72116088867188,6093100
2024-08-12,69.8438949584961,4822900
2024-08-13,70.10822296142578,4049000
2024-08-14,70.24041748046875,6333600
2024-08-15,69.9477310180664,5108300
2024-08-16,70.09880828857422,4647700
2024-08-19,70.18374633789062,4964700
2024-08-20,70.3914566040039,4444000
2024-08-21,70.54251861572266,4541800
2024-08-22,70.25928497314453,3999700
2024-08-23,70.57083892822266,4292000
2024-08-26,70.49532318115234,4427200
2024-08-27,70.49532318115234,3715900
2024-08-28,70.44810485839844,5179900
2024-08-29,70.3442611694336,3840800
2024-08-30,70.20264434814453,5037400
2024-09-03,70.50188446044922,6220100
2024-09-04,70.81438446044922,7338600
2024-09-05,70.98483276367188,9994300
2024-09-06,71.07008361816406,22536000
2024-09-09,71.16477966308594,5040900
2024-09-10,71.40150451660156,5653900
2024-09-11,71.3636245727539,6471000
2024-09-12,71.2878646850586,5685400
2024-09-13,71.43938446044922,4786700
2024-09-16,71.62876892089844,4734900
2024-09-17,71.53407287597656,5398400
2024-09-18,71.3162612915039,5695700
2024-09-19,71.3162612915039,5135600
2024-09-20,71.30681610107422,4265000
2024-09-23,71.25946807861328,6632500
2024-09-24,71.34468841552734,5017900
2024-09-25,71.07952880859375,4793100
2024-09-26,71.07952880859375,4919700
2024-09-27,71.2878646850586,3927900
2024-09-30,71.12688446044922,5661900
2024-10-01,71.33678436279297,6267100
2024-10-02,71.20381164550781,6902500
2024-10-03,70.89039611816406,7733800
2024-10-04,70.42500305175781,5218300
2024-10-07,70.216064453125,7044200
2024-10-08,70.32054901123047,8642400
2024-10-09,70.13056182861328,4997800
2024-10-10,70.10208892822266,4579000
2024-10-11,70.11158752441406,8508000
2024-10-14,70.0640869140625,3380100
2024-10-15,70.33952331542969,4456200
2024-10-16,70.43448638916016,7437800
2024-10-17,70.09259796142578,4250400
2024-10-18,70.13056182861328,3930300
2024-10-21,69.65567016601562,5259900
2024-10-22,69.68418884277344,4633000
2024-10-23,69.51324462890625,6429400
2024-10-24,69.62720489501953,6219500
2024-10-25,69.48473358154297,4641400
2024-10-28,69.39925384521484,4582800
2024-10-29,69.45624542236328,5543800
2024-10-30,69.3897705078125,4610300
2024-10-31,69.3802719116211,6115700
2024-11-01,69.11158752441406,6409800
2024-11-04,69.38787841796875,6860100
2024-11-05,69.55937194824219,6236900
2024-11-06,68.98774719238281,6382500
2024-11-07,69.50221252441406,6590200
2024-11-08,69.63558959960938,5398500
2024-11-11,69.50221252441406,4372000
2024-11-12,69.08300018310547,7197800
2024-11-13,69.05443572998047,5458100
2024-11-14,69.0353775024414,6643300
2024-11-15,69.05443572998047,18467300
2024-11-18,69.12112426757812,4964800
2024-11-19,69.2449951171875,4900500
2024-11-20,69.16875457763672,6557800
2024-11-21,69.13064575195312,5115500
2024-11-22,69.15922546386719,10409500
2024-11-25,69.79756927490234,10207100
2024-11-26,69.67372131347656,5537900
2024-11-27,69.86424255371094,5366600
2024-11-29,70.12149810791016,3870800
2024-12-02,70.16258239746094,6212800
2024-12-03,70.0001220703125,6249200
2024-12-04,70.2390365600586,6769700
2024-12-05,70.24859619140625,6146200
2024-12-06,70.43972778320312,4880500
2024-12-09,70.22947692871094,5432900
2024-12-10,70.15304565429688,5751900
2024-12-11,70.0001220703125,4642900
2024-12-12,69.7229995727539,6880600
2024-12-13,69.44586181640625,5171400
2024-12-16,69.52233123779297,7871100
2024-12-17,69.5318832397461,6084800
2024-12-18,68.98717498779297,7962700
2024-12-19,68.7960205078125,7669100
2024-12-20,69.00626373291016,6696400
2024-12-23,68.78646087646484,7605400
2024-12-24,68.8852310180664,4185300
2024-12-26,68.93315887451172,8714400
2024-12-27,68.78936004638672,9018700
2024-12-30,69.05780792236328,8054500
2024-12-31,68.94275665283203,8724200
2025-01-02,68.97152709960938,8053300
2025-01-03,68.8852310180664,6857000
2025-01-06,68.818115234375,5375700
2025-01-07,68.57843017578125,7875900
2025-01-08,68.65513610839844,5844300
2025-01-10,68.30038452148438,9602400
2025-01-13,68.23329162597656,11856300
2025-01-14,68.28123474121094,5166000
2025-01-15,68.82771301269531,5867900
2025-01-16,68.96192169189453,8494100
2025-01-17,68.98109436035156,5600200
2025-01-21,69.18244171142578,8491600
2025-01-22,69.03863525390625,6616600
2025-01-23,68.93315887451172,7529700
2025-01-24,69.0673828125,5555700
2025-01-27,69.43170166015625,8621200
2025-01-28,69.39334869384766,4424300
2025-01-29,69.35499572753906,5780200
2025-01-30,69.45089721679688,5622300
2025-01-31,69.35499572753906,6738300
2025-02-03,69.41752624511719,7163800
2025-02-04,69.51370239257812,7296200
2025-02-05,69.86961364746094,8981700
2025-02-06,69.79265594482422,5722100
2025-02-07,69.58103942871094,6415300
2025-02-10,69.60028839111328,5439200
2025-02-11,69.48484802246094,6870800
2025-02-12,69.12898254394531,5279600
2025-02-13,69.54257202148438,6452900
2025-02-14,69.7637939453125,6131500
2025-02-18,69.50410461425781,7151700
2025-02-19,69.60028839111328,4720700
2025-02-20,69.68683624267578,6199000
2025-02-21,69.99463653564453,4460600
2025-02-24,70.09083557128906,5580100
2025-02-25,70.53328704833984,4835300
2025-02-26,70.63909149169922,5825400
2025-02-27,70.55252075195312,14908500
2025-02-28,70.8507080078125,8363500
2025-03-03,71.01374816894531,7549300
2025-03-04,70.8111572265625,7693100
2025-03-05,70.560302734375,7758400
2025-03-06,70.50244903564453,7196400
2025-03-07,70.42524719238281,5036100
2025-03-10,70.75325775146484,8167000
2025-03-11,70.48313903808594,8359200
2025-03-12,70.33842468261719,6193000
2025-03-13,70.5506820678711,4711400
2025-03-14,70.37702178955078,5094900
2025-03-17,70.4734878540039,4772900
2025-03-18,70.5506820678711,4196100
2025-03-19,70.76290893554688,4201600
2025-03-20,70.79185485839844,3760700
2025-03-21,70.73397064208984,7078500
2025-03-24,70.42524719238281,5637000
2025-03-25,70.51209259033203,6133700
2025-03-26,70.35773468017578,4856900
2025-03-27,70.32878112792969,5567900
2025-03-28,70.73397064208984,4850500
2025-03-31,70.85938262939453,7106000
2025-04-01,71.08200073242188,4667900
2025-04-02,71.02392578125,5313100
2025-04-03,71.3917236328125,7426200
2025-04-04,71.44979858398438,12678000
2025-04-07,70.58838653564453,14283000
2025-04-08,70.18186950683594,12629200
2025-04-09,70.34642028808594,20862000
2025-04-10,69.7850341796875,8058500
2025-04-11,69.70758819580078,7260400
2025-04-14,70.10443115234375,5409300
2025-04-15,70.27864837646484,5667500
2025-04-16,70.47223663330078,33963000
2025-04-17,70.31736755371094,7613800
2025-04-21,69.93020629882812,6092900
2025-04-22,70.0560302734375,5408200
2025-04-23,70.20120239257812,5283000
2025-04-24,70.59805297851562,3751500
2025-04-25,70.83035278320312,4021800
2025-04-28,71.00457000732422,4685400
2025-04-29,71.1884765625,3790700
2025-04-30,71.14007568359375,8020700
2025-05-01,70.9419937133789,6295400
2025-05-02,70.59241485595703,6960800
2025-05-05,70.49532318115234,7575000
2025-05-06,70.65069580078125,6994000
2025-05-07,70.78663635253906,4357400
2025-05-08,70.40794372558594,4283200
2025-05-09,70.46619415283203,3730700
2025-05-12,70.22344207763672,6982800
2025-05-13,70.19430541992188,5610300
2025-05-14,69.95155334472656,6426700
2025-05-15,70.33025360107422,5659000
2025-05-16,70.37881469726562,5310000
2025-05-19,70.359375,5787700
2025-05-20,70.233154296875,5810300
2025-05-21,69.79619598388672,10880400
2025-05-22,69.99039459228516,7067200
2025-05-23,70.09722137451172,4272600
2025-05-27,70.42733764648438,6148800
2025-05-28,70.27198791503906,5214700
2025-05-29,70.52445220947266,4685800
2025-05-30,70.66039276123047,5995600
2025-06-02,70.50452423095703,6888000
2025-06-03,70.42659759521484,7436800
2025-06-04,70.86498260498047,8343000
2025-06-05,70.72859191894531,6620600
2025-06-06,70.34864807128906,14677200
2025-06-09,70.45580291748047,10147300
2025-06-10,70.59220123291016,9257000
2025-06-11,70.81627655029297,8034900
2025-06-12,71.07930755615234,5950100
2025-06-13,70.82600402832031,5656200
2025-06-16,70.68962860107422,6415500
2025-06-17,70.9136962890625,5123400
2025-06-18,70.95265197753906,5176900
2025-06-20,71.0013656616211,5396600
2025-06-23,71.1767349243164,5391900
2025-06-24,71.39105224609375,8789700
2025-06-25,71.41055297851562,5346300
2025-06-26,71.6151351928711,5373300
2025-06-27,71.44950866699219,6928700
2025-06-30,71.73204040527344,6986700
2025-07-01,71.67827606201172,6286300
2025-07-02,71.60010528564453,6342300
2025-07-03,71.42418670654297,6428400
2025-07-07,71.18961334228516,8191000
2025-07-08,71.15052795410156,5934200
2025-07-09,71.43395233154297,6720200
2025-07-10,71.4437255859375,6650900
2025-07-11,71.15052795410156,4962400
2025-07-14,71.14075469970703,5624700
2025-07-15,70.92573547363281,5908400
2025-07-16,71.06256103515625,7874900
2025-07-17,71.08210754394531,6857300
2025-07-18,71.19938659667969,5206800
2025-07-21,71.40463256835938,5338500
2025-07-22,71.52191925048828,5507300
2025-07-23,71.37531280517578,5269400
2025-07-24,71.28734588623047,6139200
2025-07-25,71.46327209472656,4845900
2025-07-28,71.34599304199219,5806600
2025-07-29,71.7173843383789,7397900
2025-07-30,71.53169250488281,5554600
2025-07-31,71.54145050048828,6463200
2025-08-01,72.16118621826172,10782300
2025-08-04,72.21022033691406,6834400
2025-08-05,72.23963928222656,8145300
2025-08-06,72.1808090209961,8082200
2025-08-07,72.15138244628906,4193100
2025-08-08,71.9944839477539,5566300
2025-08-11,72.04352569580078,8668100
2025-08-12,72.0533447265625,5493400
2025-08-13,72.31808471679688,6208900
2025-08-14,72.11216735839844,6818100
2025-08-15,72.01410675048828,4309100
2025-08-18,71.93566131591797,6941600
2025-08-19,72.07292938232422,5098500
2025-08-20,72.12197875976562,5512500
2025-08-21,71.94546508789062,5695500
2025-08-22,72.30827331542969,5828700
2025-08-25,72.21022033691406,5361700
2025-08-26,72.29846954345703,4648300
2025-08-27,72.36711120605469,6053900
2025-08-28,72.45536804199219,5857300
2025-08-29,72.36711120605469,7736300
2025-09-02,72.21265411376953,6222400
2025-09-03,72.44876861572266,6005100
2025-09-04,72.7242431640625,8842600
2025-09-05,73.06857299804688,6321800
2025-09-08,73.30470275878906,6414400
2025-09-09,73.16695404052734,6613200
2025-09-10,73.29486083984375,5680700
2025-09-11,73.45227813720703,6437200
2025-09-12,73.36372375488281,5493000
2025-09-15,73.50146484375,7193600
2025-09-16,73.51129913330078,7012200
2025-09-17,73.3833999633789,8872000
2025-09-18,73.19647979736328,7641400
2025-09-19,73.22599792480469,5295700
2025-09-22,73.08826446533203,7813900
2025-09-23,73.23583221435547,6492000
2025-09-24,73.08826446533203,5158400
2025-09-25,73.00955200195312,7402700
2025-09-26,73.00955200195312,5531400
2025-09-29,73.19647979736328,5534500
2025-09-30,73.16695404052734,8840700
2025-10-01,73.35152435302734,8762900
2025-10-02,73.43048858642578,7155600
2025-10-03,73.3416519165039,8372400
2025-10-06,73.17385864257812,8688800
2025-10-07,73.31204986572266,7229500
2025-10-08,73.31204986572266,6298400
2025-10-09,73.26270294189453,9071000
2025-10-10,73.54891967773438,7202600
2025-10-13,73.66734313964844,4358400
2025-10-14,73.77592468261719,6550100
2025-10-15,73.72657012939453,6264800
2025-10-16,74.0029296875,8485100
2025-10-17,73.90422058105469,20337500
2025-10-20,74.0029296875,6287200
2025-10-21,74.09175109863281,6179900
2025-10-22,74.09175109863281,7164500
2025-10-23,73.94371032714844,6041700
2025-10-24,74.04240417480469,6912300
2025-10-27,74.08187866210938,7706600
2025-10-28,74.12135314941406,7399700
2025-10-29,73.75618743896484,8938700
2025-10-30,73.62786865234375,7109500
2025-10-31,73.60813903808594,7106700
2025-11-03,73.52297973632812,7085100
2025-11-04,73.56258392333984,11476200
2025-11-05,73.3546371459961,10862500
2025-11-06,73.64180755615234,6461200
2025-11-07,73.6021957397461,7073200
2025-11-10,73.58238983154297,7235100
2025-11-11,73.79033660888672,5229400
2025-11-12,73.76062774658203,7129700
2025-11-13,73.54277801513672,7105100
2025-11-14,73.43386840820312,6473000
2025-11-17,73.47345733642578,6908300
2025-11-18,73.53287506103516,8009200
2025-11-19,73.503173828125,7527500
2025-11-20,73.61209869384766,8461100
2025-11-21,73.79033660888672,6818400
2025-11-24,73.91905975341797,5734400
2025-11-25,74.08739471435547,7446200
2025-11-26,74.16661834716797,7327100
2025-11-28,74.04778289794922,4812100
2025-12-01,73.75871276855469,6891500
2025-12-02,73.8282470703125,6756900
2025-12-03,73.9375228881836,9774000
2025-12-04,73.79844665527344,7337500
2025-12-05,73.70903778076172,7270500
2025-12-08,73.59976959228516,8585700
2025-12-09,73.55010986328125,6665200
2025-12-10,73.76864624023438,8771100
2025-12-11,73.76864624023438,8924600
2025-12-12,73.54016876220703,8117600
2025-12-15,73.62957763671875,10495500
2025-12-16,73.76864624023438,6999300
2025-12-17,73.748779296875,10071300
2025-12-18,73.90526580810547,6940500
2025-12-19,73.7956314086914,7540400
2025-12-22,73.77568817138672,9855300
2025-12-23,73.76573181152344,10188700
2025-12-24,73.94513702392578,5341700
2025-12-26,73.94513702392578,6730500
2025-12-29,74.05477142333984,9105700
2025-12-30,74.02486419677734,7743200
2025-12-31,73.82553100585938,8846700
2026-01-02,73.7956314086914,7453500
2026-01-05,73.93516540527344,11059100
2026-01-06,73.93516540527344,9079000
2026-01-07,74.01490020751953,11576600
2026-01-08,73.88533020019531,9906800
2026-01-09,74.0447998046875,10536800
2026-01-12,73.97503662109375,9851000
2026-01-13,74.03483581542969,11835200
2026-01-14,74.18434143066406,8765900
2026-01-15,74.07469940185547,9959500
2026-01-16,73.95509338378906,16105100
2026-01-20,73.68598937988281,12982700
2026-01-21,73.89529418945312,11453200
2026-01-22,73.9251937866211,13512400
2026-01-23,74.00493621826172,8079700
2026-01-26,74.09463500976562,7137300
2026-01-27,74.03483581542969,9827900
2026-01-28,74.00493621826172,9328300
2026-01-29,74.01490020751953,16397300
2026-01-30,73.98500061035156,8977500
2026-02-02,73.91000366210938,8636400
2026-02-03,73.93000030517578,11287100
2026-02-04,73.9000015258789,11709600
2026-02-05,74.22000122070312,12216700
2026-02-06,74.2300033569336,8257200
2026-02-09,74.25,9429800
2026-02-10,74.47000122070312,8288400
2026-02-11,74.31999969482422,7968800
2026-02-12,74.66000366210938,9884300
2026-02-13,74.87999725341797,8307900
2026-02-17,74.87000274658203,9689000
2026-02-18,74.79000091552734,6972500
2026-02-19,74.81999969482422,8147900
2026-02-20,74.80999755859375,9128400
