日期,收盤價(還原權息),成交量
2005-03-10,14.328835487365723,108200
2005-03-11,14.311689376831055,184400
2005-03-14,14.225995063781738,112800
2005-03-15,13.91747760772705,127800
2005-03-16,13.797502517700195,196400
2005-03-17,13.908909797668457,243800
2005-03-18,13.928898811340332,75400
2005-03-21,13.754651069641113,81000
2005-03-22,13.534685134887695,68000
2005-03-23,13.411855697631836,54000
2005-03-24,13.369009971618652,113600
2005-03-28,13.414713859558105,66000
2005-03-29,13.123336791992188,51400
2005-03-30,13.409003257751465,177000
2005-03-31,13.483267784118652,180800
2005-04-01,13.497556686401367,142200
2005-04-04,13.57182788848877,43800
2005-04-05,13.54040241241455,70200
2005-04-06,13.666099548339844,96000
2005-04-07,13.723228454589844,48600
2005-04-08,13.61181640625,62200
2005-04-11,13.663244247436523,89000
2005-04-12,13.683236122131348,252000
2005-04-13,13.57182788848877,58800
2005-04-14,13.226177215576172,97400
2005-04-15,13.003358840942383,224600
2005-04-18,12.969080924987793,86200
2005-04-19,13.229033470153809,107200
2005-04-20,13.020501136779785,60800
2005-04-21,13.31473159790039,154200
2005-04-22,13.22046184539795,35600
2005-04-25,13.343295097351074,67800
2005-04-26,13.260453224182129,123800
2005-04-27,13.19760799407959,77200
2005-04-28,12.92623233795166,62400
2005-04-29,13.16904354095459,40800
2005-05-02,13.229033470153809,61200
2005-05-03,13.137618064880371,117600
2005-05-04,13.594677925109863,622200
2005-05-05,13.603246688842773,222000
2005-05-06,13.668951034545898,251000
2005-05-09,13.714655876159668,248400
2005-05-10,13.43185043334961,148000
2005-05-11,13.508980751037598,41200
2005-05-12,13.269024848937988,106000
2005-05-13,13.23759937286377,83800
2005-05-16,13.32616138458252,42600
2005-05-17,13.343295097351074,139200
2005-05-18,13.668951034545898,518800
2005-05-19,13.61181640625,54400
2005-05-20,13.483267784118652,70800
2005-05-23,13.497556686401367,56000
2005-05-24,13.494702339172363,49200
2005-05-25,13.443277359008789,64200
2005-05-26,13.497556686401367,45600
2005-05-27,13.671806335449219,69000
2005-05-31,13.551827430725098,130200
2005-06-01,13.62610149383545,194800
2005-06-02,13.746077537536621,271400
2005-06-03,13.711803436279297,46000
2005-06-06,13.831780433654785,91800
2005-06-07,13.760360717773438,228200
2005-06-08,13.700373649597168,52000
2005-06-09,13.797502517700195,81600
2005-06-10,13.806066513061523,69600
2005-06-13,13.797502517700195,112600
2005-06-14,13.848921775817871,45800
2005-06-15,14.046030044555664,59200
2005-06-16,14.257414817810059,88600
2005-06-17,14.303128242492676,61400
2005-06-20,14.254561424255371,333000
2005-06-21,14.17171573638916,120600
2005-06-22,14.28598403930664,63800
2005-06-23,14.074594497680664,129400
2005-06-24,13.997467041015625,49000
2005-06-27,14.054594993591309,124400
2005-06-28,14.168858528137207,35600
2005-06-29,14.123151779174805,136400
2005-06-30,14.020317077636719,87600
2005-07-01,14.148860931396484,23200
2005-07-05,14.17171573638916,233400
2005-07-06,14.06316089630127,174200
2005-07-07,14.054594993591309,71600
2005-07-08,14.140294075012207,35400
2005-07-11,14.368825912475586,96200
2005-07-12,14.54308032989502,57200
2005-07-13,14.540220260620117,42200
2005-07-14,14.62877082824707,66600
2005-07-15,14.557364463806152,57800
2005-07-18,14.51736831665039,51800
2005-07-19,14.665916442871094,28200
2005-07-20,14.791609764099121,199200
2005-07-21,14.897300720214844,184000
2005-07-22,14.92015266418457,51000
2005-07-25,14.668769836425781,138800
2005-07-26,14.751605987548828,106200
2005-07-27,14.854446411132812,105400
2005-07-28,15.122971534729004,74000
2005-07-29,14.997275352478027,202800
2005-08-01,15.17153549194336,273000
2005-08-02,15.477192878723145,111000
2005-08-03,15.505753517150879,111800
2005-08-04,15.382919311523438,72600
2005-08-05,15.140114784240723,102000
2005-08-08,15.140114784240723,87000
2005-08-09,15.591460227966309,66400
2005-08-10,15.5257568359375,124800
2005-08-11,15.631451606750488,270800
2005-08-12,15.485767364501953,625000
2005-08-15,15.5543212890625,77000
2005-08-16,15.297220230102539,241800
2005-08-17,15.354352951049805,73400
2005-08-18,15.094405174255371,58800
2005-08-19,15.054415702819824,107000
2005-08-22,15.257232666015625,98000
2005-08-23,15.071553230285645,104400
2005-08-24,14.880160331726074,65200
2005-08-25,15.10583209991455,76600
2005-08-26,14.940147399902344,60000
2005-08-29,15.082985877990723,120400
2005-08-30,14.925863265991211,493400
2005-08-31,15.211527824401855,70200
2005-09-01,15.365787506103516,105000
2005-09-02,15.502906799316406,100800
2005-09-06,15.680009841918945,329000
2005-09-07,15.711442947387695,137200
2005-09-08,15.717146873474121,71400
2005-09-09,15.911397933959961,97800
2005-09-12,15.871413230895996,100400
2005-09-13,15.76570987701416,128000
2005-09-14,15.837129592895508,83200
2005-09-15,15.891404151916504,96600
2005-09-16,16.014244079589844,123000
2005-09-19,16.04280662536621,83200
2005-09-20,16.054231643676758,316600
2005-09-21,16.111364364624023,102200
2005-09-22,16.094223022460938,83800
2005-09-23,15.965678215026855,96000
2005-09-26,16.1799259185791,238200
2005-09-27,16.04851531982422,104000
2005-09-28,16.14564323425293,72600
2005-09-29,16.43987274169922,306600
2005-09-30,16.462730407714844,544200
2005-10-03,16.38273811340332,329600
2005-10-04,16.354177474975586,186200
2005-10-05,16.04851531982422,150400
2005-10-06,15.545761108398438,257000
2005-10-07,15.774284362792969,143200
2005-10-10,15.811423301696777,149600
2005-10-11,15.882832527160645,152200
2005-10-12,15.597175598144531,147800
2005-10-13,15.36292552947998,144000
2005-10-14,15.440055847167969,132000
2005-10-17,15.511472702026367,212200
2005-10-18,15.140114784240723,185800
2005-10-19,15.145829200744629,358200
2005-10-20,14.651629447937012,203000
2005-10-21,15.134392738342285,159200
2005-10-24,15.474335670471191,121000
2005-10-25,15.162962913513184,105600
2005-10-26,15.294370651245117,94800
2005-10-27,14.868735313415527,114000
2005-10-28,15.240094184875488,156000
2005-10-31,15.531466484069824,138000
2005-11-01,15.640018463134766,141800
2005-11-02,15.974249839782715,142600
2005-11-03,15.979957580566406,182600
2005-11-04,15.939969062805176,174400
2005-11-07,15.917119026184082,99800
2005-11-08,15.822846412658691,175000
2005-11-09,16.01137924194336,86000
2005-11-10,16.065662384033203,121400
2005-11-11,16.21706199645996,99400
2005-11-14,16.188495635986328,154200
2005-11-15,16.04851531982422,105000
2005-11-16,16.211349487304688,87000
2005-11-17,16.42274284362793,94000
2005-11-18,16.482725143432617,121200
2005-11-21,16.508441925048828,142600
2005-11-22,16.462730407714844,122800
2005-11-23,16.748388290405273,137600
2005-11-25,16.705551147460938,105800
2005-11-28,16.611276626586914,108000
2005-11-29,16.56270980834961,120400
2005-11-30,16.61412811279297,149400
2005-12-01,16.976924896240234,104200
2005-12-02,16.988346099853516,147600
2005-12-05,17.01405906677246,466800
2005-12-06,17.22545051574707,167600
2005-12-07,17.108325958251953,197400
2005-12-08,17.034059524536133,147000
2005-12-09,17.07976531982422,174200
2005-12-12,17.265443801879883,142800
2005-12-13,17.37970542907715,215800
2005-12-14,17.31114959716797,134800
2005-12-15,17.262588500976562,168000
2005-12-16,17.196884155273438,128600
2005-12-19,17.23973274230957,241400
2005-12-20,17.32543182373047,230800
2005-12-21,17.585386276245117,188400
2005-12-22,17.568246841430664,172200
2005-12-23,17.691082000732422,134800
2005-12-27,17.571012496948242,255200
2005-12-28,17.582645416259766,230000
2005-12-29,17.725093841552734,192800
2005-12-30,17.698928833007812,363600
2006-01-03,18.28618621826172,726600
2006-01-04,18.524566650390625,458200
2006-01-05,18.542020797729492,553600
2006-01-06,18.8443546295166,567400
2006-01-09,19.007160186767578,699600
2006-01-10,18.83854866027832,393800
2006-01-11,18.972278594970703,843200
2006-01-12,18.861801147460938,612400
2006-01-13,18.88796615600586,1470400
2006-01-17,18.52747344970703,713600
2006-01-18,18.431541442871094,399000
2006-01-19,18.949020385742188,510600
2006-01-20,18.446081161499023,377600
2006-01-23,18.742610931396484,393000
2006-01-24,19.0013484954834,438800
2006-01-25,19.010068893432617,857400
2006-01-26,19.30078887939453,1479600
2006-01-27,19.678722381591797,587200
2006-01-30,19.643831253051758,481000
2006-01-31,19.75721549987793,334800
2006-02-01,19.8211669921875,382400
2006-02-02,19.332767486572266,435600
2006-02-03,19.126352310180664,432200
2006-02-06,19.536270141601562,345600
2006-02-07,19.137989044189453,379800
2006-02-08,19.15833854675293,386000
2006-02-09,19.16414451599121,217800
2006-02-10,19.1903133392334,322000
2006-02-13,18.762962341308594,395200
2006-02-14,19.143802642822266,228600
2006-02-15,19.114721298217773,228000
2006-02-16,19.44905662536621,412200
2006-02-17,19.4897518157959,369000
2006-02-21,19.376373291015625,342600
2006-02-22,19.501384735107422,276400
2006-02-23,19.52173614501953,176000
2006-02-24,19.576967239379883,308800
2006-02-27,19.68743896484375,316800
2006-02-28,19.332767486572266,466200
2006-03-01,19.73395347595215,353000
2006-03-02,19.795007705688477,282800
2006-03-03,19.469406127929688,424000
2006-03-06,19.204851150512695,333200
2006-03-07,18.50712776184082,510200
2006-03-08,18.652488708496094,394400
2006-03-09,18.573991775512695,270800
2006-03-10,18.896692276000977,335800
2006-03-13,18.899595260620117,279200
2006-03-14,19.382184982299805,234400
2006-03-15,19.568246841430664,353000
2006-03-16,19.457775115966797,206400
2006-03-17,19.533363342285156,258200
2006-03-20,19.579870223999023,205800
2006-03-21,19.204851150512695,309400
2006-03-22,19.29497528076172,307200
2006-03-23,19.16996192932129,242000
2006-03-24,19.29497528076172,258200
2006-03-27,19.38509178161621,230800
2006-03-28,19.16414451599121,205200
2006-03-29,19.39381217956543,167800
2006-03-30,19.533363342285156,253200
2006-03-31,19.55953025817871,184200
2006-04-03,20.036304473876953,309400
2006-04-04,20.24561882019043,218800
2006-04-05,20.437498092651367,1374600
2006-04-06,20.402605056762695,616200
2006-04-07,20.149686813354492,289400
2006-04-10,20.120609283447266,205600
2006-04-11,19.914207458496094,182400
2006-04-12,20.02176284790039,198800
2006-04-13,20.036304473876953,215800
2006-04-17,20.271793365478516,323000
2006-04-18,20.905555725097656,297200
2006-04-19,21.088706970214844,409200
2006-04-20,21.03928565979004,457200
2006-04-21,21.120685577392578,219400
2006-04-24,21.048002243041992,258000
2006-04-25,20.760190963745117,307400
2006-04-26,21.135215759277344,223000
2006-04-27,21.013113021850586,276600
2006-04-28,21.08579444885254,227800
2006-05-01,21.14394760131836,328800
2006-05-02,21.510242462158203,253600
2006-05-03,21.524782180786133,263800
2006-05-04,21.702116012573242,350800
2006-05-05,21.978300094604492,313400
2006-05-08,22.09459686279297,406400
2006-05-09,22.11784553527832,332400
2006-05-10,21.99864959716797,374200
2006-05-11,21.45501708984375,440200
2006-05-12,20.981136322021484,553200
2006-05-15,20.376445770263672,650800
2006-05-16,20.50727081298828,299400
2006-05-17,19.856061935424805,437200
2006-05-18,19.47521209716797,513000
2006-05-19,19.70197868347168,423800
2006-05-22,18.655391693115234,979600
2006-05-23,18.710630416870117,917200
2006-05-24,18.58562660217285,625200
2006-05-25,19.178680419921875,424600
2006-05-26,19.329856872558594,283400
2006-05-30,18.315248489379883,639400
2006-05-31,18.704811096191406,330000
2006-06-01,19.07111358642578,278400
2006-06-02,19.26299285888672,369600
2006-06-05,18.431541442871094,380200
2006-06-06,18.1669864654541,596600
2006-06-07,17.916969299316406,426400
2006-06-08,17.390769958496094,1128200
2006-06-09,17.277389526367188,941600
2006-06-12,16.76572608947754,336800
2006-06-13,16.370346069335938,747400
2006-06-14,16.81224250793457,786800
2006-06-15,17.597171783447266,1198400
2006-06-16,17.486705780029297,917800
2006-06-19,16.934335708618164,433400
2006-06-20,17.175640106201172,394000
2006-06-21,17.571012496948242,965600
2006-06-22,17.411113739013672,204400
2006-06-23,17.53031349182129,338800
2006-06-26,17.443092346191406,159200
2006-06-27,17.28611183166504,361200
2006-06-28,17.675668716430664,169000
2006-06-29,18.637948989868164,624200
2006-06-30,18.687368392944336,570000
2006-07-03,19.117639541625977,224200
2006-07-05,18.550737380981445,382400
2006-07-06,18.931577682495117,305600
2006-07-07,18.617605209350586,225400
2006-07-10,18.7484188079834,180600
2006-07-11,18.937389373779297,271800
2006-07-12,18.646677017211914,162000
2006-07-13,17.931501388549805,693000
2006-07-14,17.791959762573242,409000
2006-07-17,17.5681095123291,257200
2006-07-18,17.78323745727539,218200
2006-07-19,18.643766403198242,500600
2006-07-20,18.22513198852539,300200
2006-07-21,17.84138298034668,228200
2006-07-24,18.719356536865234,422800
2006-07-25,18.76004981994629,542200
2006-07-26,18.614694595336914,169200
2006-07-27,18.789113998413086,197600
2006-07-28,19.23973274230957,261600
2006-07-31,19.033329010009766,334400
2006-08-01,18.701902389526367,213400
2006-08-02,18.975177764892578,234000
2006-08-03,18.95774269104004,253200
2006-08-04,18.95193099975586,235000
2006-08-07,18.890878677368164,239600
2006-08-08,18.946107864379883,301200
2006-08-09,18.954832077026367,190000
2006-08-10,19.097286224365234,230400
2006-08-11,18.963558197021484,141000
2006-08-14,18.98099708557129,151400
2006-08-15,19.379283905029297,138000
2006-08-16,19.707792282104492,296000
2006-08-17,19.611852645874023,359600
2006-08-18,19.51010513305664,300400
2006-08-21,19.335676193237305,182800
2006-08-22,19.306596755981445,139800
2006-08-23,19.039134979248047,239200
2006-08-24,19.059492111206055,181200
2006-08-25,19.12344741821289,103200
2006-08-28,19.23101234436035,175000
2006-08-29,19.32114028930664,150000
2006-08-30,19.44905662536621,159000
2006-08-31,19.315322875976562,132200
2006-09-01,19.582782745361328,244000
2006-09-05,19.8211669921875,254800
2006-09-06,19.22810935974121,307200
2006-09-07,19.05658531188965,217200
2006-09-08,19.23101234436035,60000
2006-09-11,18.809471130371094,198800
2006-09-12,19.143802642822266,182800
2006-09-13,19.40544319152832,220800
2006-09-14,19.251365661621094,153200
2006-09-15,19.31822967529297,96800
2006-09-18,19.629295349121094,166800
2006-09-19,19.38509178161621,288800
2006-09-20,19.60894775390625,272800
2006-09-21,19.26009178161621,209600
2006-09-22,19.053678512573242,143600
2006-09-25,19.23973274230957,140800
2006-09-26,19.478124618530273,142400
2006-09-27,19.46649932861328,189400
2006-09-28,19.62348175048828,129600
2006-09-29,19.518827438354492,352200
2006-10-02,19.542076110839844,155000
2006-10-03,19.28915786743164,220400
2006-10-04,19.664182662963867,207400
2006-10-05,19.914207458496094,295200
2006-10-06,19.79791831970215,601000
2006-10-09,19.678722381591797,322000
2006-10-10,19.8531551361084,116200
2006-10-11,19.76012420654297,219600
2006-10-12,20.225265502929688,229200
2006-10-13,20.29214096069336,192800
2006-10-16,20.35028648376465,4348800
2006-10-17,20.120609283447266,485400
2006-10-18,20.19329071044922,188400
2006-10-19,20.34737205505371,93800
2006-10-20,20.2310848236084,257000
2006-10-23,20.27469253540039,196400
2006-10-24,20.344467163085938,175600
2006-10-25,20.542160034179688,280200
2006-10-26,20.629365921020508,222200
2006-10-27,20.277606964111328,345800
2006-10-30,20.135150909423828,192400
2006-10-31,20.51017951965332,347600
2006-11-01,20.475296020507812,216800
2006-11-02,20.574129104614258,163200
2006-11-03,20.734025955200195,265600
2006-11-06,21.141033172607422,323600
2006-11-07,21.082897186279297,468800
2006-11-08,21.100339889526367,280600
2006-11-09,21.135215759277344,462200
2006-11-10,21.193357467651367,224000
2006-11-13,21.14975929260254,242600
2006-11-14,21.47244644165039,324400
2006-11-15,21.428834915161133,344400
2006-11-16,21.25442123413086,296400
2006-11-17,21.152660369873047,352800
2006-11-20,21.1148624420166,406400
2006-11-21,21.45501708984375,302000
2006-11-22,21.673051834106445,366000
2006-11-24,21.75445556640625,173600
2006-11-27,21.329999923706055,902800
2006-11-28,21.478267669677734,324000
2006-11-29,21.920166015625,351200
2006-11-30,22.013187408447266,362400
2006-12-01,21.867826461791992,620400
2006-12-04,22.315534591674805,390000
2006-12-05,22.571365356445312,520600
2006-12-06,22.356237411499023,595600
2006-12-07,22.271928787231445,365600
2006-12-08,22.228313446044922,808400
2006-12-11,22.213781356811523,251200
2006-12-12,21.96086883544922,472000
2006-12-13,22.019004821777344,323200
2006-12-14,22.382404327392578,392800
2006-12-15,22.434734344482422,387200
2006-12-18,22.312625885009766,360400
2006-12-19,22.22541046142578,702200
2006-12-20,22.36205291748047,516800
2006-12-21,22.41438102722168,504000
2006-12-22,22.42888069152832,503400
2006-12-26,22.650760650634766,920800
2006-12-27,22.896333694458008,265200
2006-12-28,22.917041778564453,432600
2006-12-29,22.896333694458008,566000
2007-01-03,23.047216415405273,1176000
2007-01-04,22.795734405517578,1115600
2007-01-05,22.15964698791504,1145800
2007-01-08,22.402246475219727,496200
2007-01-09,21.866748809814453,934600
2007-01-10,21.80461883544922,839200
2007-01-11,22.09454917907715,1155600
2007-01-12,22.41703987121582,403200
2007-01-16,22.425922393798828,1024000
2007-01-17,22.366744995117188,1346400
2007-01-18,22.248403549194336,724800
2007-01-19,22.677392959594727,998000
2007-01-22,22.656692504882812,616800
2007-01-23,23.047216415405273,847600
2007-01-24,23.257274627685547,652000
2007-01-25,22.547222137451172,1030000
2007-01-26,22.683311462402344,520000
2007-01-29,22.499876022338867,380200
2007-01-30,22.74249267578125,1012600
2007-01-31,22.914079666137695,2860200
2007-02-01,23.14484405517578,1995600
2007-02-02,23.135971069335938,650800
2007-02-05,23.135971069335938,1338200
2007-02-06,23.384496688842773,825200
2007-02-07,23.343069076538086,1913200
2007-02-08,23.3874568939209,1085600
2007-02-09,22.979169845581055,1126400
2007-02-12,22.81053352355957,557800
2007-02-13,23.20105743408203,563400
2007-02-14,23.609350204467773,588800
2007-02-15,23.603422164916992,545600
2007-02-16,23.585668563842773,413800
2007-02-20,23.701059341430664,524000
2007-02-21,23.653722763061523,530000
2007-02-22,23.79869270324707,453000
2007-02-23,23.68922233581543,501200
2007-02-26,23.644832611083984,491200
2007-02-27,21.920007705688477,2139400
2007-02-28,22.38154411315918,2332200
2007-03-01,22.115278244018555,1349000
2007-03-02,21.656688690185547,1348400
2007-03-05,21.03538703918457,2326200
2007-03-06,22.041311264038086,1362800
2007-03-07,21.819408416748047,664800
2007-03-08,22.257282257080078,1443800
2007-03-09,22.334205627441406,667400
2007-03-12,22.55609703063965,447600
2007-03-13,21.630064010620117,1809600
2007-03-14,22.03242301940918,988400
2007-03-15,22.260231018066406,464200
2007-03-16,22.073841094970703,340200
2007-03-19,22.496929168701172,488600
2007-03-20,22.71289825439453,1240200
2007-03-21,23.36379051208496,729200
2007-03-22,23.248409271240234,510000
2007-03-23,23.295734405517578,636800
2007-03-26,23.283903121948242,431200
2007-03-27,23.15667724609375,950400
2007-03-28,22.952537536621094,498400
2007-03-29,23.393373489379883,374400
2007-03-30,23.334197998046875,972400
2007-04-02,23.538341522216797,761800
2007-04-03,23.890403747558594,572800
2007-04-04,23.97028923034668,972000
2007-04-05,24.035381317138672,1741600
2007-04-09,24.177387237548828,530000
2007-04-10,24.251354217529297,382000
2007-04-11,24.18329620361328,890200
2007-04-12,24.490995407104492,434800
2007-04-13,24.570880889892578,277400
2007-04-16,24.878564834594727,456600
2007-04-17,24.789813995361328,1060800
2007-04-18,24.67443084716797,429000
2007-04-19,24.508745193481445,534400
2007-04-20,24.875614166259766,426000
2007-04-23,24.772064208984375,429200
2007-04-24,24.789813995361328,437200
2007-04-25,25.141889572143555,1247200
2007-04-26,24.80459976196289,761000
2007-04-27,24.70401382446289,507600
2007-04-30,24.221757888793945,484600
2007-05-01,24.393362045288086,662800
2007-05-02,24.863773345947266,1061600
2007-05-03,25.109333038330078,457200
2007-05-04,25.20401382446289,387200
2007-05-07,25.292768478393555,830200
2007-05-08,25.06495475769043,856600
2007-05-09,25.366731643676758,452600
2007-05-10,24.736560821533203,591200
2007-05-11,25.384490966796875,508600
2007-05-14,25.224727630615234,556800
2007-05-15,25.236547470092773,646200
2007-05-16,25.641878128051758,929600
2007-05-17,25.49394416809082,958200
2007-05-18,25.674423217773438,382800
2007-05-21,25.730628967285156,1299600
2007-05-22,25.798681259155273,500400
2007-05-23,25.630037307739258,744600
2007-05-24,25.07383155822754,1026800
2007-05-25,25.567914962768555,1171000
2007-05-29,25.4880313873291,412200
2007-05-30,25.739505767822266,576800
2007-05-31,25.834186553955078,433600
2007-06-01,26.417015075683594,653800
2007-06-04,26.337133407592773,620200
2007-06-05,26.19216537475586,354000
2007-06-06,25.760217666625977,504000
2007-06-07,25.30460548400879,834800
2007-06-08,25.89926528930664,716000
2007-06-11,25.97618865966797,492600
2007-06-12,25.553110122680664,539600
2007-06-13,26.121170043945312,606000
2007-06-14,26.52649688720703,1722800
2007-06-15,26.982099533081055,498600
2007-06-18,27.19808006286621,497200
2007-06-19,27.251344680786133,480600
2007-06-20,27.06198501586914,882000
2007-06-21,27.366722106933594,828400
2007-06-22,26.982099533081055,653800
2007-06-25,26.757261276245117,464400
2007-06-26,26.62708282470703,527400
2007-06-27,26.973230361938477,497600
2007-06-28,26.976194381713867,424400
2007-06-29,27.00873565673828,455200
2007-07-02,27.567899703979492,3319200
2007-07-03,27.86671257019043,866000
2007-07-05,28.08268928527832,3051200
2007-07-06,28.4643497467041,693000
2007-07-09,28.683284759521484,857600
2007-07-10,28.180326461791992,742600
2007-07-11,28.393341064453125,963400
2007-07-12,29.13594627380371,552200
2007-07-13,29.337129592895508,478000
2007-07-16,28.91109275817871,1174600
2007-07-17,28.979141235351562,960800
2007-07-18,28.872623443603516,819800
2007-07-19,29.141862869262695,589200
2007-07-20,29.06493377685547,841400
2007-07-23,29.748355865478516,547800
2007-07-24,28.866714477539062,845200
2007-07-25,29.218778610229492,777000
2007-07-26,27.609315872192383,2002800
2007-07-27,27.30754852294922,1201200
2007-07-30,28.35784149169922,1130800
2007-07-31,27.95844268798828,1339200
2007-08-01,27.514652252197266,1999200
2007-08-02,27.807554244995117,522400
2007-08-03,26.686248779296875,921600
2007-08-06,27.366722106933594,888000
2007-08-07,27.467313766479492,552800
2007-08-08,28.22469711303711,1116000
2007-08-09,27.053112030029297,2677600
2007-08-10,26.760223388671875,1653800
2007-08-13,26.92293930053711,738400
2007-08-14,26.07973861694336,1273000
2007-08-15,24.79572105407715,1479800
2007-08-16,24.378578186035156,2274600
2007-08-17,25.313480377197266,1384800
2007-08-20,25.458446502685547,1300800
2007-08-21,25.263181686401367,953600
2007-08-22,26.28980255126953,1246600
2007-08-23,26.50873565673828,1423400
2007-08-24,27.106353759765625,725600
2007-08-27,27.233579635620117,911000
2007-08-28,26.15370750427246,1122800
2007-08-29,27.390398025512695,658000
2007-08-30,27.115236282348633,734200
2007-08-31,27.955463409423828,1209000
2007-09-04,28.345998764038086,906200
2007-09-05,27.68919563293457,1693000
2007-09-06,28.103408813476562,844200
2007-09-07,27.547191619873047,774000
2007-09-10,27.35785675048828,691800
2007-09-11,28.141864776611328,545000
2007-09-12,28.059019088745117,832800
2007-09-13,28.337120056152344,796800
2007-09-14,28.378549575805664,596800
2007-09-17,28.11820411682129,639200
2007-09-18,29.437711715698242,1107600
2007-09-19,29.502809524536133,1958600
2007-09-20,29.30753517150879,925200
2007-09-21,29.80754280090332,1333000
2007-09-24,30.1773624420166,2047000
2007-09-25,30.203989028930664,846000
2007-09-26,30.42884063720703,1196200
2007-09-27,30.949546813964844,1423600
2007-09-28,30.7039737701416,1326400
2007-10-01,31.88445472717285,2959600
2007-10-02,31.774999618530273,1406200
2007-10-03,31.289772033691406,844200
2007-10-04,31.567880630493164,787400
2007-10-05,32.425865173339844,1721000
2007-10-08,32.130008697509766,1110600
2007-10-09,32.476165771484375,1268600
2007-10-10,32.692134857177734,1273000
2007-10-11,32.5412483215332,1936800
2007-10-12,33.03236389160156,859200
2007-10-15,32.810482025146484,1528400
2007-10-16,32.085636138916016,1376400
2007-10-17,33.03236389160156,1691800
2007-10-18,33.177337646484375,1545600
2007-10-19,31.535335540771484,2312000
2007-10-22,31.952489852905273,2213200
2007-10-23,32.721717834472656,1494600
2007-10-24,32.42882537841797,1649400
2007-10-25,32.810482025146484,1326800
2007-10-26,34.064903259277344,1150000
2007-10-29,34.64183044433594,1794200
2007-10-30,34.00870132446289,1649200
2007-10-31,34.69803237915039,1584600
2007-11-01,33.47615432739258,1592600
2007-11-02,33.653682708740234,1562800
2007-11-05,32.840065002441406,1457200
2007-11-06,33.84597396850586,1576000
2007-11-07,32.556034088134766,1562200
2007-11-08,32.85190200805664,3526400
2007-11-09,32.141841888427734,1681600
2007-11-12,30.419958114624023,2033600
2007-11-13,32.48503875732422,2019200
2007-11-14,32.63296127319336,1260200
2007-11-15,31.893321990966797,1619600
2007-11-16,31.94658851623535,1038000
2007-11-19,31.06492042541504,1038800
2007-11-20,31.479110717773438,1361000
2007-11-21,30.002798080444336,1948200
2007-11-23,30.550138473510742,1549800
2007-11-26,29.08268928527832,1447000
2007-11-27,30.50575065612793,1844000
2007-11-28,32.01167297363281,1972200
2007-11-29,31.745391845703125,2063200
2007-11-30,31.739486694335938,2707600
2007-12-03,31.81048011779785,1260400
2007-12-04,31.7542724609375,1549600
2007-12-05,32.940650939941406,1479400
2007-12-06,33.239479064941406,1472800
2007-12-07,33.03828811645508,1295400
2007-12-10,33.020538330078125,1065200
2007-12-11,31.641845703125,1857200
2007-12-12,32.55308151245117,1347600
2007-12-13,31.970247268676758,1423800
2007-12-14,31.076759338378906,1419800
2007-12-17,29.662582397460938,1742800
2007-12-18,30.443628311157227,2066800
2007-12-19,30.576765060424805,1370800
2007-12-20,30.680309295654297,1711600
2007-12-21,31.493919372558594,1102800
2007-12-24,32.08744430541992,701600
2007-12-26,32.322547912597656,1081400
2007-12-27,31.653377532958984,782400
2007-12-28,31.776968002319336,1095200
2007-12-31,31.43936538696289,1039000
2008-01-02,31.34892463684082,1454800
2008-01-03,31.650352478027344,1434800
2008-01-04,30.604389190673828,2638800
2008-01-07,30.845537185668945,1826000
2008-01-08,30.821413040161133,1864600
2008-01-09,31.568971633911133,1724400
2008-01-10,31.861356735229492,2439800
2008-01-11,31.107791900634766,2259200
2008-01-14,31.4423770904541,1212400
2008-01-15,30.116079330444336,1900800
2008-01-16,28.958580017089844,3338200
2008-01-17,28.129629135131836,3145200
2008-01-18,28.744548797607422,3931800
2008-01-22,27.864381790161133,5044800
2008-01-23,28.165807723999023,3599400
2008-01-24,28.3647518157959,3348600
2008-01-25,27.701614379882812,3737000
2008-01-28,28.334611892700195,1645000
2008-01-29,28.44312286376953,1631800
2008-01-30,27.93973159790039,2987000
2008-01-31,28.60288429260254,3092000
2008-02-01,29.296175003051758,2586800
2008-02-04,29.2600040435791,2664200
2008-02-05,28.042221069335938,1659400
2008-02-06,27.611167907714844,2646400
2008-02-07,28.054277420043945,2271600
2008-02-08,27.87944984436035,2205600
2008-02-11,28.259260177612305,1466800
2008-02-12,28.3647518157959,2798200
2008-02-13,28.967632293701172,1453000
2008-02-14,28.63604164123535,1611200
2008-02-15,29.0731143951416,778200
2008-02-19,29.356462478637695,1286800
2008-02-20,29.591588973999023,1289800
2008-02-21,29.190671920776367,1416400
2008-02-22,29.630765914916992,1378000
2008-02-25,29.95630645751953,1411400
2008-02-26,30.51697540283203,1373200
2008-02-27,30.640575408935547,1573600
2008-02-28,30.38736343383789,1453600
2008-02-29,29.425796508789062,1308400
2008-03-03,29.594602584838867,1557200
2008-03-04,29.05201530456543,4079600
2008-03-05,29.597597122192383,1439000
2008-03-06,28.705366134643555,1505200
2008-03-07,28.394893646240234,1662800
2008-03-10,27.596097946166992,1419800
2008-03-11,29.461959838867188,1857600
2008-03-12,28.759626388549805,1891000
2008-03-13,28.702354431152344,2226600
2008-03-14,27.665422439575195,2729000
2008-03-17,26.76414680480957,3267400
2008-03-18,28.292409896850586,2060400
2008-03-19,26.712907791137695,1965800
2008-03-20,27.1168270111084,1885000
2008-03-24,28.132646560668945,1811400
2008-03-25,28.44011116027832,1857800
2008-03-26,28.0783748626709,1794400
2008-03-27,28.38585090637207,1368200
2008-03-28,28.177858352661133,1131400
2008-03-31,28.34364891052246,2115600
2008-04-01,29.178621292114258,3481200
2008-04-02,29.17259407043457,1709400
2008-04-03,29.480052947998047,2967400
2008-04-04,29.428815841674805,1547600
2008-04-07,29.5734920501709,1435000
2008-04-08,29.51321029663086,966400
2008-04-09,29.284116744995117,1235400
2008-04-10,29.79051399230957,1024200
2008-04-11,29.241914749145508,1424200
2008-04-14,29.28110122680664,840600
2008-04-15,29.77846908569336,678000
2008-04-16,30.402427673339844,1182000
2008-04-17,30.21554946899414,1401200
2008-04-18,30.519989013671875,2163800
2008-04-21,30.818401336669922,1193800
2008-04-22,30.550134658813477,2481000
2008-04-23,30.926929473876953,1344400
2008-04-24,30.746070861816406,915000
2008-04-25,31.0384521484375,3164600
2008-04-28,30.758121490478516,3015800
2008-04-29,30.239667892456055,1011000
2008-04-30,30.73400115966797,2132400
2008-05-01,31.177120208740234,2427400
2008-05-02,31.388105392456055,2571800
2008-05-05,31.288646697998047,2390000
2008-05-06,31.565954208374023,1962400
2008-05-07,30.824438095092773,2572200
2008-05-08,30.938983917236328,2026000
2008-05-09,30.77922821044922,1154800
2008-05-12,31.01735496520996,1270000
2008-05-13,31.13189125061035,1651000
2008-05-14,31.19822883605957,1394400
2008-05-15,31.831222534179688,2753200
2008-05-16,32.18087387084961,1879200
2008-05-19,32.34064483642578,1620000
2008-05-20,31.58405303955078,2195000
2008-05-21,31.336864471435547,1433400
2008-05-22,31.695585250854492,1098600
2008-05-23,30.85457992553711,1527200
2008-05-27,30.95706558227539,2138400
2008-05-28,31.098737716674805,2612000
2008-05-29,31.33384895324707,2060800
2008-05-30,31.282609939575195,1723600
2008-06-02,31.107791900634766,1918400
2008-06-03,30.568222045898438,2165200
2008-06-04,30.143205642700195,1545600
2008-06-05,31.035429000854492,1937400
2008-06-06,29.95630645751953,2063200
2008-06-09,29.859851837158203,1468800
2008-06-10,29.211772918701172,2235800
2008-06-11,29.08818244934082,1550000
2008-06-12,29.27206039428711,1603600
2008-06-13,29.284116744995117,1921200
2008-06-16,29.540342330932617,1435000
2008-06-17,29.32330894470215,1897800
2008-06-18,29.58254623413086,1251400
2008-06-19,29.196699142456055,1310000
2008-06-20,28.27432632446289,2132200
2008-06-23,28.334611892700195,922300
2008-06-24,28.27432632446289,1672000
2008-06-25,28.780729293823242,1314600
2008-06-26,27.85834503173828,1394300
2008-06-27,28.087432861328125,1556100
2008-06-30,28.21404266357422,1417500
2008-07-01,27.436342239379883,2846800
2008-07-02,26.74907112121582,3052800
2008-07-03,26.815387725830078,957800
2008-07-07,26.62849998474121,2418900
2008-07-08,26.84552764892578,2288500
2008-07-09,26.12209701538086,2599000
2008-07-10,26.94802474975586,1940200
2008-07-11,26.688800811767578,1799200
2008-07-14,26.82745361328125,1027200
2008-07-15,26.2125301361084,2266300
2008-07-16,26.941978454589844,1461100
2008-07-17,27.424278259277344,2163100
2008-07-18,27.128887176513672,1216800
2008-07-21,27.183141708374023,1193100
2008-07-22,26.887731552124023,2053200
2008-07-23,27.134916305541992,1567800
2008-07-24,26.658639907836914,1996600
2008-07-25,26.658639907836914,1399300
2008-07-28,26.74907112121582,1782400
2008-07-29,26.700851440429688,1292900
2008-07-30,27.128887176513672,4108400
2008-07-31,26.88170623779297,1779200
2008-08-01,26.821422576904297,2699500
2008-08-04,25.935218811035156,1886100
2008-08-05,26.278831481933594,1859400
2008-08-06,26.658639907836914,1749000
2008-08-07,25.862871170043945,2112900
2008-08-08,25.959325790405273,1207300
2008-08-11,25.645837783813477,1598400
2008-08-12,25.549379348754883,1345800
2008-08-13,25.489091873168945,2168900
2008-08-14,25.657896041870117,1747800
2008-08-15,25.302207946777344,4934600
2008-08-18,24.723453521728516,1562800
2008-08-19,24.494354248046875,1464900
2008-08-20,25.223817825317383,1626800
2008-08-21,25.103254318237305,1972300
2008-08-22,25.223817825317383,1450700
2008-08-25,24.452165603637695,2242700
2008-08-26,24.53656768798828,2010100
2008-08-27,25.012832641601562,1184300
2008-08-28,25.036945343017578,1478300
2008-08-29,24.753591537475586,1039400
2008-09-02,23.9035587310791,2562800
2008-09-03,23.698596954345703,1771300
2008-09-04,22.908842086791992,2407700
2008-09-05,22.84855079650879,2047700
2008-09-08,23.204227447509766,2190200
2008-09-09,22.215538024902344,2942800
2008-09-10,22.24568748474121,2023200
2008-09-11,22.299936294555664,3158900
2008-09-12,22.589311599731445,2152900
2008-09-15,20.961584091186523,5483100
2008-09-16,20.67823028564453,4645700
2008-09-17,19.309738159179688,7648800
2008-09-18,20.497373580932617,5726000
2008-09-19,23.493616104125977,6979500
2008-09-22,21.968366622924805,3195300
2008-09-23,21.232872009277344,3129400
2008-09-24,21.57649803161621,3287300
2008-09-25,22.378305435180664,2942600
2008-09-26,21.745304107666016,2884600
2008-09-29,19.37002182006836,3664100
2008-09-30,20.895265579223633,8941600
2008-10-01,20.630008697509766,2963500
2008-10-02,19.104759216308594,3290300
2008-10-03,18.809356689453125,3644400
2008-10-06,17.205738067626953,7464500
2008-10-07,16.04220962524414,5199800
2008-10-08,16.00000762939453,6825100
2008-10-09,15.342890739440918,4378900
2008-10-10,14.95102310180664,9109300
2008-10-13,17.983434677124023,6867700
2008-10-14,17.525259017944336,9970300
2008-10-15,14.836482048034668,4713500
2008-10-16,15.21025562286377,6142600
2008-10-17,15.131891250610352,7540900
2008-10-20,16.012067794799805,3655600
2008-10-21,14.800314903259277,4583900
2008-10-22,13.377548217773438,5015500
2008-10-23,13.534296035766602,6137100
2008-10-24,12.32856559753418,4718600
2008-10-27,11.888476371765137,5075400
2008-10-28,13.908076286315918,6367500
2008-10-29,13.769408226013184,5441500
2008-10-30,15.18011474609375,4689200
2008-10-31,15.198201179504395,7382000
2008-11-03,15.216291427612305,4381400
2008-11-04,16.548616409301758,4220200
2008-11-05,14.619449615478516,4360900
2008-11-06,13.805583953857422,4803100
2008-11-07,14.993229866027832,5287200
2008-11-10,15.047484397888184,3849400
2008-11-11,14.257733345031738,4025000
2008-11-12,13.02186393737793,5449000
2008-11-13,14.752079010009766,9652900
2008-11-14,13.546355247497559,5908300
2008-11-17,13.335350036621094,3473300
2008-11-18,13.154491424560547,4495200
2008-11-19,12.159769058227539,5747300
2008-11-20,11.213271141052246,8599000
2008-11-21,12.660147666931152,9383900
2008-11-24,13.546355247497559,10986100
2008-11-25,13.281094551086426,6553400
2008-11-26,14.185391426086426,5148400
2008-11-28,13.883956909179688,2015200
2008-12-01,12.6541166305542,4993600
2008-12-02,13.359463691711426,6368800
2008-12-03,13.534296035766602,5071600
2008-12-04,12.979662895202637,5554700
2008-12-05,13.612669944763184,5635900
2008-12-08,14.179361343383789,6135600
2008-12-09,14.094958305358887,15147300
2008-12-10,14.96308422088623,5865200
2008-12-11,14.673711776733398,4900200
2008-12-12,14.812373161315918,5492900
2008-12-15,14.697820663452148,5981400
2008-12-16,15.837235450744629,6502300
2008-12-17,15.433320999145508,7356400
2008-12-18,15.137913703918457,4496200
2008-12-19,15.095712661743164,3664000
2008-12-22,14.589310646057129,4972000
2008-12-23,14.402423858642578,4054400
2008-12-24,14.578707695007324,2772500
2008-12-26,14.566024780273438,3177500
2008-12-29,14.623095512390137,3866100
2008-12-30,14.959189414978027,7031700
2008-12-31,14.946507453918457,5240700
2009-01-02,15.745511054992676,3513000
2009-01-05,15.999166488647461,3500100
2009-01-06,16.284526824951172,3923000
2009-01-07,15.422106742858887,3671500
2009-01-08,15.326988220214844,3591100
2009-01-09,14.952847480773926,7520900
2009-01-12,14.261645317077637,2643800
2009-01-13,14.356764793395996,2733000
2009-01-14,13.64653205871582,3337800
2009-01-15,13.830431938171387,4739000
2009-01-16,14.027012825012207,3074000
2009-01-20,12.999716758728027,4326700
2009-01-21,13.72262954711914,4421300
2009-01-22,13.405564308166504,3052700
2009-01-23,13.437273979187012,3815800
2009-01-26,13.64019775390625,3237000
2009-01-27,13.754335403442383,2603000
2009-01-28,14.540656089782715,5417100
2009-01-29,13.79238510131836,2586400
2009-01-30,13.614824295043945,2595100
2009-02-02,13.526050567626953,6690600
2009-02-03,13.912872314453125,4323900
2009-02-04,14.052376747131348,4554200
2009-02-05,14.318717956542969,3686400
2009-02-06,15.009918212890625,4028200
2009-02-09,14.857723236083984,4095300
2009-02-10,14.058723449707031,5821100
2009-02-11,14.388472557067871,3335500
2009-02-12,14.356764793395996,4146300
2009-02-13,14.439202308654785,4104100
2009-02-17,13.304104804992676,4288700
2009-02-18,13.411900520324707,4563400
2009-02-19,13.354833602905273,2712800
2009-02-20,13.037761688232422,5111600
2009-02-23,12.720701217651367,4428600
2009-02-24,13.399222373962402,4927900
2009-02-25,13.20263957977295,8514500
2009-02-26,13.056793212890625,4092800
2009-02-27,13.291415214538574,9580000
2009-03-02,12.669966697692871,6633900
2009-03-03,12.308513641357422,4814100
2009-03-04,13.14556884765625,5043400
2009-03-05,12.56850814819336,3369800
2009-03-06,12.746064186096191,3380400
2009-03-09,12.524121284484863,3473000
2009-03-10,13.526050567626953,3474200
2009-03-11,13.48800277709961,4917200
2009-03-12,13.944576263427734,3081600
2009-03-13,14.033355712890625,4996200
2009-03-16,14.090428352355957,2837200
2009-03-17,14.413836479187012,2790200
2009-03-18,14.724562644958496,5011200
2009-03-19,14.623095512390137,5043700
2009-03-20,14.432863235473633,5091700
2009-03-23,15.70112419128418,5943400
2009-03-24,15.257230758666992,3990000
2009-03-25,15.49820327758789,3910400
2009-03-26,15.85332202911377,4360000
2009-03-27,15.409422874450684,8127600
2009-03-30,14.648460388183594,3329900
2009-03-31,14.940166473388672,4461200
2009-04-01,15.485526084899902,6800700
2009-04-02,16.360626220703125,7133900
2009-04-03,16.55085563659668,7338200
2009-04-06,16.335254669189453,4764200
2009-04-07,15.999166488647461,2587300
2009-04-08,16.26551055908203,3083700
2009-04-09,16.97573471069336,3954300
2009-04-13,17.09621810913086,2724400
2009-04-14,16.829877853393555,3481500
2009-04-15,17.051822662353516,2858600
2009-04-16,17.292800903320312,4183700
2009-04-17,17.1279239654541,6520900
2009-04-20,16.303552627563477,4389300
2009-04-21,16.71573829650879,1359800
2009-04-22,16.582565307617188,3242400
2009-04-23,16.899635314941406,4544100
2009-04-24,17.210357666015625,4327100
2009-04-27,16.63330078125,5848800
2009-04-28,16.544519424438477,3202300
2009-04-29,17.438648223876953,4925400
2009-04-30,17.54644775390625,6352500
2009-05-01,17.8635196685791,3972100
2009-05-04,19.062026977539062,5922200
2009-05-05,18.808372497558594,5728600
2009-05-06,19.207881927490234,7779900
2009-05-07,18.681550979614258,8300900
2009-05-08,19.385435104370117,6015800
2009-05-11,18.947879791259766,3953300
2009-05-12,19.049346923828125,4605800
2009-05-13,18.389848709106445,5276900
2009-05-14,18.662519454956055,3868500
2009-05-15,18.516674041748047,3541200
2009-05-18,19.664457321166992,7933600
2009-05-19,19.797622680664062,6413700
2009-05-20,19.873716354370117,7870600
2009-05-21,19.54397201538086,6126400
2009-05-22,19.740549087524414,5038500
2009-05-26,19.911766052246094,6416300
2009-05-27,19.721525192260742,7637900
2009-05-28,20.330289840698242,5705500
2009-05-29,20.685409545898438,12123300
2009-06-01,21.490755081176758,7320500
2009-06-02,21.180030822753906,5500800
2009-06-03,20.50785255432129,6030000
2009-06-04,20.83125877380371,5692900
2009-06-05,20.86296844482422,6676000
2009-06-08,20.558584213256836,5301200
2009-06-09,20.577604293823242,4541900
2009-06-10,20.774187088012695,4907200
2009-06-11,21.16100311279297,4728800
2009-06-12,20.907350540161133,3904200
2009-06-15,20.152732849121094,3924200
2009-06-16,19.886396408081055,3874600
2009-06-17,19.734209060668945,4724500
2009-06-18,19.696157455444336,4714400
2009-06-19,19.778593063354492,4291000
2009-06-22,19.023977279663086,5719700
2009-06-23,19.144460678100586,4482000
2009-06-24,19.6898193359375,4340000
2009-06-25,20.1781063079834,5150100
2009-06-26,20.285898208618164,10681900
2009-06-29,20.412729263305664,8366400
2009-06-30,20.1781063079834,9863800
2009-07-01,20.60297203063965,15005300
2009-07-02,20.013221740722656,5348500
2009-07-06,20.057613372802734,4367900
2009-07-07,19.588359832763672,4851500
2009-07-08,19.366413116455078,5938700
2009-07-09,19.677135467529297,5322700
2009-07-10,19.43617057800293,3641600
2009-07-13,19.5756778717041,7284000
2009-07-14,19.765913009643555,3542300
2009-07-15,20.793214797973633,6957700
2009-07-16,20.793214797973633,5173300
2009-07-17,21.01515769958496,9444600
2009-07-20,21.66196632385254,8009900
2009-07-21,21.636606216430664,8949200
2009-07-22,21.59221839904785,7043800
2009-07-23,22.169281005859375,8894000
2009-07-24,22.105863571166992,6335600
2009-07-27,22.251710891723633,5512600
2009-07-28,22.13756561279297,5641500
2009-07-29,21.668312072753906,7260300
2009-07-30,22.245380401611328,6664000
2009-07-31,22.378541946411133,8308400
2009-08-03,23.228281021118164,6849800
2009-08-04,23.050722122192383,6216800
2009-08-05,22.854148864746094,6127600
2009-08-06,22.65756607055664,5606500
2009-08-07,22.816089630126953,9778600
2009-08-10,22.6258544921875,4107900
2009-08-11,22.220006942749023,4967400
2009-08-12,22.467317581176758,5971800
2009-08-13,22.847797393798828,5907400
2009-08-14,22.537078857421875,6217900
2009-08-17,21.611248016357422,6829000
2009-08-18,21.966352462768555,5439700
2009-08-19,22.08049774169922,6177900
2009-08-20,22.36586570739746,6278000
2009-08-21,22.784395217895508,4461300
2009-08-24,22.82877540588379,8572800
2009-08-25,22.79707145690918,6926300
2009-08-26,22.670242309570312,4959700
2009-08-27,22.63218879699707,4349300
2009-08-28,22.63218879699707,5566400
2009-08-31,22.220006942749023,5595300
2009-09-01,21.871234893798828,8971900
2009-09-02,22.1312313079834,5278300
2009-09-03,22.537078857421875,6331200
2009-09-04,22.980968475341797,5208100
2009-09-08,23.469247817993164,4561300
2009-09-09,23.51998519897461,7247600
2009-09-10,23.85606575012207,5061100
2009-09-11,23.77996826171875,6748700
2009-09-14,23.767301559448242,3304300
2009-09-15,24.020938873291016,5246700
2009-09-16,24.661415100097656,8883200
2009-09-17,24.445817947387695,10978800
2009-09-18,24.528257369995117,4481200
2009-09-21,24.299968719482422,7178300
2009-09-22,24.737512588500977,5771900
2009-09-23,24.357040405273438,7143400
2009-09-24,23.87509536743164,5512400
2009-09-25,24.05265235900879,4614500
2009-09-28,24.350696563720703,3873100
2009-09-29,24.318984985351562,5031500
2009-09-30,24.433128356933594,27786800
2009-10-01,23.818021774291992,8733700
2009-10-02,23.87509536743164,5997400
2009-10-05,24.40142250061035,6935400
2009-10-06,24.800922393798828,11213600
2009-10-07,24.74385643005371,6984100
2009-10-08,25.124338150024414,6110100
2009-10-09,25.257509231567383,5210200
2009-10-12,25.40969467163086,5060600
2009-10-13,25.41604232788086,25530200
2009-10-14,26.22772979736328,17869700
2009-10-15,26.11358642578125,8450200
2009-10-16,25.733110427856445,9842600
2009-10-19,26.208702087402344,6081400
2009-10-20,25.8028507232666,11033400
2009-10-21,25.714075088500977,12071400
2009-10-22,25.916996002197266,7628100
2009-10-23,25.669689178466797,9072800
2009-10-26,25.435068130493164,6986800
2009-10-27,25.016529083251953,9850300
2009-10-28,23.938507080078125,15079300
2009-10-29,24.953123092651367,13010500
2009-10-30,23.8433837890625,14790500
2009-11-02,24.299968719482422,11016600
2009-11-03,24.058988571166992,9460900
2009-11-04,24.680442810058594,7469700
2009-11-05,25.1940860748291,10930800
2009-11-06,25.11164665222168,9514700
2009-11-09,25.980403900146484,11262900
2009-11-10,25.79651641845703,7054100
2009-11-11,25.961389541625977,8048800
2009-11-12,25.40969467163086,12246400
2009-11-13,25.85993003845215,9179000
2009-11-16,26.481369018554688,11431600
2009-11-17,26.386262893676758,11366900
2009-11-18,26.170654296875,15956800
2009-11-19,25.73944091796875,7029400
2009-11-20,25.714075088500977,5742600
2009-11-23,26.151628494262695,5970300
2009-11-24,26.062850952148438,7800800
2009-11-25,26.278459548950195,6438500
2009-11-27,25.3209171295166,9214900
2009-11-30,25.5555477142334,22169500
2009-12-01,26.196020126342773,7348700
2009-12-02,26.31650733947754,6095700
2009-12-03,26.11992835998535,19789400
2009-12-04,26.2847957611084,10905600
2009-12-07,26.075523376464844,6699100
2009-12-08,25.68870735168457,9300700
2009-12-09,25.85358428955078,10920300
2009-12-10,25.910655975341797,11777100
2009-12-11,26.0438289642334,18813800
2009-12-14,26.176990509033203,12826400
2009-12-15,26.01846694946289,16316900
2009-12-16,26.088224411010742,10942600
2009-12-17,25.365310668945312,8827700
2009-12-18,25.473106384277344,11910400
2009-12-21,25.428712844848633,16585900
2009-12-22,25.593595504760742,16657100
2009-12-23,25.8091983795166,8827600
2009-12-24,26.120927810668945,2458300
2009-12-28,26.236618041992188,7570200
2009-12-29,26.210908889770508,9393000
2009-12-30,26.275182723999023,6366800
2009-12-31,26.352313995361328,4666600
2010-01-04,27.252155303955078,16750400
2010-01-05,27.34212875366211,13083300
2010-01-06,27.509248733520508,16128000
2010-01-07,27.27143096923828,7696600
2010-01-08,27.43853759765625,7663100
2010-01-11,27.47710609436035,8068300
2010-01-12,27.078598022460938,11307800
2010-01-13,27.18785858154297,6855000
2010-01-14,27.12361717224121,6466600
2010-01-15,26.802236557006836,6679600
2010-01-19,27.264999389648438,6807700
2010-01-20,26.59654426574707,12561800
2010-01-21,25.82526397705078,13739200
2010-01-22,25.24679946899414,16390400
2010-01-25,25.491050720214844,13534300
2010-01-26,25.0025634765625,17390700
2010-01-27,24.93185806274414,13263300
2010-01-28,24.835453033447266,18574200
2010-01-29,24.578353881835938,16906200
2010-02-01,25.285364151000977,10503100
2010-02-02,25.407489776611328,19955200
2010-02-03,25.3367862701416,12056000
2010-02-04,24.17984962463379,16197300
2010-02-05,24.134868621826172,22357500
2010-02-08,23.684946060180664,9580200
2010-02-09,24.411245346069336,15141100
2010-02-10,24.334104537963867,8529400
2010-02-11,24.93185806274414,9560200
2010-02-12,24.65547752380371,8314000
2010-02-16,25.285364151000977,9061000
2010-02-17,25.381778717041016,8934700
2010-02-18,25.433197021484375,21926100
2010-02-19,25.266098022460938,8423900
2010-02-22,25.27894401550293,11123200
2010-02-23,24.713333129882812,10393500
2010-02-24,25.0218505859375,6389200
2010-02-25,24.822595596313477,12701600
2010-02-26,25.041120529174805,10527800
2010-03-01,25.458906173706055,7483700
2010-03-02,25.748138427734375,8403900
2010-03-03,25.812410354614258,14434400
2010-03-04,25.645307540893555,29887400
2010-03-05,26.390878677368164,11541900
2010-03-08,26.38445281982422,11589900
2010-03-09,26.493717193603516,14900000
2010-03-10,26.545135498046875,7895100
2010-03-11,26.647974014282227,9597100
2010-03-12,26.57727813720703,8243500
2010-03-15,26.397300720214844,8356000
2010-03-16,26.70581817626953,7216800
2010-03-17,26.975770950317383,6937400
2010-03-18,26.802236557006836,7431800
2010-03-19,26.538705825805664,20515100
2010-03-22,26.60297966003418,14956200
2010-03-23,26.815088272094727,9365300
2010-03-24,26.455154418945312,7008200
2010-03-25,26.320180892944336,21332300
2010-03-26,26.506567001342773,9028600
2010-03-29,26.988622665405273,8973200
2010-03-30,27.078598022460938,5687300
2010-03-31,27.091466903686523,19106800
2010-04-01,27.74062728881836,16635600
2010-04-05,28.017004013061523,8805500
2010-04-06,28.074848175048828,17143500
2010-04-07,27.8563289642334,20281800
2010-04-08,27.927019119262695,18212300
2010-04-09,28.074848175048828,18586000
2010-04-12,27.84346580505371,16340700
2010-04-13,27.82419204711914,15363900
2010-04-14,28.261249542236328,8673000
2010-04-15,28.087705612182617,11688700
2010-04-16,27.34855842590332,19577300
2010-04-19,27.220008850097656,22112700
2010-04-20,27.534954071044922,10697700
2010-04-21,27.425689697265625,12567000
2010-04-22,27.547819137573242,5544900
2010-04-23,27.68921661376953,8959200
2010-04-26,27.702068328857422,11066900
2010-04-27,26.71868133544922,24055400
2010-04-28,26.982200622558594,13648100
2010-04-29,27.380704879760742,14906000
2010-04-30,27.03362274169922,18274100
2010-05-03,27.200733184814453,8161800
2010-05-04,26.082368850708008,15761500
2010-05-05,25.600317001342773,20405800
2010-05-06,24.66191291809082,48930200
2010-05-07,24.687623977661133,37402900
2010-05-10,26.307323455810547,25015200
2010-05-11,25.844547271728516,14562300
2010-05-12,26.2044734954834,12108500
2010-05-13,25.947391510009766,11296700
2010-05-14,25.497467041015625,21039400
2010-05-17,25.37535858154297,21879400
2010-05-18,24.829025268554688,20500900
2010-05-19,24.520505905151367,19301200
2010-05-20,23.408565521240234,39853900
2010-05-21,24.044879913330078,35622700
2010-05-24,23.794214248657227,22918900
2010-05-25,23.56281852722168,25086200
2010-05-26,23.56281852722168,20800100
2010-05-27,24.925432205200195,18128800
2010-05-28,24.552642822265625,15386700
2010-06-01,24.11557960510254,20245500
2010-06-02,24.970422744750977,17532000
2010-06-03,24.867584228515625,15652900
2010-06-04,24.044879913330078,25904000
2010-06-07,23.710655212402344,15199600
2010-06-08,24.224842071533203,27233700
2010-06-09,24.057741165161133,19570200
2010-06-10,24.80974006652832,20720100
2010-06-11,24.98328399658203,13378500
2010-06-14,24.9639949798584,15212000
2010-06-15,25.72242546081543,11313800
2010-06-16,25.690288543701172,13302100
2010-06-17,25.600317001342773,10471100
2010-06-18,25.748138427734375,12347500
2010-06-21,26.223770141601562,14590800
2010-06-22,25.72885513305664,15835200
2010-06-23,25.844547271728516,22607500
2010-06-24,25.458906173706055,16979800
2010-06-25,25.741708755493164,12608800
2010-06-28,25.606733322143555,8237000
2010-06-29,24.623342514038086,21819600
2010-06-30,24.417667388916016,26323400
2010-07-01,24.565502166748047,27289000
2010-07-02,24.616920471191406,22616500
2010-07-06,25.041120529174805,13537200
2010-07-07,25.529605865478516,13967600
2010-07-08,25.696718215942383,15404000
2010-07-09,26.018085479736328,21336200
2010-07-12,25.818836212158203,13063000
2010-07-13,26.127357482910156,10777800
2010-07-14,26.088783264160156,14355000
2010-07-15,26.024517059326172,11402600
2010-07-16,25.30464744567871,17139200
2010-07-19,25.626014709472656,7344600
2010-07-20,26.11448860168457,15362800
2010-07-21,25.883106231689453,15343400
2010-07-22,26.5579891204834,10383500
2010-07-23,26.770095825195312,12109800
2010-07-26,26.937210083007812,10056300
2010-07-27,26.87293815612793,9774800
2010-07-28,26.744386672973633,9538700
2010-07-29,26.821516036987305,9199700
2010-07-30,26.9114990234375,10322700
2010-08-02,27.612089157104492,9660100
2010-08-03,27.47710609436035,16498500
2010-08-04,27.567079544067383,22460800
2010-08-05,27.470672607421875,11763500
2010-08-06,27.406408309936523,25053200
2010-08-09,27.5606632232666,5688500
2010-08-10,27.175024032592773,12525900
2010-08-11,26.37159538269043,11300400
2010-08-12,26.397300720214844,7448700
2010-08-13,26.551563262939453,15756800
2010-08-16,26.7636661529541,12465400
2010-08-17,27.0593204498291,5776900
2010-08-18,27.014328002929688,7579700
2010-08-19,26.821516036987305,11229800
2010-08-20,26.789371490478516,5182000
2010-08-23,26.551563262939453,18178700
2010-08-24,26.26233673095703,9224900
2010-08-25,26.146638870239258,14689200
2010-08-26,25.960235595703125,12745100
2010-08-27,26.487287521362305,7255600
2010-08-30,26.095218658447266,7003000
2010-08-31,26.223770141601562,13275600
2010-09-01,27.097885131835938,14080700
2010-09-02,27.110740661621094,9447200
2010-09-03,27.41283416748047,16200900
2010-09-07,27.04004669189453,9434200
2010-09-08,27.31641387939453,9419600
2010-09-09,27.451398849487305,13622600
2010-09-10,27.592790603637695,10025800
2010-09-13,28.171260833740234,10523300
2010-09-14,28.18413543701172,10812300
2010-09-15,28.20340347290039,9334700
2010-09-16,28.074848175048828,9589800
2010-09-17,28.062000274658203,7872000
2010-09-20,28.511920928955078,8067900
2010-09-21,28.492631912231445,10763200
2010-09-22,28.499065399169922,12252900
2010-09-23,28.344806671142578,10792400
2010-09-24,28.839723587036133,13481100
2010-09-27,28.7818660736084,14029900
2010-09-28,28.974700927734375,11866300
2010-09-29,29.077539443969727,20675000
2010-09-30,29.218929290771484,17898900
2010-10-01,29.67526626586914,24556100
2010-10-04,29.649555206298828,24180600
2010-10-05,30.086645126342773,19091100
2010-10-06,30.144472122192383,12470300
2010-10-07,29.855241775512695,18802500
2010-10-08,30.17019271850586,12629600
2010-10-11,30.157323837280273,9851800
2010-10-12,30.028776168823242,12793900
2010-10-13,30.50441551208496,21899600
2010-10-14,30.54297637939453,22199200
2010-10-15,30.478694915771484,24502000
2010-10-18,30.459415435791016,19618600
2010-10-19,29.521015167236328,16637700
2010-10-20,30.02235221862793,11648400
2010-10-21,29.99021339416504,17779400
2010-10-22,30.067352294921875,8542900
2010-10-25,30.3951416015625,11398300
2010-10-26,30.3951416015625,12222100
2010-10-27,29.893795013427734,15074000
2010-10-28,30.048067092895508,10048700
2010-10-29,30.12519073486328,13528100
2010-11-01,30.440141677856445,12394400
2010-11-02,30.8000545501709,13297400
2010-11-03,31.012170791625977,43025900
2010-11-04,31.699914932250977,18475700
2010-11-05,31.64847755432129,22568600
2010-11-08,31.494226455688477,13433900
2010-11-09,31.1535701751709,15788800
2010-11-10,31.32068634033203,17155300
2010-11-11,31.0828800201416,17749700
2010-11-12,30.350149154663086,22259600
2010-11-15,30.311594009399414,17930000
2010-11-16,29.501741409301758,20856400
2010-11-17,29.63028335571289,31660300
2010-11-18,30.305160522460938,14110100
2010-11-19,30.343734741210938,10441900
2010-11-22,30.279443740844727,14597300
2010-11-23,29.308910369873047,16452600
2010-11-24,29.958086013793945,22499200
2010-11-26,29.308910369873047,9156700
2010-11-29,29.47601890563965,20637900
2010-11-30,29.27035140991211,20764600
2010-12-01,30.15089988708496,16247800
2010-12-02,30.626529693603516,12438000
2010-12-03,30.729393005371094,18852100
2010-12-06,30.71651268005371,17386600
2010-12-07,30.575109481811523,16940500
2010-12-08,30.388710021972656,16283400
2010-12-09,30.318017959594727,19844000
2010-12-10,30.45298194885254,12982400
2010-12-13,30.613672256469727,12862900
2010-12-14,30.645809173583984,22410800
2010-12-15,30.195907592773438,25601600
2010-12-16,30.369426727294922,19989500
2010-12-17,30.343734741210938,20946600
2010-12-20,30.25373077392578,14435900
2010-12-21,30.645809173583984,20479400
2010-12-22,30.76679229736328,11354400
2010-12-23,30.72101593017578,10104600
2010-12-27,30.662153244018555,11203700
2010-12-28,30.68832015991211,6606300
2010-12-29,31.061052322387695,8565100
2010-12-30,31.283370971679688,6507800
2010-12-31,31.486085891723633,6466300
2011-01-03,31.793437957763672,19627100
2011-01-04,31.917682647705078,17722700
2011-01-05,31.79998779296875,19779300
2011-01-06,31.51879119873047,20625400
2011-01-07,31.22453498840332,16971400
2011-01-10,30.90410614013672,13384900
2011-01-11,31.250690460205078,12041300
2011-01-12,31.96346092224121,20144400
2011-01-13,31.603801727294922,17945000
2011-01-14,31.688806533813477,11803500
2011-01-18,31.682281494140625,10206100
2011-01-19,31.42071533203125,11856700
2011-01-20,31.14606285095215,11339800
2011-01-21,30.838714599609375,13123400
2011-01-24,31.047969818115234,10190200
2011-01-25,30.86487579345703,14081700
2011-01-26,31.1525936126709,15445600
2011-01-27,31.047969818115234,25311200
2011-01-28,30.08670997619629,28234100
2011-01-31,30.40060043334961,24583000
2011-02-01,31.05451774597168,24518200
2011-02-02,30.81256103515625,29050400
2011-02-03,30.786409378051758,25834700
2011-02-04,30.773317337036133,11580900
2011-02-07,30.68832015991211,30602900
2011-02-08,30.603321075439453,38073700
2011-02-09,30.00824546813965,48696000
2011-02-10,29.707448959350586,46760500
2011-02-11,30.034399032592773,38066800
2011-02-14,30.014789581298828,20655700
2011-02-15,30.07363510131836,17139000
2011-02-16,30.341733932495117,19851900
2011-02-17,30.479061126708984,18226600
2011-02-18,30.668704986572266,17423300
2011-02-22,29.642040252685547,26949100
2011-02-23,29.61589813232422,28045200
2011-02-24,29.681285858154297,18214800
2011-02-25,30.08670997619629,19346700
2011-02-28,30.348278045654297,17197000
2011-03-01,30.034399032592773,29526500
2011-03-02,30.452913284301758,23243200
2011-03-03,31.021799087524414,26910400
2011-03-04,30.989118576049805,19880900
2011-03-07,30.616384506225586,18600700
2011-03-08,30.9564266204834,29313700
2011-03-09,30.96295738220215,21133100
2011-03-10,30.10633659362793,22350700
2011-03-11,30.32211685180664,18564500
2011-03-14,30.55099868774414,26666000
2011-03-15,30.067087173461914,38708900
2011-03-16,29.419715881347656,36046100
2011-03-17,29.8186092376709,19433200
2011-03-18,29.91014289855957,23674900
2011-03-21,30.446367263793945,13216800
2011-03-22,30.479061126708984,19705200
2011-03-23,30.87141990661621,17444200
2011-03-24,31.250690460205078,20910900
2011-03-25,31.250690460205078,19629900
2011-03-28,31.06757926940918,21712600
2011-03-29,31.37493133544922,14602200
2011-03-30,31.76073455810547,23649000
2011-03-31,32.00923538208008,22962900
2011-04-01,32.53237533569336,29832400
2011-04-04,32.833152770996094,14661100
2011-04-05,32.74161911010742,21920500
2011-04-06,32.89200973510742,25131800
2011-04-07,32.88547897338867,18994600
2011-04-08,32.93780517578125,18156400
2011-04-11,32.56507110595703,13228700
2011-04-12,31.983078002929688,23547400
2011-04-13,32.19886779785156,14397000
2011-04-14,32.388511657714844,17901400
2011-04-15,32.40157699584961,15413400
2011-04-18,31.64957618713379,17958700
2011-04-19,32.074615478515625,11405600
2011-04-20,32.87892532348633,13698900
2011-04-21,33.16012954711914,10812700
2011-04-25,32.87892532348633,12968700
2011-04-26,33.13395690917969,14601100
2011-04-27,33.12744140625,17954200
2011-04-28,32.85279083251953,13139300
2011-04-29,33.08819580078125,13366800
2011-05-02,33.035888671875,16920600
2011-05-03,32.36235046386719,28514100
2011-05-04,31.780366897583008,35558400
2011-05-05,31.44686508178711,33800000
2011-05-06,31.871906280517578,28356800
2011-05-09,31.956920623779297,14276200
2011-05-10,32.231563568115234,22756100
2011-05-11,31.64303970336914,23333400
2011-05-12,31.64303970336914,25494400
2011-05-13,31.008731842041016,39648700
2011-05-16,31.002201080322266,16040600
2011-05-17,31.14606285095215,21527000
2011-05-18,31.59726333618164,9276800
2011-05-19,31.440311431884766,14876400
2011-05-20,31.1983642578125,19138000
2011-05-23,30.557537078857422,20700000
2011-05-24,30.819095611572266,20220000
2011-05-25,30.891033172607422,23566600
2011-05-26,31.270305633544922,11640900
2011-05-27,31.584192276000977,16645700
2011-05-31,32.113861083984375,20600000
2011-06-01,31.64957618713379,20522900
2011-06-02,31.924222946166992,9586100
2011-06-03,31.72804832458496,20651200
2011-06-06,31.302993774414062,13755500
2011-06-07,31.55148696899414,14277000
2011-06-08,31.348770141601562,14125500
2011-06-09,31.525314331054688,21468000
2011-06-10,30.877948760986328,17367400
2011-06-13,30.819095611572266,14065100
2011-06-14,31.257234573364258,13857000
2011-06-15,30.642536163330078,24708800
2011-06-16,30.40060043334961,17614600
2011-06-17,30.452913284301758,27241700
2011-06-20,30.367910385131836,12113800
2011-06-21,30.89757537841797,17198900
2011-06-22,30.655622482299805,19447500
2011-06-23,30.498676300048828,19640900
2011-06-24,30.498676300048828,12697100
2011-06-27,30.773317337036133,14577200
2011-06-28,31.172212600708008,14198300
2011-06-29,31.43378448486328,21791700
2011-06-30,31.793437957763672,24351400
2011-07-01,32.15962219238281,14643700
2011-07-05,32.074615478515625,15211900
2011-07-06,31.98961639404297,17959600
2011-07-07,32.375423431396484,13856900
2011-07-08,32.041927337646484,16989400
2011-07-11,31.126440048217773,29405800
2011-07-12,30.851791381835938,15201200
2011-07-13,31.31607437133789,22930200
2011-07-14,31.03489875793457,26887500
2011-07-15,31.211458206176758,23968200
2011-07-18,30.858327865600586,17944400
2011-07-19,31.302993774414062,14880600
2011-07-20,31.368389129638672,13645200
2011-07-21,31.806516647338867,12279700
2011-07-22,31.83267593383789,17812500
2011-07-25,31.793437957763672,17815300
2011-07-26,31.93077278137207,20568800
2011-07-27,31.427249908447266,16224900
2011-07-28,31.459941864013672,16963800
2011-07-29,31.59726333618164,29921100
2011-08-01,31.57110023498535,23282200
2011-08-02,30.649080276489258,19827200
2011-08-03,30.51176643371582,57941000
2011-08-04,28.765806198120117,53168500
2011-08-05,28.54347801208496,53412100
2011-08-08,26.241687774658203,84218900
2011-08-09,27.641056060791016,70857000
2011-08-10,26.21552276611328,45774500
2011-08-11,27.7260799407959,48216500
2011-08-12,27.706459045410156,30435800
2011-08-15,28.373455047607422,20611900
2011-08-16,28.0595645904541,26005100
2011-08-17,28.249202728271484,28824000
2011-08-18,27.052541732788086,31123900
2011-08-19,26.640565872192383,34652400
2011-08-22,26.614416122436523,17535200
2011-08-23,27.529897689819336,25261700
2011-08-24,27.340269088745117,22082500
2011-08-25,26.804054260253906,28424900
2011-08-26,27.20292854309082,27266300
2011-08-29,28.079187393188477,13568700
2011-08-30,28.118423461914062,16784900
2011-08-31,28.726573944091797,23863200
2011-09-01,28.58924102783203,28644400
2011-09-02,27.98110580444336,20675600
2011-09-06,27.647611618041992,24786200
2011-09-07,28.458459854125977,11876500
2011-09-08,27.876474380493164,31514700
2011-09-09,26.908681869506836,34029900
2011-09-12,26.810592651367188,28205700
2011-09-13,26.849822998046875,34523400
2011-09-14,26.73865509033203,37946100
2011-09-15,27.09177589416504,17350500
2011-09-16,27.157163619995117,14933800
2011-09-19,26.39208221435547,21693300
2011-09-20,26.293991088867188,27475800
2011-09-21,25.29351234436035,42542200
2011-09-22,23.541004180908203,60839500
2011-09-23,24.05759620666504,47198900
2011-09-26,24.293010711669922,48254400
2011-09-27,25.058095932006836,53512600
2011-09-28,24.44340705871582,55360800
2011-09-29,24.73113441467285,25792600
2011-09-30,23.429838180541992,82505500
2011-10-03,23.017873764038086,70437700
2011-10-04,23.3121395111084,37435700
2011-10-05,23.717567443847656,26171700
2011-10-06,24.508813858032227,35352900
2011-10-07,24.201461791992188,22779300
2011-10-10,25.29351234436035,16927700
2011-10-11,25.365428924560547,15757200
2011-10-12,26.071664810180664,33934200
2011-10-13,25.88203239440918,23282200
2011-10-14,26.300535202026367,27867900
2011-10-17,25.496217727661133,17982500
2011-10-18,26.150135040283203,34114900
2011-10-19,25.698930740356445,21685400
2011-10-20,25.195415496826172,21934700
2011-10-21,25.895105361938477,22252400
2011-10-24,26.849822998046875,31743800
2011-10-25,26.352848052978516,22296500
2011-10-26,26.82366943359375,14933700
2011-10-27,28.425762176513672,67958300
2011-10-28,28.268817901611328,21817600
2011-10-31,27.157163619995117,27466400
2011-11-01,26.555564880371094,41132900
2011-11-02,27.268329620361328,40603900
2011-11-03,27.569133758544922,19027500
2011-11-04,27.45142936706543,24140200
2011-11-07,27.647611618041992,13267700
2011-11-08,27.99417495727539,16487800
2011-11-09,26.457469940185547,21295600
2011-11-10,26.594799041748047,14127700
2011-11-11,27.20292854309082,7550100
2011-11-14,26.882522583007812,7964000
2011-11-15,27.019845962524414,11414500
2011-11-16,26.385541915893555,24760300
2011-11-17,25.731630325317383,27050100
2011-11-18,25.790481567382812,13666500
2011-11-21,24.992704391479492,16272300
2011-11-22,25.038482666015625,18265000
2011-11-23,24.312631607055664,27847400
2011-11-25,24.201461791992188,10045900
2011-11-28,25.26734733581543,19723300
2011-11-29,25.130023956298828,14727200
2011-11-30,26.692882537841797,25517100
2011-12-01,26.640565872192383,15244600
2011-12-02,26.575180053710938,21057000
2011-12-05,27.013303756713867,40185800
2011-12-06,26.614416122436523,13930300
2011-12-07,26.76481819152832,30186200
2011-12-08,25.855876922607422,14669500
2011-12-09,26.28746223449707,15732500
2011-12-12,25.35889434814453,30489700
2011-12-13,25.143104553222656,25584500
2011-12-14,24.783445358276367,19308800
2011-12-15,24.9338436126709,16025500
2011-12-16,25.11040687561035,24481400
2011-12-19,24.463031768798828,18613100
2011-12-20,25.430828094482422,19927900
2011-12-21,25.562049865722656,23553400
2011-12-22,25.816476821899414,29063900
2011-12-23,25.930280685424805,14636300
2011-12-27,25.722740173339844,15551500
2011-12-28,25.287553787231445,19166300
2011-12-29,25.54865264892578,16190400
2011-12-30,25.58213233947754,15639900
2012-01-03,26.331995010375977,29435300
2012-01-04,26.25834846496582,13972300
2012-01-05,26.131145477294922,18686900
2012-01-06,25.82316780090332,21649100
2012-01-09,26.030712127685547,22563300
2012-01-10,26.61318016052246,16547600
2012-01-11,26.619869232177734,20206000
2012-01-12,26.753782272338867,19255700
2012-01-13,26.526151657104492,13618200
2012-01-17,26.961328506469727,26786400
2012-01-18,27.624162673950195,20889700
2012-01-19,27.885263442993164,16341700
2012-01-20,27.918750762939453,16880900
2012-01-23,28.0660343170166,14202900
2012-01-24,28.119598388671875,12564400
2012-01-25,28.447660446166992,19387300
2012-01-26,28.333837509155273,43435600
2012-01-27,28.541397094726562,20204900
2012-01-30,28.112903594970703,15422600
2012-01-31,28.340534210205078,39885300
2012-02-01,28.996662139892578,39432300
2012-02-02,29.110471725463867,29546200
2012-02-03,29.599225997924805,31704100
2012-02-06,29.324722290039062,21268600
2012-02-07,29.384977340698242,24170600
2012-02-08,29.612607955932617,26597000
2012-02-09,29.599225997924805,21133600
2012-02-10,28.976573944091797,27037400
2012-02-13,29.411746978759766,16566700
2012-02-14,29.1975154876709,13739500
2012-02-15,29.277868270874023,17974400
2012-02-16,29.572446823120117,21315500
2012-02-17,29.646089553833008,22421200
2012-02-21,29.532270431518555,17394000
2012-02-22,29.625995635986328,22059800
2012-02-23,29.559049606323242,19247700
2012-02-24,29.800067901611328,22093300
2012-02-27,29.559049606323242,12416800
2012-02-28,29.93398666381836,25745200
2012-02-29,29.880434036254883,37502500
2012-03-01,30.188404083251953,20749300
2012-03-02,30.108049392700195,9799600
2012-03-05,29.659486770629883,14442600
2012-03-06,28.615032196044922,31132100
2012-03-07,28.956491470336914,21608800
2012-03-08,29.592527389526367,11262100
2012-03-09,29.56574058532715,17740500
2012-03-12,29.291242599487305,10361000
2012-03-13,30.04111099243164,13860100
2012-03-14,29.532270431518555,30530300
2012-03-15,29.773298263549805,15934100
2012-03-16,29.759910583496094,25365200
2012-03-19,29.592527389526367,15598300
2012-03-20,29.177427291870117,20775900
2012-03-21,29.244375228881836,17684300
2012-03-22,28.78911018371582,16047000
2012-03-23,28.996662139892578,13305500
2012-03-26,29.44522476196289,14624300
2012-03-27,29.311336517333984,17383400
2012-03-28,28.896221160888672,15898400
2012-03-29,28.80249786376953,25561800
2012-03-30,29.103776931762695,33896200
2012-04-02,29.43184471130371,34417400
2012-04-03,29.318025588989258,35868100
2012-04-04,28.73553466796875,14487400
2012-04-05,28.902929306030273,14142700
2012-04-09,28.48114013671875,14898900
2012-04-10,27.9321346282959,20828900
2012-04-11,28.21332550048828,19628000
2012-04-12,28.929712295532227,20291300
2012-04-13,28.501203536987305,41026500
2012-04-16,28.367313385009766,33695700
2012-04-17,28.661903381347656,22008100
2012-04-18,28.534690856933594,24114000
2012-04-19,28.440961837768555,14618500
2012-04-20,28.621732711791992,14799600
2012-04-23,28.099515914916992,15237500
2012-04-24,28.146373748779297,16710900
2012-04-25,28.387401580810547,22048100
2012-04-26,28.561466217041016,13222900
2012-04-27,28.574861526489258,19214600
2012-04-30,28.4945125579834,29346300
2012-05-01,28.69537925720215,18281400
2012-05-02,28.661903381347656,18263100
2012-05-03,28.387401580810547,24126900
2012-05-04,27.918750762939453,14597800
2012-05-07,27.979001998901367,20463400
2012-05-08,27.577289581298828,30027200
2012-05-09,27.20235824584961,33932400
2012-05-10,27.342960357666016,20783700
2012-05-11,26.968029022216797,14768200
2012-05-14,26.35877227783203,27986000
2012-05-15,26.157920837402344,22141400
2012-05-16,25.742822647094727,27216800
2012-05-17,25.408058166503906,19529700
2012-05-18,25.247379302978516,35088400
2012-05-21,25.829862594604492,23786900
2012-05-22,25.62230110168457,24917900
2012-05-23,25.414764404296875,26443800
2012-05-24,25.26077651977539,18569600
2012-05-25,25.153650283813477,21391800
2012-05-29,25.849945068359375,20573100
2012-05-30,25.374591827392578,28555300
2012-05-31,25.45493507385254,43026500
2012-06-01,24.82558822631836,26069500
2012-06-04,24.91931915283203,23347800
2012-06-05,25.013050079345703,23440000
2012-06-06,25.71604347229004,15291200
2012-06-07,25.836545944213867,18685000
2012-06-08,25.62230110168457,13580500
2012-06-11,25.307634353637695,16353800
2012-06-12,25.836545944213867,24577200
2012-06-13,25.709341049194336,24493300
2012-06-14,25.85663604736328,25287400
2012-06-15,26.271739959716797,36920800
2012-06-18,26.372156143188477,25999700
2012-06-19,26.773868560791016,41175700
2012-06-20,26.733705520629883,29554000
2012-06-21,25.75620460510254,25765200
2012-06-22,25.863340377807617,17082900
2012-06-25,25.394672393798828,27448300
2012-06-26,25.62230110168457,15377000
2012-06-27,25.762903213500977,17699500
2012-06-28,25.655786514282227,14286700
2012-06-29,26.733705520629883,29285800
2012-07-02,26.760478973388672,18237600
2012-07-03,27.24922752380371,18407000
2012-07-05,27.014892578125,18649900
2012-07-06,26.526151657104492,22628000
2012-07-09,26.4056396484375,11112900
2012-07-10,26.144527435302734,23284300
2012-07-11,26.26503562927246,28661900
2012-07-12,25.849945068359375,22893300
2012-07-13,26.331995010375977,20163400
2012-07-16,26.27843475341797,13316400
2012-07-17,26.593101501464844,28214600
2012-07-18,26.499364852905273,21121200
2012-07-19,26.767166137695312,17270900
2012-07-20,26.36546516418457,14749100
2012-07-23,25.722740173339844,20297600
2012-07-24,25.615612030029297,11305500
2012-07-25,25.722740173339844,18474600
2012-07-26,26.271739959716797,32678300
2012-07-27,27.041675567626953,33030700
2012-07-30,26.880992889404297,17334700
2012-07-31,26.787260055541992,29064600
2012-08-01,26.874298095703125,25117400
2012-08-02,26.499364852905273,33661800
2012-08-03,27.289392471313477,14182000
2012-08-06,27.456769943237305,17828300
2012-08-07,27.510332107543945,20100300
2012-08-08,27.590682983398438,17925200
2012-08-09,27.724576950073242,15486900
2012-08-10,27.851781845092773,15107700
2012-08-13,27.624162673950195,14542000
2012-08-14,27.6308536529541,12311600
2012-08-15,27.557205200195312,9522500
2012-08-16,27.838397979736328,20785000
2012-08-17,27.684402465820312,18921900
2012-08-20,27.684402465820312,18635500
2012-08-21,27.624162673950195,11078500
2012-08-22,27.64423942565918,19441500
2012-08-23,27.403209686279297,12478800
2012-08-24,27.416601181030273,18320100
2012-08-27,27.14209747314453,13327700
2012-08-28,27.095230102539062,10077300
2012-08-29,26.961328506469727,11200900
2012-08-30,26.633275985717773,22200100
2012-08-31,26.854204177856445,37323900
2012-09-04,26.727001190185547,21548200
2012-09-05,26.586406707763672,17215700
2012-09-06,27.155500411987305,29104400
2012-09-07,27.791532516479492,23327600
2012-09-10,27.456769943237305,16988100
2012-09-11,27.758058547973633,19306400
2012-09-12,27.878568649291992,20990100
2012-09-13,28.58824920654297,46426200
2012-09-14,28.936391830444336,28960700
2012-09-17,28.681982040405273,26321300
2012-09-18,28.661903381347656,14618300
2012-09-19,28.65520668029785,18620800
2012-09-20,28.514617919921875,15323900
2012-09-21,28.554779052734375,14766700
2012-09-24,28.544612884521484,14587400
2012-09-25,28.131113052368164,16980000
2012-09-26,28.002321243286133,23871300
2012-09-27,28.449716567993164,16421700
2012-09-28,28.280250549316406,19055600
2012-10-01,28.578510284423828,13696900
2012-10-02,28.558164596557617,18495100
2012-10-03,28.409038543701172,13027200
2012-10-04,28.673391342163086,19160500
2012-10-05,28.653066635131836,26957200
2012-10-08,28.388702392578125,12132200
2012-10-09,28.158231735229492,15267400
2012-10-10,28.0158748626709,14868700
2012-10-11,28.280250549316406,10853800
2012-10-12,28.198894500732422,15733100
2012-10-15,28.388702392578125,12002000
2012-10-16,28.639514923095703,24583500
2012-10-17,28.8699951171875,20533700
2012-10-18,28.788646697998047,14395100
2012-10-19,28.341257095336914,18703100
2012-10-22,28.632736206054688,15256600
2012-10-23,28.036222457885742,16777800
2012-10-24,28.083660125732422,11277600
2012-10-25,28.3615779876709,11473400
2012-10-26,28.16501235961914,13957800
2012-10-31,28.124340057373047,20021100
2012-11-01,28.53782844543457,18799600
2012-11-02,28.3615779876709,18809700
2012-11-05,28.497159957885742,15446800
2012-11-06,28.68018913269043,18335500
2012-11-07,28.246347427368164,36917500
2012-11-08,27.90064811706543,32682500
2012-11-09,28.002321243286133,32991700
2012-11-12,28.083660125732422,12163400
2012-11-13,27.819307327270508,14613800
2012-11-14,27.412595748901367,21341400
2012-11-15,27.507495880126953,19735500
2012-11-16,27.575275421142578,20789500
2012-11-19,28.06333351135254,14642900
2012-11-20,27.995548248291016,17975600
2012-11-21,27.954877853393555,12253600
2012-11-23,28.388702392578125,5113900
2012-11-26,28.42937469482422,11487700
2012-11-27,28.19212532043457,10176700
2012-11-28,28.327699661254883,16353500
2012-11-29,28.52427864074707,16230100
2012-11-30,28.483606338500977,32907600
2012-12-03,28.490371704101562,25021400
2012-12-04,28.5649471282959,23493300
2012-12-05,28.890316009521484,17532300
2012-12-06,29.073335647583008,17100700
2012-12-07,29.17501449584961,15659600
2012-12-10,29.37159538269043,13555800
2012-12-11,29.520740509033203,18825500
2012-12-12,29.635967254638672,22271600
2012-12-13,29.493619918823242,20015300
2012-12-14,29.64275360107422,17409300
2012-12-17,29.717309951782227,22566600
2012-12-18,29.900327682495117,20192700
2012-12-19,29.859661102294922,24975700
2012-12-20,30.065107345581055,26727000
2012-12-21,29.736370086669922,36781400
2012-12-24,29.67474365234375,3808000
2012-12-26,29.75008201599121,12662200
2012-12-27,29.962387084960938,15200700
2012-12-28,30.051410675048828,17555700
2012-12-31,30.496572494506836,23846300
2013-01-02,31.14033317565918,25446200
2013-01-03,30.955429077148438,47765500
2013-01-04,31.010210037231445,19000300
2013-01-07,30.743120193481445,16385200
2013-01-08,30.489727020263672,16626800
2013-01-09,30.66777801513672,15458300
2013-01-10,30.941730499267578,22008300
2013-01-11,30.708873748779297,20592300
2013-01-14,30.832162857055664,14793500
2013-01-15,30.71572494506836,15723900
2013-01-16,30.660932540893555,12085600
2013-01-17,30.873245239257812,15182200
2013-01-18,30.907480239868164,10905200
2013-01-22,30.880084991455078,12863000
2013-01-23,30.681476593017578,20810700
2013-01-24,30.59246063232422,17504400
2013-01-25,30.517112731933594,13662100
2013-01-28,30.29110336303711,22382700
2013-01-29,30.647241592407227,21512200
2013-01-30,30.489727020263672,14045900
2013-01-31,30.517112731933594,26095400
2013-02-01,30.722566604614258,12021200
2013-02-04,30.32535743713379,13499000
2013-02-05,30.41438865661621,33305400
2013-02-06,30.339061737060547,18427800
2013-02-07,30.092506408691406,14299500
2013-02-08,30.332204818725586,13048000
2013-02-11,30.318510055541992,10492600
2013-02-12,30.36644744873047,11362600
2013-02-13,30.489727020263672,10556900
2013-02-14,30.462339401245117,10268300
2013-02-15,30.41438865661621,13824200
2013-02-19,30.428083419799805,19722800
2013-02-20,30.147296905517578,30313700
2013-02-21,29.80486488342285,26589300
2013-02-22,29.921302795410156,18602100
2013-02-25,29.47612953186035,29123800
2013-02-26,29.67474365234375,30166000
2013-02-27,29.941843032836914,20752600
2013-02-28,29.798025131225586,31158700
2013-03-01,29.839111328125,17239900
2013-03-04,29.578857421875,18459000
2013-03-05,29.914447784423828,17769800
2013-03-06,30.07195472717285,13156800
2013-03-07,30.147296905517578,18762400
2013-03-08,30.42123794555664,27187200
2013-03-11,30.284259796142578,14793400
2013-03-12,29.97608184814453,17453400
2013-03-13,29.68844223022461,12152600
2013-03-14,29.839111328125,13816800
2013-03-15,29.592575073242188,12922000
2013-03-18,29.263839721679688,17460800
2013-03-19,29.0378360748291,15842900
2013-03-20,29.20903778076172,19376800
2013-03-21,28.94194793701172,17197000
2013-03-22,29.029739379882812,18292100
2013-03-25,28.96800994873047,16929500
2013-03-26,29.297191619873047,21237300
2013-03-27,29.406919479370117,11982900
2013-03-28,29.42063331604004,17741300
2013-04-01,29.160043716430664,21973300
2013-04-02,29.187467575073242,25705400
2013-04-03,28.823989868164062,14592800
2013-04-04,28.817134857177734,22689600
2013-04-05,28.775985717773438,26455900
2013-04-08,28.85142707824707,11990100
2013-04-09,29.153181076049805,14343000
2013-04-10,29.406919479370117,12786300
2013-04-11,29.400054931640625,10005100
2013-04-12,29.036590576171875,36404100
2013-04-15,28.275362014770508,22504100
2013-04-16,28.899429321289062,14326000
2013-04-17,28.48109245300293,19005000
2013-04-18,28.542818069458008,15909400
2013-04-19,28.95429801940918,13701500
2013-04-22,29.029739379882812,15684100
2013-04-23,29.17375373840332,16112400
2013-04-24,29.358917236328125,13020700
2013-04-25,29.605796813964844,10662000
2013-04-26,29.331472396850586,8478200
2013-04-29,29.640090942382812,9419400
2013-04-30,30.010408401489258,18425900
2013-05-01,29.694961547851562,13443000
2013-05-02,29.969266891479492,14142600
2013-05-03,30.17500877380371,13122800
2013-05-06,30.20929718017578,10360300
2013-05-07,30.449344635009766,11356500
2013-05-08,30.716793060302734,8591000
2013-05-09,30.476762771606445,10075900
2013-05-10,30.360177993774414,10651600
2013-05-13,30.085859298706055,6943700
2013-05-14,30.229875564575195,16897600
2013-05-15,30.20242691040039,17981000
2013-05-16,30.085859298706055,12388400
2013-05-17,30.188724517822266,13544200
2013-05-20,30.25731658935547,11132900
2013-05-21,30.236730575561523,12035000
2013-05-22,29.893835067749023,17340800
2013-05-23,29.674379348754883,20936300
2013-05-24,29.379484176635742,22998800
2013-05-28,29.52350425720215,17409200
2013-05-29,29.112022399902344,18052400
2013-05-30,29.043441772460938,20826400
2013-05-31,28.487947463989258,30571000
2013-06-03,28.940582275390625,27019400
2013-06-04,28.611400604248047,18723900
2013-06-05,28.028459548950195,19904700
2013-06-06,28.316509246826172,18915000
2013-06-07,28.19306182861328,14339100
2013-06-10,27.795299530029297,16252000
2013-06-11,27.246667861938477,19352200
2013-06-12,27.061504364013672,16641000
2013-06-13,27.685579299926758,20134600
2013-06-14,27.287803649902344,25794300
2013-06-17,27.47983741760254,20658000
2013-06-18,27.541547775268555,19146900
2013-06-19,26.663732528686523,36388300
2013-06-20,25.504745483398438,79385400
2013-06-21,25.95737075805664,45082800
2013-06-24,25.370708465576172,51498400
2013-06-25,25.85726547241211,45888900
2013-06-26,26.406402587890625,37348400
2013-06-27,26.809545516967773,43154000
2013-06-28,26.96245574951172,37191500
2013-07-01,27.011119842529297,21667300
2013-07-02,26.5523624420166,24205200
2013-07-03,26.343841552734375,20680400
2013-07-05,26.218725204467773,26303700
2013-07-08,26.26042366027832,19516800
2013-07-09,26.573211669921875,18296600
2013-07-10,26.316041946411133,32041300
2013-07-11,27.539382934570312,54366800
2013-07-12,27.247453689575195,13095500
2013-07-15,27.601945877075195,16138600
2013-07-16,27.650598526000977,12195300
2013-07-17,27.879985809326172,22000400
2013-07-18,27.6088924407959,22677600
2013-07-19,27.49071502685547,20427200
2013-07-22,27.78266716003418,17309900
2013-07-23,28.0885009765625,16429600
2013-07-24,27.747907638549805,18677000
2013-07-25,27.93558120727539,12092600
2013-07-26,27.84522819519043,12764500
2013-07-29,27.497690200805664,18507300
2013-07-30,27.31000518798828,23454600
2013-07-31,27.150144577026367,21470300
2013-08-01,27.650598526000977,15774300
2013-08-02,27.664505004882812,17624200
2013-08-05,27.45597267150879,9279000
2013-08-06,27.115385055541992,17316700
2013-08-07,26.802597045898438,15020500
2013-08-08,27.40036964416504,14770900
2013-08-09,27.51158905029297,12429900
2013-08-12,27.734018325805664,9830500
2013-08-13,27.84522819519043,15318100
2013-08-14,27.928630828857422,11819400
2013-08-15,27.601945877075195,13614500
2013-08-16,27.30305290222168,18802300
2013-08-19,26.767839431762695,18225100
2013-08-20,26.733081817626953,18965400
2013-08-21,26.142257690429688,19546700
2013-08-22,26.56626319885254,14534500
2013-08-23,26.879047393798828,16412100
2013-08-26,26.559307098388672,8761100
2013-08-27,25.871179580688477,26627400
2013-08-28,25.850330352783203,20212000
2013-08-29,26.00324821472168,18987400
2013-08-30,26.218725204467773,47137400
2013-09-03,26.37163734436035,29742300
2013-09-04,26.781734466552734,15429300
2013-09-05,27.1431884765625,18443500
2013-09-06,27.51158905029297,20473300
2013-09-09,28.317890167236328,21642900
2013-09-10,28.54031753540039,30922900
2013-09-11,28.582014083862305,18174100
2013-09-12,28.206666946411133,19544100
2013-09-13,28.415197372436523,19008600
2013-09-16,28.72798728942871,19618100
2013-09-17,28.707136154174805,18979700
2013-09-18,29.86794090270996,30886500
2013-09-19,29.74976921081543,30950400
2013-09-20,29.0407772064209,25118500
2013-09-23,29.191465377807617,22042800
2013-09-24,28.897106170654297,18014700
2013-09-25,28.721879959106445,16543200
2013-09-26,28.805984497070312,11859400
2013-09-27,28.399471282958984,17579700
2013-09-30,28.12613296508789,26400200
2013-10-01,28.686838150024414,16989800
2013-10-02,28.777952194213867,10574200
2013-10-03,28.700855255126953,15040400
2013-10-04,29.086336135864258,14847900
2013-10-07,28.82701301574707,15935200
2013-10-08,28.55367088317871,23228800
2013-10-09,28.777952194213867,20172000
2013-10-10,29.422754287719727,16318100
2013-10-11,29.541906356811523,11041300
2013-10-14,29.731142044067383,15091100
2013-10-15,29.37371253967285,19654800
2013-10-16,29.583948135375977,18815300
2013-10-17,29.78722381591797,17451300
2013-10-18,29.78722381591797,16546000
2013-10-21,29.801231384277344,13128700
2013-10-22,30.07457160949707,19353200
2013-10-23,29.41574478149414,22265300
2013-10-24,29.352664947509766,18132700
2013-10-25,29.5208797454834,14390700
2013-10-28,29.6049861907959,13861700
2013-10-29,29.689098358154297,9218500
2013-10-30,29.541906356811523,17838800
2013-10-31,29.345651626586914,20353600
2013-11-01,29.331640243530273,19047400
2013-11-04,29.5208797454834,12040900
2013-11-05,28.93214225769043,17095000
2013-11-06,29.037267684936523,15901700
2013-11-07,28.532649993896484,19648100
2013-11-08,28.434520721435547,47208300
2013-11-11,28.30135154724121,10337900
2013-11-12,28.105112075805664,18527500
2013-11-13,28.217252731323242,19114000
2013-11-14,28.679832458496094,14657100
2013-11-15,29.163434982299805,18723400
2013-11-18,29.45079231262207,17858700
2013-11-19,29.17044448852539,18596600
2013-11-20,28.805984497070312,25865700
2013-11-21,28.798986434936523,12720800
2013-11-22,28.981203079223633,9531100
2013-11-25,28.630762100219727,15174100
2013-11-26,28.65178871154785,12566300
2013-11-27,28.834016799926758,9395600
2013-11-29,29.072317123413086,8886600
2013-12-02,28.525630950927734,24138300
2013-12-03,28.42049217224121,21322000
2013-12-04,28.42751121520996,29191100
2013-12-05,28.336397171020508,27715500
2013-12-06,28.96718406677246,23180700
2013-12-09,28.97420310974121,15373900
2013-12-10,29.030263900756836,26049000
2013-12-11,28.441526412963867,25228300
2013-12-12,28.189218521118164,19571300
2013-12-13,28.273324966430664,18957500
2013-12-16,28.413503646850586,15484000
2013-12-17,28.22426414489746,15132200
2013-12-18,28.686838150024414,37865600
2013-12-19,28.210237503051758,20168300
2013-12-20,28.151039123535156,21910500
2013-12-23,28.355396270751953,19991100
2013-12-24,28.503374099731445,10329600
2013-12-26,28.320161819458008,8545800
2013-12-27,28.658397674560547,12732200
2013-12-30,28.764095306396484,12105200
2013-12-31,28.989591598510742,13949700
2014-01-02,27.974889755249023,48716300
2014-01-03,27.939651489257812,44478300
2014-01-06,27.671892166137695,14390900
2014-01-07,27.784639358520508,15990800
2014-01-08,27.735305786132812,21010100
2014-01-09,27.559131622314453,16266900
2014-01-10,28.09467887878418,26005300
2014-01-13,27.742359161376953,16094200
2014-01-14,28.052391052246094,12584300
2014-01-15,28.045352935791016,13821900
2014-01-16,27.890331268310547,12403800
2014-01-17,27.791671752929688,9840600
2014-01-21,27.707120895385742,19951000
2014-01-22,28.059444427490234,16219800
2014-01-23,27.418214797973633,19647300
2014-01-24,26.74878692626953,32588900
2014-01-27,26.572612762451172,33060600
2014-01-28,26.74878692626953,22512700
2014-01-29,26.276668548583984,33390800
2014-01-30,26.551477432250977,25723100
2014-01-31,26.5444278717041,24855500
2014-02-03,25.83977699279785,31513700
2014-02-04,26.438730239868164,22462700
2014-02-05,26.347131729125977,17615800
2014-02-06,26.868579864501953,28605500
2014-02-07,26.97426986694336,18019700
2014-02-10,26.67127227783203,9570000
2014-02-11,27.235002517700195,26770500
2014-02-12,27.192712783813477,16511100
2014-02-13,27.22089958190918,18583900
2014-02-14,27.552091598510742,10676700
2014-02-18,27.31955909729004,12031000
2014-02-19,27.199758529663086,34637000
2014-02-20,27.340688705444336,27963500
2014-02-21,27.530956268310547,26589200
2014-02-24,27.502763748168945,18554500
2014-02-25,27.15748405456543,14129700
2014-02-26,27.087013244628906,14250900
2014-02-27,27.622562408447266,19574100
2014-02-28,27.404111862182617,21899800
2014-03-03,26.924942016601562,26634900
2014-03-04,27.3688907623291,13426800
2014-03-05,27.45343589782715,10025800
2014-03-06,27.833951950073242,13865300
2014-03-07,27.446392059326172,19698800
2014-03-10,27.284330368041992,14103000
2014-03-11,26.96722984313965,17460500
2014-03-12,27.072925567626953,19015100
2014-03-13,26.607845306396484,18654100
2014-03-14,26.784006118774414,15544300
2014-03-17,27.072925567626953,13620200
2014-03-18,27.488676071166992,14198000
2014-03-19,26.94607925415039,22847800
2014-03-20,27.072925567626953,18680400
2014-03-21,27.235002517700195,19791100
2014-03-24,27.474592208862305,23802000
2014-03-25,27.902048110961914,17673500
2014-03-26,27.909114837646484,26585300
2014-03-27,28.2341251373291,16809800
2014-03-28,28.46022605895996,15315900
2014-03-31,28.672197341918945,20248500
2014-04-01,28.94775390625,12472100
2014-04-02,29.05373764038086,11813800
2014-04-03,28.884164810180664,23427100
2014-04-04,28.834701538085938,38442400
2014-04-07,28.990150451660156,12439600
2014-04-08,29.25864601135254,29428700
2014-04-09,29.491804122924805,13632000
2014-04-10,29.209184646606445,18638200
2014-04-11,29.195053100585938,15167400
2014-04-14,29.15265464782715,11506100
2014-04-15,28.721654891967773,23778900
2014-04-16,29.018407821655273,12091800
2014-04-17,29.3646297454834,10141600
2014-04-21,29.173847198486328,8541100
2014-04-22,29.074939727783203,9462800
2014-04-23,28.919496536254883,14422900
2014-04-24,28.919496536254883,10679300
2014-04-25,28.587406158447266,15519200
2014-04-28,28.672197341918945,11892700
2014-04-29,28.94775390625,15126200
2014-04-30,28.926557540893555,11793000
2014-05-01,28.94775390625,8681600
2014-05-02,29.138517379760742,14743400
2014-05-05,29.0113525390625,11111900
2014-05-06,29.1243953704834,9665900
2014-05-07,29.30810546875,8329300
2014-05-08,29.230377197265625,12276300
2014-05-09,29.209184646606445,13521100
2014-05-12,29.682584762573242,12806900
2014-05-13,29.80975914001465,14746500
2014-05-14,30.007606506347656,16633300
2014-05-15,29.739105224609375,11088300
2014-05-16,30.10651206970215,11901400
2014-05-19,30.12065315246582,6559100
2014-05-20,29.866291046142578,11702000
2014-05-21,30.07823944091797,15397100
2014-05-22,30.311412811279297,8280700
2014-05-23,30.311412811279297,20551100
2014-05-27,30.06412124633789,11396400
2014-05-28,30.177167892456055,10312700
2014-05-29,30.21249771118164,7035300
2014-05-30,29.82389259338379,13774100
2014-06-02,29.972261428833008,9076500
2014-06-03,30.141841888427734,7256200
2014-06-04,29.972261428833008,6949900
2014-06-05,30.311412811279297,9615200
2014-06-06,30.636432647705078,9160500
2014-06-09,30.82720947265625,9324400
2014-06-10,30.947324752807617,9653100
2014-06-11,30.841339111328125,7968900
2014-06-12,30.70001983642578,9127000
2014-06-13,30.813066482543945,7699200
2014-06-16,30.6152400970459,8539900
2014-06-17,30.636432647705078,9028300
2014-06-18,30.989717483520508,17662300
2014-06-19,30.798948287963867,8962100
2014-06-20,30.813066482543945,14210300
2014-06-23,30.671764373779297,15211800
2014-06-24,30.627532958984375,17451200
2014-06-25,30.755943298339844,13493500
2014-06-26,30.741683959960938,11566300
2014-06-27,30.820152282714844,7431000
2014-06-30,30.77020835876465,8567700
2014-07-01,31.04845428466797,10496300
2014-07-02,31.233936309814453,7641100
2014-07-03,31.398027420043945,6807600
2014-07-07,31.462234497070312,8695700
2014-07-08,31.326684951782227,7398000
2014-07-09,31.512176513671875,16559400
2014-07-10,31.319547653198242,18552700
2014-07-11,31.376638412475586,7000100
2014-07-14,31.61918830871582,6750600
2014-07-15,31.57638931274414,7029400
2014-07-16,31.676284790039062,6164500
2014-07-17,31.069847106933594,9976700
2014-07-18,31.554983139038086,5486600
2014-07-21,31.66914939880371,18890200
2014-07-22,31.9973087310791,13261400
2014-07-23,32.00444793701172,5720500
2014-07-24,32.16141128540039,11809400
2014-07-25,32.03298568725586,9415600
2014-07-28,32.20420455932617,7212300
2014-07-29,31.911705017089844,9090800
2014-07-30,31.74762535095215,12966300
2014-07-31,31.19114875793457,12562700
2014-08-01,31.376638412475586,18805600
2014-08-04,31.733352661132812,9841300
2014-08-05,31.255353927612305,12124800
2014-08-06,31.0341854095459,11361000
2014-08-07,30.89151382446289,13451300
2014-08-08,31.233936309814453,13077200
2014-08-11,31.68340301513672,9570000
2014-08-12,31.690542221069336,10632900
2014-08-13,31.826082229614258,8844800
2014-08-14,31.847490310668945,4965400
2014-08-15,31.80467987060547,11960400
2014-08-18,32.13286590576172,6372200
2014-08-19,32.31835174560547,6587000
2014-08-20,32.26842498779297,7220200
2014-08-21,32.239871978759766,8392800
2014-08-22,32.097198486328125,7724500
2014-08-25,32.3682975769043,6201100
2014-08-26,32.54664993286133,7718900
2014-08-27,32.71074295043945,6193700
2014-08-28,32.411094665527344,5110500
2014-08-29,32.38969421386719,8893300
2014-09-02,32.45390319824219,8423100
2014-09-03,32.99611282348633,9409000
2014-09-04,32.85342788696289,8460100
2014-09-05,33.16733932495117,12796400
2014-09-08,32.782081604003906,10875600
2014-09-09,32.382572174072266,16864600
2014-09-10,32.239871978759766,9892500
2014-09-11,32.011600494384766,16440700
2014-09-12,31.57638931274414,12908600
2014-09-15,31.440834045410156,8249800
2014-09-16,31.840360641479492,16662400
2014-09-17,31.53359031677246,17700000
2014-09-18,31.604930877685547,6975000
2014-09-19,31.369497299194336,9872600
2014-09-22,30.9057559967041,8417100
2014-09-23,30.706008911132812,9503300
2014-09-24,31.18612289428711,24576300
2014-09-25,30.465227127075195,10643000
2014-09-26,30.65985870361328,10346400
2014-09-29,30.00385093688965,9813500
2014-09-30,30.0687255859375,17054200
2014-10-01,29.492006301879883,16451400
2014-10-02,29.67223358154297,13899500
2014-10-03,29.917341232299805,10816200
2014-10-06,30.450807571411133,13566700
2014-10-07,30.155237197875977,9017600
2014-10-08,30.61661720275879,20005800
2014-10-09,30.1912841796875,16903600
2014-10-10,29.506433486938477,14541000
2014-10-13,29.866870880126953,13471900
2014-10-14,30.00385093688965,21901300
2014-10-15,29.585731506347656,22885200
2014-10-16,29.2901554107666,19816000
2014-10-17,29.665037155151367,14580100
2014-10-20,29.686649322509766,12094500
2014-10-21,29.823617935180664,12031700
2014-10-22,29.585731506347656,10747800
2014-10-23,29.614574432373047,12315200
2014-10-24,29.895709991455078,10254100
2014-10-27,29.585731506347656,13554900
2014-10-28,30.205705642700195,11078200
2014-10-29,30.148027420043945,18343100
2014-10-30,30.494062423706055,10325600
2014-10-31,30.739166259765625,11619800
2014-11-03,30.530107498168945,10467100
2014-11-04,30.558948516845703,9961400
2014-11-05,30.37871742248535,11449600
2014-11-06,29.94617462158203,11926800
2014-11-07,30.140825271606445,9549300
2014-11-10,30.16244125366211,6117000
2014-11-11,30.21291732788086,6155100
2014-11-12,30.126399993896484,10036500
2014-11-13,30.054325103759766,5725300
2014-11-14,30.371503829956055,9329700
2014-11-17,29.98943328857422,8701400
2014-11-18,30.140825271606445,10234500
2014-11-19,30.1984920501709,11202500
2014-11-20,30.148027420043945,5362600
2014-11-21,31.077999114990234,20346300
2014-11-24,30.840097427368164,6854500
2014-11-25,30.63823890686035,8999400
2014-11-26,30.95543670654297,9824500
2014-11-28,30.400348663330078,8916300
2014-12-01,29.845264434814453,15525800
2014-12-02,29.83084487915039,10411600
2014-12-03,29.982219696044922,11135700
2014-12-04,29.94617462158203,8921900
2014-12-05,29.924541473388672,9472900
2014-12-08,29.441556930541992,8763600
2014-12-09,29.10993003845215,10952400
2014-12-10,28.69180679321289,18882400
2014-12-11,28.425077438354492,20709000
2014-12-12,27.999757766723633,13660100
2014-12-15,27.437458038330078,22763900
2014-12-16,27.185131072998047,32239800
2014-12-17,28.02858543395996,44882800
2014-12-18,28.46112632751465,20617900
2014-12-19,28.598098754882812,21019200
2014-12-22,28.970264434814453,18404500
2014-12-23,28.73855972290039,17551100
2014-12-24,28.796499252319336,7001000
2014-12-26,28.991985321044922,7018900
2014-12-29,28.897871017456055,14944200
2014-12-30,28.97750473022461,17308200
2014-12-31,28.97750473022461,13162800
2015-01-02,28.644441604614258,17844900
2015-01-05,28.188268661499023,17336400
2015-01-06,28.050701141357422,13779200
2015-01-07,28.695131301879883,11570800
2015-01-08,29.180248260498047,9996800
2015-01-09,29.03542709350586,9140200
2015-01-12,28.774768829345703,10631000
2015-01-13,28.97750473022461,14364400
2015-01-14,28.868896484375,14774300
2015-01-15,28.955787658691406,16712300
2015-01-16,29.245418548583984,14325300
2015-01-20,29.14404296875,15672600
2015-01-21,29.79572296142578,15433200
2015-01-22,30.425678253173828,15263300
2015-01-23,30.164993286132812,11386400
2015-01-26,30.201196670532227,9006500
2015-01-27,30.041900634765625,8518600
2015-01-28,29.687110900878906,7616000
2015-01-29,29.716066360473633,19101200
2015-01-30,28.919574737548828,22047700
2015-02-02,29.433679580688477,15944400
2015-02-03,29.955005645751953,20858100
2015-02-04,29.752277374267578,8677100
2015-02-05,29.97675132751465,11220500
2015-02-06,29.484357833862305,19724000
2015-02-09,29.448158264160156,7247100
2015-02-10,29.39746856689453,8334500
2015-02-11,29.267139434814453,8760600
2015-02-12,29.94777488708496,12508900
2015-02-13,30.25188446044922,9417500
2015-02-17,30.157756805419922,11226100
2015-02-18,30.18672752380371,8921500
2015-02-19,30.092599868774414,9102100
2015-02-20,30.24464988708496,9549800
2015-02-23,29.955005645751953,8091300
2015-02-24,30.367734909057617,14370900
2015-02-25,30.266357421875,17352900
2015-02-26,30.24464988708496,8884800
2015-02-27,30.266357421875,8053900
2015-03-02,30.222915649414062,10396600
2015-03-03,29.94777488708496,10312800
2015-03-04,29.60021209716797,8853100
2015-03-05,29.54228973388672,10768900
2015-03-06,29.06439971923828,11776300
2015-03-09,28.948545455932617,11645900
2015-03-10,28.347566604614258,11056900
2015-03-11,28.572023391723633,14603600
2015-03-12,28.7313175201416,11430700
2015-03-13,28.383771896362305,11391200
2015-03-16,28.716842651367188,8754600
2015-03-17,28.897871017456055,22040000
2015-03-18,29.643653869628906,15803800
2015-03-19,29.12232780456543,14064600
2015-03-20,29.484357833862305,9673000
2015-03-23,29.571266174316406,10710700
2015-03-24,29.687110900878906,9908500
2015-03-25,29.172847747802734,12034800
2015-03-26,29.006017684936523,15470600
2015-03-27,29.071300506591797,11582700
2015-03-30,29.666074752807617,8958700
2015-03-31,29.644311904907227,7977300
2015-04-01,30.043243408203125,19184900
2015-04-02,30.50745964050293,8147100
2015-04-06,30.87737274169922,9861400
2015-04-07,30.804847717285156,8011500
2015-04-08,31.428621292114258,12052700
2015-04-09,31.834821701049805,13440400
2015-04-10,31.769533157348633,16176100
2015-04-13,31.660728454589844,9835600
2015-04-14,31.74777603149414,8511700
2015-04-15,31.936349868774414,7688700
2015-04-16,32.22648620605469,9275300
2015-04-17,31.566444396972656,15807600
2015-04-20,31.464902877807617,7263500
2015-04-21,31.711496353149414,13383700
2015-04-22,32.0814323425293,7972000
2015-04-23,32.240997314453125,10249500
2015-04-24,32.40057373046875,9414500
2015-04-27,32.53839111328125,12363400
2015-04-28,32.61817932128906,9074100
2015-04-29,32.27001953125,13425300
2015-04-30,31.84206199645996,12762400
2015-05-01,32.030643463134766,16071600
2015-05-04,32.19022750854492,9339800
2015-05-05,31.8565731048584,8205000
2015-05-06,31.435876846313477,11969200
2015-05-07,31.392362594604492,10209000
2015-05-08,31.871078491210938,10508200
2015-05-11,31.566444396972656,6711000
2015-05-12,31.479408264160156,6223800
2015-05-13,31.55919075012207,8898200
2015-05-14,31.8565731048584,7597900
2015-05-15,32.18297576904297,11497700
2015-05-18,31.871078491210938,9050400
2015-05-19,31.94361114501953,8265600
2015-05-20,31.900096893310547,9714800
2015-05-21,31.8057861328125,9166900
2015-05-22,31.885587692260742,9856400
2015-05-26,31.414119720458984,8760500
2015-05-27,31.493896484375,8811600
2015-05-28,31.051448822021484,9480300
2015-05-29,30.710546493530273,9557900
2015-06-01,30.688793182373047,12350000
2015-06-02,30.797584533691406,11940100
2015-06-03,30.64527130126953,19170100
2015-06-04,30.19556427001953,10652300
2015-06-05,30.050495147705078,8362200
2015-06-08,30.035985946655273,9510900
2015-06-09,29.818384170532227,9589800
2015-06-10,30.253585815429688,8038500
2015-06-11,30.13028335571289,7797900
2015-06-12,30.137535095214844,12815300
2015-06-15,29.832902908325195,9747600
2015-06-16,29.898178100585938,7337200
2015-06-17,30.086759567260742,14673000
2015-06-18,30.355134963989258,17347100
2015-06-19,30.079505920410156,16788300
2015-06-22,30.47118377685547,10445000
2015-06-23,30.746816635131836,7286300
2015-06-24,30.587244033813477,10280000
2015-06-25,30.478458404541016,9855100
2015-06-26,30.197328567504883,8493300
2015-06-29,29.531164169311523,18997300
2015-06-30,29.926464080810547,20400900
2015-07-01,29.926464080810547,16460800
2015-07-02,30.065561294555664,9116100
2015-07-06,29.23101234436035,14949800
2015-07-07,28.784467697143555,18876400
2015-07-08,27.72297477722168,21238300
2015-07-09,28.286663055419922,18488900
2015-07-10,29.0846004486084,16651400
2015-07-13,29.267629623413086,20934700
2015-07-14,29.340831756591797,10899400
2015-07-15,28.982114791870117,11107800
2015-07-16,29.326194763183594,7439900
2015-07-17,29.31886863708496,8366500
2015-07-20,29.13585662841797,9953900
2015-07-21,29.143163681030273,8696200
2015-07-22,28.75517463684082,9318100
2015-07-23,28.51360321044922,9391100
2015-07-24,28.10365104675293,9799800
2015-07-27,27.474082946777344,16577500
2015-07-28,27.737627029418945,17999500
2015-07-29,27.993837356567383,12955200
2015-07-30,27.818145751953125,10258100
2015-07-31,28.05240821838379,16153200
2015-08-03,27.591209411621094,13893800
2015-08-04,27.679059982299805,12430300
2015-08-05,27.708335876464844,11748600
2015-08-06,27.51068687438965,12595100
2015-08-07,27.481414794921875,15026300
2015-08-10,27.94991111755371,9670300
2015-08-11,27.349632263183594,13511000
2015-08-12,26.925046920776367,21512500
2015-08-13,26.87379264831543,10543300
2015-08-14,26.95432472229004,8488500
2015-08-17,26.6688232421875,11034300
2015-08-18,26.36135482788086,10526800
2015-08-19,26.00265121459961,51010200
2015-08-20,25.607330322265625,24409500
2015-08-21,24.78743553161621,28574600
2015-08-24,23.564903259277344,57267200
2015-08-25,23.887008666992188,46411700
2015-08-26,24.71422576904297,41855600
2015-08-27,25.70982551574707,33427600
2015-08-28,25.336477279663086,38196200
2015-08-31,25.28523063659668,36190300
2015-09-01,24.296951293945312,38527100
2015-09-02,24.662981033325195,28058000
2015-09-03,24.772794723510742,24315200
2015-09-04,23.99680519104004,32687900
2015-09-08,24.80208396911621,27382300
2015-09-09,24.662981033325195,23291100
2015-09-10,24.84600067138672,17698900
2015-09-11,24.941162109375,19755800
2015-09-14,24.941162109375,15522700
2015-09-15,25.19738006591797,11497900
2015-09-16,25.783035278320312,19198000
2015-09-17,25.783035278320312,35484800
2015-09-18,25.15346336364746,25827900
2015-09-21,25.212024688720703,18833600
2015-09-22,24.721548080444336,22127100
2015-09-23,24.34819221496582,16098700
2015-09-24,24.30427360534668,38040700
2015-09-25,24.259750366210938,24883000
2015-09-28,23.718008041381836,26861500
2015-09-29,23.910953521728516,17911600
2015-09-30,24.55659294128418,25326500
2015-10-01,24.638233184814453,22868900
2015-10-02,25.283864974975586,25144000
2015-10-05,25.788511276245117,20860400
2015-10-06,25.721710205078125,19085300
2015-10-07,26.359941482543945,25467000
2015-10-08,26.701313018798828,19821600
2015-10-09,26.73099136352539,14719900
2015-10-12,26.582565307617188,10790600
2015-10-13,26.107616424560547,16355100
2015-10-14,26.3079833984375,20882400
2015-10-15,26.909103393554688,13702000
2015-10-16,26.9907283782959,15284900
2015-10-19,26.716154098510742,11931000
2015-10-20,26.656787872314453,13382600
2015-10-21,26.2708797454834,18034900
2015-10-22,26.842308044433594,13883500
2015-10-23,27.020423889160156,13522100
2015-10-26,26.716154098510742,10645900
2015-10-27,26.471256256103516,25301900
2015-10-28,26.181833267211914,22700000
2015-10-29,25.892396926879883,13553100
2015-10-30,25.855300903320312,16265300
2015-11-02,26.345094680786133,14081100
2015-11-03,26.671621322631836,10746600
2015-11-04,26.52320098876953,14083600
2015-11-05,26.560306549072266,11034000
2015-11-06,26.263458251953125,15823800
2015-11-09,25.647506713867188,21176300
2015-11-10,25.580717086791992,19953100
2015-11-11,25.610395431518555,9942300
2015-11-12,25.34323501586914,11957500
2015-11-13,25.009286880493164,21667000
2015-11-16,25.5510311126709,13815000
2015-11-17,25.52134132385254,32174300
2015-11-18,25.721710205078125,17408200
2015-11-19,25.914661407470703,16116300
2015-11-20,26.137304306030273,13749200
2015-11-23,25.922086715698242,19688800
2015-11-24,25.988876342773438,18208200
2015-11-25,25.788511276245117,14325600
2015-11-27,25.22450065612793,11853100
2015-11-30,25.261606216430664,20716500
2015-12-01,25.410030364990234,25152600
2015-12-02,25.157711029052734,20783200
2015-12-03,25.083494186401367,18260800
2015-12-04,25.179975509643555,21296900
2015-12-07,24.823760986328125,17519800
2015-12-08,24.526906967163086,27372400
2015-12-09,24.34880256652832,22757400
2015-12-10,24.103904724121094,18375700
2015-12-11,23.421159744262695,35139000
2015-12-14,23.80706787109375,34610700
2015-12-15,24.155851364135742,25302800
2015-12-16,24.56401824951172,27582500
2015-12-17,24.34880256652832,25812300
2015-12-18,24.222644805908203,25895500
2015-12-21,24.393417358398438,27997300
2015-12-22,24.579851150512695,23691400
2015-12-23,24.94527244567871,26337300
2015-12-24,24.870695114135742,8553500
2015-12-28,24.74392318725586,22117000
2015-12-29,24.729013442993164,15829400
2015-12-30,24.38596534729004,18923200
2015-12-31,24.393417358398438,18736900
2016-01-04,23.69986915588379,27116100
2016-01-05,23.752073287963867,17664200
2016-01-06,23.326995849609375,19744800
2016-01-07,22.573793411254883,29616400
2016-01-08,22.372440338134766,32237200
2016-01-11,22.275501251220703,22946800
2016-01-12,22.357526779174805,18211700
2016-01-13,22.10397720336914,25802600
2016-01-14,22.38735580444336,28402100
2016-01-15,21.447715759277344,30550400
2016-01-19,21.746013641357422,27171300
2016-01-20,21.291109085083008,37987300
2016-01-21,21.328392028808594,35402900
2016-01-22,22.051774978637695,27700100
2016-01-25,21.686355590820312,23231500
2016-01-26,21.999568939208984,19936800
2016-01-27,21.85787010192871,27060500
2016-01-28,22.208377838134766,24075900
2016-01-29,22.991413116455078,26927300
2016-02-01,22.76023292541504,24750700
2016-02-02,22.081607818603516,29716500
2016-02-03,22.670738220214844,32564800
2016-02-04,22.827346801757812,29315800
2016-02-05,22.588708877563477,21578900
2016-02-08,22.275501251220703,21019500
2016-02-09,21.99210548400879,24152800
2016-02-10,22.059226989746094,24953100
2016-02-11,21.738557815551758,33509500
2016-02-12,22.096511840820312,14751400
2016-02-16,22.6185359954834,15600800
2016-02-17,23.088359832763672,14718700
2016-02-18,22.976499557495117,19042100
2016-02-19,22.879554748535156,12877300
2016-02-22,23.446321487426758,11432300
2016-02-23,22.939210891723633,15057200
2016-02-24,22.939210891723633,26766800
2016-02-25,22.976499557495117,13856000
2016-02-26,22.7751522064209,23966300
2016-02-29,22.916841506958008,15013400
2016-03-01,23.752073287963867,18666900
2016-03-02,24.117496490478516,20574900
2016-03-03,24.378501892089844,21570700
2016-03-04,24.915441513061523,27889000
2016-03-07,24.863243103027344,20468000
2016-03-08,24.430706024169922,14888800
2016-03-09,24.58732032775879,22002800
2016-03-10,24.527650833129883,18410400
2016-03-11,25.06459617614746,13730600
2016-03-14,24.922901153564453,11353200
2016-03-15,24.502328872680664,11979500
2016-03-16,25.017778396606445,13208200
2016-03-17,25.525747299194336,15864200
2016-03-18,25.697566986083984,16644200
2016-03-21,25.802143096923828,10944400
2016-03-22,25.69009017944336,16639700
2016-03-23,25.294170379638672,11668200
2016-03-24,25.256816864013672,16494700
2016-03-28,25.324050903320312,11695400
2016-03-29,25.570568084716797,16646000
2016-03-30,25.861907958984375,12617700
2016-03-31,25.832029342651367,15589400
2016-04-01,25.906728744506836,19357800
2016-04-04,25.555627822875977,8805500
2016-04-05,25.077537536621094,16533000
2016-04-06,25.398757934570312,11604700
2016-04-07,24.86836814880371,11248400
2016-04-08,25.3016414642334,14067100
2016-04-11,25.637800216674805,14099300
2016-04-12,26.033723831176758,15883900
2016-04-13,26.519289016723633,20159200
2016-04-14,26.384830474853516,12682300
2016-04-15,26.227951049804688,14448200
2016-04-18,26.317590713500977,14337200
2016-04-19,26.72098159790039,14039400
2016-04-20,26.549169540405273,11243500
2016-04-21,26.25783348083496,14503400
2016-04-22,26.160715103149414,13128300
2016-04-25,25.951547622680664,14106300
2016-04-26,26.25783348083496,8723400
2016-04-27,26.41471290588379,17920200
2016-04-28,26.145771026611328,12803200
2016-04-29,26.093486785888672,15634500
2016-05-02,26.02625846862793,14558400
2016-05-03,25.3016414642334,15472600
2016-05-04,24.943071365356445,18129500
2016-05-05,24.943071365356445,10408300
2016-05-06,25.002836227416992,17872600
2016-05-09,24.62184715270996,13903000
2016-05-10,25.11488914489746,15833000
2016-05-11,25.040189743041992,7523200
2016-05-12,24.9953670501709,13447900
2016-05-13,24.54714584350586,32199700
2016-05-16,24.831016540527344,11871300
2016-05-17,24.7264404296875,11682000
2016-05-18,24.532209396362305,20860300
2016-05-19,24.233394622802734,14302500
2016-05-20,24.502328872680664,20352900
2016-05-23,24.450037002563477,16081800
2016-05-24,24.741376876831055,18077800
2016-05-25,25.025243759155273,10387000
2016-05-26,25.18958854675293,9200700
2016-05-27,25.182113647460938,13249900
2016-05-31,25.24934959411621,23613800
2016-06-01,25.22694206237793,16739100
2016-06-02,25.428638458251953,12816100
2016-06-03,25.82456398010254,31196000
2016-06-06,26.04119300842285,14301300
2016-06-07,26.295185089111328,12981800
2016-06-08,26.51181411743164,13666600
2016-06-09,26.213010787963867,12983200
2016-06-10,25.54816246032715,13902700
2016-06-13,25.22694206237793,17217100
2016-06-14,25.153995513916016,21714100
2016-06-15,25.387107849121094,14844500
2016-06-16,25.32695960998535,18044900
2016-06-17,25.439754486083984,25507600
2016-06-20,25.808225631713867,26054100
2016-06-21,26.00374412536621,17067200
2016-06-22,26.04134178161621,30414000
2016-06-23,26.68805503845215,15544600
2016-06-24,25.17655372619629,33890700
2016-06-27,24.913362503051758,35826600
2016-06-28,25.627748489379883,17853600
2016-06-29,26.229339599609375,16422300
2016-06-30,26.492530822753906,24261600
2016-07-01,26.68805503845215,18071300
2016-07-05,26.161663055419922,21404200
2016-07-06,26.161663055419922,19563600
2016-07-07,26.04886245727539,11178100
2016-07-08,26.627891540527344,9527200
2016-07-11,26.84596824645996,15134400
2016-07-12,27.25956916809082,18160500
2016-07-13,27.214441299438477,15234600
2016-07-14,27.590442657470703,14575100
2016-07-15,27.492673873901367,16445900
2016-07-18,27.733304977416992,10288200
2016-07-19,27.492673873901367,10503800
2016-07-20,27.635549545288086,7415600
2016-07-21,27.56035614013672,10652300
2016-07-22,27.74083137512207,13089900
2016-07-25,27.515243530273438,7189200
2016-07-26,27.680681228637695,12670200
2016-07-27,27.718276977539062,13836300
2016-07-28,27.703237533569336,8528500
2016-07-29,27.8536434173584,17030800
2016-08-01,27.748355865478516,11055000
2016-08-02,27.59796142578125,12871300
2016-08-03,27.748355865478516,14441500
2016-08-04,27.883726119995117,17134100
2016-08-05,28.19202995300293,12316500
2016-08-08,28.372501373291016,8541800
2016-08-09,28.560497283935547,12643400
2016-08-10,28.492820739746094,12931300
2016-08-11,28.82369613647461,15284900
2016-08-12,28.710905075073242,10770300
2016-08-15,29.026729583740234,9350500
2016-08-16,28.876333236694336,26223200
2016-08-17,28.771060943603516,22088600
2016-08-18,29.00417709350586,8914100
2016-08-19,28.831220626831055,11658200
2016-08-22,28.470256805419922,12970200
2016-08-23,28.327383041381836,14133800
2016-08-24,28.410112380981445,19143000
2016-08-25,28.402591705322266,17293700
2016-08-26,28.17698097229004,24056100
2016-08-29,28.387548446655273,9128800
2016-08-30,28.34242057800293,12146200
2016-08-31,28.07171058654785,20049800
2016-09-01,28.22211456298828,18507300
2016-09-02,28.650739669799805,18244600
2016-09-06,29.147056579589844,20559900
2016-09-07,29.10945701599121,15457800
2016-09-08,29.049293518066406,23677200
2016-09-09,28.131864547729492,17067000
2016-09-12,28.364986419677734,18950400
2016-09-13,27.65719985961914,26155200
2016-09-14,27.756126403808594,19857100
2016-09-15,28.19754981994629,15309100
2016-09-16,28.007278442382812,18397800
2016-09-19,28.243207931518555,12623900
2016-09-20,28.250823974609375,18862700
2016-09-21,28.935792922973633,25792800
2016-09-22,29.06516456604004,15670400
2016-09-23,28.684627532958984,11140500
2016-09-26,28.33453941345215,9973500
2016-09-27,28.63134765625,11045800
2016-09-28,28.912954330444336,10150800
2016-09-29,28.4334774017334,12570900
2016-09-30,28.638975143432617,19286700
2016-10-03,28.829225540161133,23704700
2016-10-04,28.54002571105957,17833400
2016-10-05,28.973840713500977,11921900
2016-10-06,28.973840713500977,13547500
2016-10-07,28.874900817871094,17118600
2016-10-10,29.072790145874023,8509400
2016-10-11,28.532426834106445,19170700
2016-10-12,28.501981735229492,12309300
2016-10-13,28.326936721801758,12723300
2016-10-14,28.403026580810547,13522800
2016-10-17,28.34976577758789,13280100
2016-10-18,28.852069854736328,11709200
2016-10-19,29.004281997680664,10188100
2016-10-20,28.966224670410156,12620300
2016-10-21,28.973840713500977,6764100
2016-10-24,29.118438720703125,8127200
2016-10-25,29.09560775756836,7842500
2016-10-26,28.882511138916016,8109200
2016-10-27,28.661800384521484,18351800
2016-10-28,28.501981735229492,14379500
2016-10-31,28.730287551879883,11070400
2016-11-01,28.51719856262207,20149500
2016-11-02,28.189937591552734,29829800
2016-11-03,28.121440887451172,24351200
2016-11-04,27.824630737304688,11795700
2016-11-07,28.76835060119629,21821000
2016-11-08,28.905344009399414,37954500
2016-11-09,28.144271850585938,24618000
2016-11-10,27.329938888549805,35285600
2016-11-11,26.8276309967041,25373300
2016-11-14,26.69824981689453,22905700
2016-11-15,27.20055389404297,21154200
2016-11-16,26.979841232299805,27749800
2016-11-17,26.98744773864746,20662200
2016-11-18,26.926565170288086,9265300
2016-11-21,27.19293975830078,12332900
2016-11-22,27.489749908447266,17857000
2016-11-23,27.223386764526367,13911000
2016-11-25,27.367982864379883,3781700
2016-11-28,27.50497055053711,12095100
2016-11-29,27.520193099975586,8356600
2016-11-30,27.565860748291016,22257900
2016-12-01,27.25381851196289,18792600
2016-12-02,27.223386764526367,19213700
2016-12-05,27.40604019165039,11260500
2016-12-06,27.520193099975586,19646200
2016-12-07,27.93117332458496,15254700
2016-12-08,28.060558319091797,10455300
2016-12-09,27.93117332458496,9646100
2016-12-12,27.702861785888672,8385500
2016-12-13,27.98445701599121,8788500
2016-12-14,27.177715301513672,18577100
2016-12-15,27.299484252929688,24969800
2016-12-16,27.132055282592773,21234600
2016-12-19,26.949405670166016,13079200
2016-12-20,26.995277404785156,13983500
2016-12-21,26.911165237426758,12815300
2016-12-22,26.658802032470703,16299900
2016-12-23,26.788803100585938,9171400
2016-12-27,26.918813705444336,12169100
2016-12-28,27.087055206298828,13701900
2016-12-29,27.50765037536621,11408400
2016-12-30,27.362356185913086,11523000
2017-01-03,27.660608291625977,18705200
2017-01-04,27.912973403930664,19171200
2017-01-05,28.203569412231445,11923400
2017-01-06,28.08885383605957,13515300
2017-01-09,28.042972564697266,14763200
2017-01-10,28.1959171295166,12678400
2017-01-11,28.440635681152344,13874600
2017-01-12,28.50946617126465,11681900
2017-01-13,28.4788818359375,11592600
2017-01-17,28.448291778564453,8271700
2017-01-18,28.341218948364258,14802100
2017-01-19,28.264741897583008,13001200
2017-01-20,28.31063461303711,10665100
2017-01-23,28.700654983520508,11086500
2017-01-24,28.90713119506836,8260100
2017-01-25,29.159494400024414,13756300
2017-01-26,29.037137985229492,10131500
2017-01-27,29.06772232055664,9442900
2017-01-30,28.92243003845215,12465800
2017-01-31,28.937719345092773,15384000
2017-02-01,28.99889373779297,11604600
2017-02-02,29.098312377929688,10856100
2017-02-03,29.281862258911133,8619300
2017-02-06,29.2130184173584,10007500
2017-02-07,29.105968475341797,10258000
2017-02-08,29.33538246154785,7498800
2017-02-09,29.488330841064453,10809300
2017-02-10,29.7559871673584,9271600
2017-02-13,29.87070083618164,8548700
2017-02-14,29.916584014892578,11946300
2017-02-15,30.13836669921875,10624700
2017-02-16,30.05423927307129,9897200
2017-02-17,29.95482063293457,8944600
2017-02-21,30.19952964782715,6873400
2017-02-22,30.276012420654297,7027800
2017-02-23,30.29131317138672,15360200
2017-02-24,29.970115661621094,12380100
2017-02-27,29.84775733947754,8300700
2017-02-28,29.587743759155273,12186300
2017-03-01,30.0618839263916,14624700
2017-03-02,29.52657699584961,13655700
2017-03-03,29.7789249420166,10080800
2017-03-06,29.82480812072754,8232800
2017-03-07,29.863059997558594,14789500
2017-03-08,29.56480598449707,15601800
2017-03-09,29.31244659423828,12131900
2017-03-10,29.557159423828125,14955600
2017-03-13,29.93187713623047,9506700
2017-03-14,29.763647079467773,12217700
2017-03-15,30.45954704284668,22872700
2017-03-16,30.66604232788086,28561200
2017-03-17,30.635446548461914,17399400
2017-03-20,30.933691024780273,13336300
2017-03-21,30.55897331237793,17365900
2017-03-22,30.705284118652344,14085400
2017-03-23,30.720603942871094,12783300
2017-03-24,30.804880142211914,12543700
2017-03-27,30.71295738220215,12759600
2017-03-28,30.78955078125,14135900
2017-03-29,30.83553123474121,8453000
2017-03-30,30.659330368041992,7378000
2017-03-31,30.429494857788086,12271800
2017-04-03,30.666982650756836,15366400
2017-04-04,30.735939025878906,9319600
2017-04-05,30.682302474975586,12539600
2017-04-06,30.62868881225586,9571400
2017-04-07,30.62102508544922,9168500
2017-04-10,30.475461959838867,9915800
2017-04-11,30.50611114501953,9421600
2017-04-12,30.613367080688477,15934700
2017-04-13,30.452468872070312,7977100
2017-04-17,30.71295738220215,8196600
2017-04-18,30.352886199951172,9943200
2017-04-19,30.130718231201172,9400400
2017-04-20,30.444814682006836,10125000
2017-04-21,30.4141788482666,15182100
2017-04-24,30.766582489013672,12490700
2017-04-25,30.98875617980957,14389000
2017-04-26,30.873830795288086,14912900
2017-04-27,30.77423667907715,9172700
2017-04-28,30.904481887817383,11072600
2017-05-01,31.02705955505371,11578900
2017-05-02,31.180267333984375,12444500
2017-05-03,30.95809555053711,11621700
2017-05-04,30.62868881225586,8595000
2017-05-05,30.804880142211914,12179700
2017-05-08,30.613367080688477,11275700
2017-05-09,30.95809555053711,11584900
2017-05-10,31.20326042175293,11575600
2017-05-11,31.187931060791016,15037400
2017-05-12,31.356475830078125,12963900
2017-05-15,31.647600173950195,11248300
2017-05-16,31.678237915039062,12030900
2017-05-17,31.20326042175293,15453300
2017-05-18,30.62868881225586,28731200
2017-05-19,31.172611236572266,13669500
2017-05-22,31.164955139160156,11599700
2017-05-23,31.149621963500977,9220500
2017-05-24,31.256881713867188,9619400
2017-05-25,31.417766571044922,8191900
2017-05-26,31.494375228881836,7416800
2017-05-30,31.44074821472168,6041400
2017-05-31,31.210912704467773,11719000
2017-06-01,31.44074821472168,14434600
2017-06-02,31.540340423583984,9060500
2017-06-05,31.540340423583984,9021800
2017-06-06,31.56333351135254,8196500
2017-06-07,31.540340423583984,9212800
2017-06-08,31.601621627807617,8695200
2017-06-09,31.387109756469727,11495200
2017-06-12,31.27220344543457,10177700
2017-06-13,31.417766571044922,11591300
2017-06-14,31.3947811126709,10990800
2017-06-15,31.11898422241211,8540000
2017-06-16,31.21857452392578,7584200
2017-06-19,31.425430297851562,8124800
2017-06-20,31.050020217895508,9637300
2017-06-21,31.16798210144043,8380200
2017-06-22,31.283615112304688,8842400
2017-06-23,31.399261474609375,6915700
2017-06-26,31.730754852294922,10063100
2017-06-27,31.399261474609375,14590500
2017-06-28,31.584270477294922,12546900
2017-06-29,31.229656219482422,11106500
2017-06-30,31.476350784301758,11532700
2017-07-03,31.622827529907227,6820200
2017-07-05,31.568859100341797,19264400
2017-07-06,31.221946716308594,21303900
2017-07-07,31.30675506591797,12959100
2017-07-10,31.53032684326172,8247300
2017-07-11,31.75387191772461,15378800
2017-07-12,32.35519027709961,11911200
2017-07-13,32.447696685791016,8977700
2017-07-14,32.77919006347656,11393500
2017-07-17,32.60957717895508,9052500
2017-07-18,32.66355514526367,9279400
2017-07-19,32.979618072509766,5670000
2017-07-20,32.91024398803711,9700900
2017-07-21,32.84086990356445,7316900
2017-07-24,32.9642219543457,7845800
2017-07-25,32.91024398803711,8233800
2017-07-26,33.149234771728516,7826200
2017-07-27,32.979618072509766,9828500
2017-07-28,33.102962493896484,7734800
2017-07-31,33.156944274902344,13137600
2017-08-01,33.29570388793945,12685800
2017-08-02,33.3727912902832,9114600
2017-08-03,33.249454498291016,6689000
2017-08-04,33.33424758911133,7597600
2017-08-07,33.59636306762695,6558800
2017-08-08,33.550106048583984,8501600
2017-08-09,33.36508560180664,8288600
2017-08-10,32.594173431396484,15740200
2017-08-11,32.69438552856445,11205400
2017-08-14,32.979618072509766,7448700
2017-08-15,32.95649719238281,6730900
2017-08-16,33.35737991333008,6457500
2017-08-17,32.933380126953125,8869000
2017-08-18,33.17235565185547,8787600
2017-08-21,33.25715637207031,8192900
2017-08-22,33.550106048583984,6428100
2017-08-23,33.711997985839844,6166200
2017-08-24,33.789093017578125,8666500
2017-08-25,34.07432556152344,8066200
2017-08-28,34.06662368774414,6031200
2017-08-29,33.99723815917969,6912100
2017-08-30,34.0357780456543,6004800
2017-08-31,34.15141677856445,20190800
2017-09-01,34.39810562133789,12011700
2017-09-05,34.1359977722168,10663500
2017-09-06,34.3826789855957,13072700
2017-09-07,34.55229187011719,7514500
2017-09-08,34.32872772216797,7524900
2017-09-11,34.72959518432617,7503500
2017-09-12,34.667930603027344,6662000
2017-09-13,34.43666458129883,6943000
2017-09-14,34.50603103637695,8206400
2017-09-15,34.73731231689453,9236800
2017-09-18,34.70646667480469,8914300
2017-09-19,34.73731231689453,7863100
2017-09-20,34.63747024536133,10112100
2017-09-21,34.668670654296875,8827900
2017-09-22,34.45808792114258,9244700
2017-09-25,33.818538665771484,15752800
2017-09-26,33.81072998046875,10536900
2017-09-27,33.62355041503906,10746600
2017-09-28,33.63915252685547,11065100
2017-09-29,33.98231506347656,14298700
2017-10-02,34.01350784301758,12778600
2017-10-03,34.481483459472656,11289400
2017-10-04,34.52049255371094,6821600
2017-10-05,34.73887252807617,12686500
2017-10-06,34.60628128051758,15506500
2017-10-09,34.48927307128906,6590500
2017-10-10,34.82466506958008,10455500
2017-10-11,34.92605209350586,11717400
2017-10-12,34.92605209350586,7783100
2017-10-13,35.238037109375,6768400
2017-10-16,35.20684051513672,6396800
2017-10-17,35.035255432128906,7672900
2017-10-18,35.06645965576172,6273900
2017-10-19,34.80906677246094,7952000
2017-10-20,34.949459075927734,9160700
2017-10-23,34.63747024536133,6816300
2017-10-24,34.7310676574707,9090400
2017-10-25,34.653079986572266,11457400
2017-10-26,34.47368621826172,9558200
2017-10-27,34.89486312866211,10371300
2017-10-30,34.61408996582031,13080700
2017-10-31,34.80906677246094,9046800
2017-11-01,34.89486312866211,11585500
2017-11-02,35.00405502319336,13033000
2017-11-03,34.80126190185547,11810400
2017-11-06,35.13663864135742,11000700
2017-11-07,34.91826248168945,9439500
2017-11-08,35.043052673339844,8138100
2017-11-09,34.91044998168945,11793000
2017-11-10,34.77787399291992,7360200
2017-11-13,34.707679748535156,9159700
2017-11-14,34.47368621826172,10146000
2017-11-15,34.19290542602539,13328300
2017-11-16,34.80126190185547,8438400
2017-11-17,34.99625015258789,12684600
2017-11-20,35.144447326660156,7485500
2017-11-21,35.581207275390625,10976100
2017-11-22,35.698211669921875,7984200
2017-11-24,35.56561279296875,6938700
2017-11-27,35.19904327392578,9797900
2017-11-28,35.409637451171875,12112400
2017-11-29,34.91826248168945,18533500
2017-11-30,34.69207000732422,23875400
2017-12-01,34.35670471191406,20960900
2017-12-04,34.47368621826172,19045700
2017-12-05,34.419105529785156,11648600
2017-12-06,33.9901237487793,14737000
2017-12-07,34.03691864013672,10283400
2017-12-08,34.4268913269043,7498000
2017-12-11,34.653079986572266,9189700
2017-12-12,34.40349197387695,8005000
2017-12-13,34.77787399291992,9287200
2017-12-14,34.559486389160156,8231000
2017-12-15,34.653079986572266,12428100
2017-12-18,35.01184844970703,10117200
2017-12-19,34.91826248168945,9252300
2017-12-20,34.965049743652344,11610100
2017-12-21,35.31142807006836,7505900
2017-12-22,35.60139083862305,11845800
2017-12-26,35.640567779541016,6154300
2017-12-27,35.632728576660156,9021600
2017-12-28,35.805137634277344,8106500
2017-12-29,35.977535247802734,10462900
2018-01-02,36.59662628173828,17804600
2018-01-03,36.94926834106445,17896200
2018-01-04,37.17652893066406,13003300
2018-01-05,37.50566482543945,12102300
2018-01-08,37.51350021362305,10947500
2018-01-09,37.50566482543945,11180700
2018-01-10,37.341094970703125,11029500
2018-01-11,37.58401870727539,8602200
2018-01-12,37.98369216918945,15391100
2018-01-16,37.79560089111328,12005900
2018-01-17,38.32850646972656,14469200
2018-01-18,38.39118194580078,9635700
2018-01-19,38.751670837402344,12419600
2018-01-22,39.06513214111328,13386000
2018-01-23,39.20618438720703,9450400
2018-01-24,39.56666564941406,15625500
2018-01-25,39.42561721801758,15871800
2018-01-26,39.950653076171875,11067100
2018-01-29,39.323734283447266,16983900
2018-01-30,38.822200775146484,18372200
2018-01-31,39.05730438232422,23959200
2018-02-01,38.68898391723633,28080700
2018-02-02,37.81911849975586,24335900
2018-02-05,36.604454040527344,31099600
2018-02-06,37.51350021362305,55111300
2018-02-07,36.447731018066406,24815200
2018-02-08,35.23305892944336,31474900
2018-02-09,35.76595687866211,35526400
2018-02-12,36.25965881347656,21421800
2018-02-13,36.541770935058594,13535000
2018-02-14,37.29407501220703,15575200
2018-02-15,37.99152755737305,16484400
2018-02-16,37.85045623779297,15935200
2018-02-20,37.51350021362305,17430700
2018-02-21,37.46648406982422,11135300
2018-02-22,37.51350021362305,14643500
2018-02-23,38.124752044677734,9523400
2018-02-26,38.48521423339844,8733100
2018-02-27,37.45079803466797,11459300
2018-02-28,36.964942932128906,15494200
2018-03-01,36.95709228515625,17585700
2018-03-02,37.0511360168457,15955000
2018-03-05,37.160850524902344,10805600
2018-03-06,37.270565032958984,13594800
2018-03-07,37.262718200683594,10584600
2018-03-08,37.2862434387207,7127100
2018-03-09,37.95233917236328,9149500
2018-03-12,38.085567474365234,7912100
2018-03-13,37.71725082397461,9567400
2018-03-14,37.76426696777344,8146600
2018-03-15,37.61537551879883,11780100
2018-03-16,37.49782180786133,13220200
2018-03-19,37.14518737792969,10828200
2018-03-20,37.46648406982422,10136500
2018-03-21,37.670230865478516,16454000
2018-03-22,36.47908020019531,16549100
2018-03-23,35.94620132446289,20510700
2018-03-26,37.02894592285156,19587400
2018-03-27,36.47932052612305,15427400
2018-03-28,36.22806930541992,15551800
2018-03-29,36.88761901855469,12121900
2018-04-02,36.34585189819336,22033000
2018-04-03,36.69917297363281,15576500
2018-04-04,36.81694793701172,17380200
2018-04-05,36.89548110961914,11815800
2018-04-06,36.243770599365234,17487900
2018-04-09,36.21235275268555,12813900
2018-04-10,36.88761901855469,9043200
2018-04-11,36.93472671508789,7750500
2018-04-12,36.9268798828125,7302600
2018-04-13,36.542144775390625,6828300
2018-04-16,36.57353973388672,6754000
2018-04-17,36.604957580566406,8308800
2018-04-18,36.864070892333984,8475400
2018-04-19,36.659915924072266,7601500
2018-04-20,36.22806930541992,7393200
2018-04-23,35.98466491699219,6367000
2018-04-24,35.81977844238281,13532500
2018-04-25,35.552818298339844,9333700
2018-04-26,35.921844482421875,11162300
2018-04-27,36.11029052734375,10434400
2018-04-30,35.86688995361328,10113300
2018-05-01,35.66272735595703,16821500
2018-05-02,35.42718505859375,12032200
2018-05-03,35.3172607421875,14692200
2018-05-04,35.48999786376953,16855200
2018-05-07,35.39577865600586,23101400
2018-05-08,35.57636260986328,8755400
2018-05-09,35.62348175048828,5893400
2018-05-10,36.330142974853516,12379800
2018-05-11,36.20450973510742,11430900
2018-05-14,36.31443405151367,7092700
2018-05-15,35.62348175048828,12520900
2018-05-16,36.12599563598633,7113500
2018-05-17,35.62348175048828,10318000
2018-05-18,35.2937126159668,10000300
2018-05-21,35.52141189575195,8062300
2018-05-22,35.66272735595703,6125800
2018-05-23,35.505714416503906,10280500
2018-05-24,35.38007736206055,6830500
2018-05-25,35.46643829345703,6083900
2018-05-29,34.681278228759766,16673400
2018-05-30,34.987491607666016,13925200
2018-05-31,35.02674865722656,14220700
2018-06-01,35.41933822631836,15672900
2018-06-04,35.78835678100586,9361300
2018-06-05,35.47429656982422,15166900
2018-06-06,35.98466491699219,9056900
2018-06-07,35.43503952026367,17280700
2018-06-08,35.41148376464844,11903300
2018-06-11,35.3643684387207,6571600
2018-06-12,35.34081268310547,9972600
2018-06-13,35.08171081542969,9965000
2018-06-14,34.89326858520508,11315800
2018-06-15,34.70481872558594,18342900
2018-06-18,34.304378509521484,12885800
2018-06-19,33.91179275512695,16855000
2018-06-20,34.02172088623047,16733300
2018-06-21,33.54276657104492,21299600
2018-06-22,33.815406799316406,19564700
2018-06-25,33.37285232543945,18765800
2018-06-26,33.23851013183594,12667500
2018-06-27,32.503570556640625,24698400
2018-06-28,32.811763763427734,15198000
2018-06-29,33.34914779663086,21602100
2018-07-02,32.98563003540039,39165600
2018-07-03,33.01723861694336,9351600
2018-07-05,32.98563003540039,19557700
2018-07-06,33.38866424560547,10606600
2018-07-09,33.997161865234375,16749200
2018-07-10,33.96554946899414,8374800
2018-07-11,33.33333969116211,11505700
2018-07-12,33.79959487915039,11355500
2018-07-13,33.82330322265625,8977500
2018-07-16,33.63364028930664,5417400
2018-07-17,33.89442825317383,8495600
2018-07-18,33.86281204223633,6998900
2018-07-19,33.47559356689453,12734200
2018-07-20,33.91023254394531,10122000
2018-07-23,33.807491302490234,8881900
2018-07-24,34.31326675415039,7780600
2018-07-25,34.858551025390625,10505600
2018-07-26,34.51873016357422,8623700
2018-07-27,34.56615447998047,11648400
2018-07-30,34.51873016357422,15212500
2018-07-31,34.67678451538086,12934100
2018-08-01,34.41600036621094,9810800
2018-08-02,34.0208740234375,15504100
2018-08-03,34.23423767089844,8813400
2018-08-06,33.973445892333984,12280600
2018-08-07,34.28166580200195,9338200
2018-08-08,34.20262908935547,9664000
2018-08-09,34.15521240234375,7938800
2018-08-10,33.47559356689453,18475700
2018-08-13,32.93821334838867,18977500
2018-08-14,33.135772705078125,10719000
2018-08-15,32.163753509521484,22726100
2018-08-16,32.3929328918457,17396200
2018-08-17,32.66951370239258,14498500
2018-08-20,32.811763763427734,9194100
2018-08-21,33.167381286621094,13516600
2018-08-22,33.36494827270508,8513300
2018-08-23,32.8433837890625,14860200
2018-08-24,33.33333969116211,10948400
2018-08-27,33.878623962402344,13398800
2018-08-28,33.71266174316406,10697500
2018-08-29,33.90233612060547,11600200
2018-08-30,33.00143051147461,21254300
2018-08-31,33.22269821166992,17517100
2018-09-04,32.47984313964844,19209200
2018-09-05,32.13214111328125,19402200
2018-09-06,32.1163330078125,14535500
2018-09-07,31.97408676147461,14695300
2018-09-10,31.594757080078125,16287800
2018-09-11,31.634273529052734,16237600
2018-09-12,31.831829071044922,19573900
2018-09-13,32.2348747253418,16522600
2018-09-14,32.19535827636719,13379800
2018-09-17,31.942466735839844,10816400
2018-09-18,32.19535827636719,10998000
2018-09-19,32.6300048828125,12179500
2018-09-20,32.89868927001953,11635100
2018-09-21,33.03303909301758,11775400
2018-09-24,32.62210464477539,12027800
2018-09-25,32.827571868896484,9965000
2018-09-26,32.88751983642578,11270900
2018-09-27,32.98345184326172,8952000
2018-09-28,32.775611877441406,13852400
2018-10-01,32.85554122924805,14389800
2018-10-02,32.50381088256836,16632100
2018-10-03,32.23200607299805,16370600
2018-10-04,31.496572494506836,21225800
2018-10-05,31.352670669555664,20543000
2018-10-08,31.40863037109375,16332100
2018-10-09,31.32868766784668,18285000
2018-10-10,30.457334518432617,26144900
2018-10-11,30.1855411529541,47600100
2018-10-12,30.952964782714844,28567400
2018-10-15,30.649200439453125,16002300
2018-10-16,31.352670669555664,16985900
2018-10-17,30.976945877075195,14034300
2018-10-18,30.169553756713867,16859000
2018-10-19,30.44934844970703,15167700
2018-10-22,30.76910972595215,14177800
2018-10-23,30.4653377532959,17778900
2018-10-24,29.577993392944336,24787200
2018-10-25,30.137575149536133,18853500
2018-10-26,29.90574073791504,28023400
2018-10-29,29.32217788696289,27499700
2018-10-30,29.921733856201172,23070700
2018-10-31,30.265480041503906,23487500
2018-11-01,31.352670669555664,21896400
2018-11-02,31.464582443237305,26037100
2018-11-05,31.608484268188477,13925400
2018-11-06,31.488574981689453,12328700
2018-11-07,32.048152923583984,13378200
2018-11-08,31.27272605895996,14379200
2018-11-09,30.73712730407715,16329300
2018-11-12,30.329439163208008,19434100
2018-11-13,30.689165115356445,16903400
2018-11-14,30.92898178100586,21155800
2018-11-15,31.536527633666992,25360800
2018-11-16,31.648454666137695,18183200
2018-11-19,31.256742477416992,22622200
2018-11-20,30.601226806640625,19310100
2018-11-21,31.176799774169922,16361300
2018-11-23,30.84905242919922,11634300
2018-11-26,31.064884185791016,21898200
2018-11-27,31.288719177246094,16505200
2018-11-28,31.984195709228516,26402800
2018-11-29,31.768360137939453,22376500
2018-11-30,31.7283878326416,18214800
2018-12-03,32.359920501708984,22344600
2018-12-04,31.760364532470703,23569400
2018-12-06,31.50455093383789,31668000
2018-12-07,30.873022079467773,22938500
2018-12-10,30.513288497924805,33157000
2018-12-11,30.825069427490234,30196700
2018-12-12,31.288719177246094,26534300
2018-12-13,31.336669921875,23109700
2018-12-14,30.944978713989258,23516600
2018-12-17,30.609224319458008,26749700
2018-12-18,30.80108070373535,30125000
2018-12-19,30.289461135864258,55565500
2018-12-20,30.521286010742188,38334200
2018-12-21,30.273466110229492,36971100
2018-12-24,30.039241790771484,20581900
2018-12-26,30.570480346679688,39456100
2018-12-27,30.5060977935791,36809700
2018-12-28,30.72341537475586,29480000
2018-12-31,30.667078018188477,25687900
2019-01-02,30.803911209106445,17856900
2019-01-03,30.32095718383789,15615100
2019-01-04,31.27880859375,21471400
2019-01-07,31.343191146850586,17582800
2019-01-08,31.520286560058594,17090900
2019-01-09,31.97907829284668,21629700
2019-01-10,32.22054672241211,18736700
2019-01-11,32.019317626953125,22542300
2019-01-14,31.793941497802734,15067200
2019-01-15,32.00322723388672,17548300
2019-01-16,32.317138671875,14705500
2019-01-17,32.47007369995117,19549000
2019-01-18,32.63910675048828,19264800
2019-01-22,32.091766357421875,19421400
2019-01-23,32.40568542480469,14975900
2019-01-24,32.67934799194336,16300100
2019-01-25,33.00131607055664,18232000
2019-01-28,32.655208587646484,18843600
2019-01-29,32.69544219970703,10577500
2019-01-30,33.27498245239258,21068900
2019-01-31,33.62914276123047,29177100
2019-02-01,33.37961959838867,20402700
2019-02-04,33.45206832885742,18100400
2019-02-05,33.830379486083984,18520300
2019-02-06,33.42791748046875,19303700
2019-02-07,33.11399459838867,20658500
2019-02-08,32.98522186279297,12385500
2019-02-11,32.79203796386719,14924600
2019-02-12,33.11399459838867,11353000
2019-02-13,32.880577087402344,18557900
2019-02-14,32.944969177246094,14819300
2019-02-15,32.88862609863281,24894400
2019-02-19,33.226688385009766,16260300
2019-02-20,33.371578216552734,14907000
2019-02-21,33.29912567138672,9401100
2019-02-22,33.677433013916016,9400000
2019-02-25,34.12818145751953,11812100
2019-02-26,34.0235481262207,11900800
2019-02-27,33.75791931152344,12705800
2019-02-28,33.5003547668457,21919600
2019-03-01,33.54059982299805,18902800
2019-03-04,33.66133499145508,20129800
2019-03-05,34.055755615234375,27879800
2019-03-06,33.8867073059082,12473400
2019-03-07,33.339385986328125,17155400
2019-03-08,33.097900390625,16063000
2019-03-11,33.77402114868164,10339700
2019-03-12,33.910865783691406,9999100
2019-03-13,33.98330307006836,14035200
2019-03-14,33.80623245239258,9892900
2019-03-15,34.26502227783203,13439600
2019-03-18,34.65138244628906,12380900
2019-03-19,34.659423828125,12983700
2019-03-20,34.65138244628906,19124300
2019-03-21,34.731868743896484,22384800
2019-03-22,33.685482025146484,22669000
2019-03-25,33.84033203125,15398600
2019-03-26,33.9532356262207,10330200
2019-03-27,33.582252502441406,13250700
2019-03-28,33.87258529663086,8694300
2019-03-29,34.27583694458008,15447000
2019-04-01,34.791988372802734,14802400
2019-04-02,34.68715286254883,15054200
2019-04-03,34.85650634765625,12024000
2019-04-04,35.082332611083984,7841200
2019-04-05,35.36460494995117,11259800
2019-04-08,35.34040832519531,7890700
2019-04-09,35.29201126098633,9449900
2019-04-10,35.46137619018555,9027500
2019-04-11,35.05006408691406,11339300
2019-04-12,35.26781463623047,8444700
2019-04-15,35.082332611083984,9751200
2019-04-16,35.36460494995117,10231500
2019-04-17,35.45331573486328,9475700
2019-04-18,35.493629455566406,12727500
2019-04-22,35.28395462036133,7510300
2019-04-23,35.36460494995117,8520900
2019-04-24,34.95329284667969,9331500
2019-04-25,34.888763427734375,13595300
2019-04-26,35.05006408691406,8892300
2019-04-29,34.98555374145508,8655000
2019-04-30,35.00975036621094,10598500
2019-05-01,34.816192626953125,23283100
2019-05-02,34.86457443237305,17667800
2019-05-03,35.31620788574219,13250800
2019-05-06,34.56618118286133,21419100
2019-05-07,33.91291809082031,16799200
2019-05-08,33.82419967651367,19133200
2019-05-09,33.348365783691406,25300200
2019-05-10,33.62257385253906,17748100
2019-05-13,32.48542404174805,21780900
2019-05-14,32.937068939208984,15379800
2019-05-15,33.025787353515625,13267800
2019-05-16,32.94512176513672,12010900
2019-05-17,32.316062927246094,14372900
2019-05-20,32.203155517578125,12574800
2019-05-21,32.6386604309082,10937500
2019-05-22,32.50155258178711,9154500
2019-05-23,32.09024429321289,14334300
2019-05-24,32.138641357421875,8292500
2019-05-28,32.235416412353516,13114600
2019-05-29,32.50962829589844,16330800
2019-05-30,32.65479278564453,11041600
2019-05-31,32.77577209472656,14599100
2019-06-03,32.969329833984375,22369900
2019-06-04,32.977378845214844,19595700
2019-06-05,32.735450744628906,14323700
2019-06-06,32.72738265991211,12285000
2019-06-07,32.96125793457031,10334800
2019-06-10,33.26772689819336,12823700
2019-06-11,33.6145133972168,10155000
2019-06-12,33.25159454345703,9932300
2019-06-13,33.28386306762695,8963500
2019-06-14,32.87254333496094,12373600
2019-06-17,33.009788513183594,10116700
2019-06-18,33.75686264038086,10405800
2019-06-19,33.99236297607422,18670200
2019-06-20,34.52018356323242,15149900
2019-06-21,34.382144927978516,9494500
2019-06-24,34.406497955322266,8305600
2019-06-25,34.032958984375,16757300
2019-06-26,34.36590576171875,9161700
2019-06-27,34.560794830322266,10934500
2019-06-28,34.53643798828125,17584300
2019-07-01,35.03178024291992,17863000
2019-07-02,34.98307418823242,33509300
2019-07-03,35.02366638183594,6009200
2019-07-05,34.780052185058594,7884500
2019-07-08,34.64199447631836,8298700
2019-07-09,34.55267333984375,11298600
2019-07-10,34.780052185058594,11914000
2019-07-11,34.70696258544922,11012600
2019-07-12,34.70696258544922,5732200
2019-07-15,34.86936950683594,4783100
2019-07-16,34.804412841796875,6803400
2019-07-17,34.723201751708984,10681900
2019-07-18,34.942447662353516,11575100
2019-07-19,34.715091705322266,8186900
2019-07-22,34.674476623535156,8014200
2019-07-23,34.674476623535156,6357300
2019-07-24,34.780052185058594,7515200
2019-07-25,34.577049255371094,8636000
2019-07-26,34.60951614379883,5603300
2019-07-29,34.60139846801758,4350000
2019-07-30,34.26033020019531,6821400
2019-07-31,33.91115951538086,18317400
2019-08-01,33.29399490356445,23622500
2019-08-02,32.977298736572266,17077200
2019-08-05,31.816078186035156,18574000
2019-08-06,32.319541931152344,19442300
2019-08-07,32.457584381103516,14145300
2019-08-08,32.879852294921875,12756300
2019-08-09,32.555030822753906,10582100
2019-08-12,32.189613342285156,8128700
2019-08-13,32.57127380371094,11871700
2019-08-14,31.669889450073242,15201900
2019-08-15,31.84855079650879,18404400
2019-08-16,32.270816802978516,10991100
2019-08-19,32.376380920410156,9873400
2019-08-20,32.433223724365234,7996200
2019-08-21,32.684959411621094,7337600
2019-08-22,32.352020263671875,18196300
2019-08-23,31.889148712158203,14002600
2019-08-26,32.0921630859375,9735100
2019-08-27,32.10841751098633,13179200
2019-08-28,32.230220794677734,10898000
2019-08-29,32.60375213623047,8794100
2019-08-30,32.8067741394043,10270600
2019-09-03,32.6362419128418,14146900
2019-09-04,33.17218017578125,10591600
2019-09-05,33.423919677734375,22002800
2019-09-06,33.529483795166016,9765900
2019-09-09,33.61882019042969,5861500
2019-09-10,33.61882019042969,10037700
2019-09-11,33.870548248291016,8676800
2019-09-12,34.081695556640625,10526400
2019-09-13,34.26033020019531,9503700
2019-09-16,33.98423767089844,7936800
2019-09-17,34.024845123291016,10816800
2019-09-18,33.85430145263672,11450700
2019-09-19,33.6431770324707,10263900
2019-09-20,33.70002746582031,18953100
2019-09-23,33.821834564208984,13422300
2019-09-24,33.40985870361328,15055800
2019-09-25,33.442752838134766,13863900
2019-09-26,33.426307678222656,20552000
2019-09-27,33.00693893432617,23051800
2019-09-30,33.1056022644043,14543400
2019-10-01,32.87537384033203,26339900
2019-10-02,32.7191276550293,16861600
2019-10-03,33.11383056640625,20121600
2019-10-04,33.27006912231445,13811200
2019-10-07,33.015159606933594,15542800
2019-10-08,32.73558044433594,15143200
2019-10-09,32.98226547241211,9411600
2019-10-10,33.33584976196289,13111600
2019-10-11,33.77988815307617,16599400
2019-10-14,33.70588684082031,6153400
2019-10-15,33.936126708984375,11229100
2019-10-16,34.026573181152344,9017100
2019-10-17,34.13347244262695,20217600
2019-10-18,34.04302978515625,9191200
2019-10-21,34.28971481323242,8315700
2019-10-22,34.265037536621094,9087600
2019-10-23,34.281497955322266,9716800
2019-10-24,34.322608947753906,11299600
2019-10-25,34.47883605957031,9776500
2019-10-28,34.75019836425781,9763100
2019-10-29,34.5528450012207,8959700
2019-10-30,34.684417724609375,13014400
2019-10-31,34.413055419921875,10505500
2019-11-01,34.94755554199219,22384400
2019-11-04,35.20246124267578,10487900
2019-11-05,35.37514114379883,10576500
2019-11-06,35.31758117675781,14736800
2019-11-07,35.55604553222656,13938400
2019-11-08,35.23535919189453,9167900
2019-11-11,35.03800964355469,6983100
2019-11-12,34.774871826171875,8638100
2019-11-13,34.5528450012207,9925900
2019-11-14,34.53640365600586,9311500
2019-11-15,34.76664352416992,6708700
2019-11-18,34.7584228515625,8754000
2019-11-19,34.88177490234375,9778500
2019-11-20,34.75019836425781,12367400
2019-11-21,34.79132080078125,15122400
2019-11-22,34.72554016113281,6350200
2019-11-25,35.03800964355469,8433700
2019-11-26,34.89820861816406,13212800
2019-11-27,35.00511169433594,7688500
2019-11-29,34.58574295043945,11590600
2019-12-02,34.59396743774414,19384700
2019-12-03,34.45418167114258,9971200
2019-12-04,34.7584228515625,18321300
2019-12-05,34.9393310546875,9433100
2019-12-06,35.07090377807617,10105700
2019-12-09,34.9393310546875,5427200
2019-12-10,35.013343811035156,9171900
2019-12-11,35.48204803466797,8658400
2019-12-12,35.967201232910156,17743400
2019-12-13,35.92607498168945,16061400
2019-12-16,36.23033142089844,10399600
2019-12-17,36.50168991088867,7372500
2019-12-18,36.69905090332031,9846200
2019-12-19,36.72370910644531,8887600
2019-12-20,36.756595611572266,14516000
2019-12-23,36.8223762512207,6509500
2019-12-24,36.78907775878906,3320300
2019-12-26,37.097171783447266,5064100
2019-12-27,37.14714431762695,7894700
2019-12-30,36.93896484375,10039700
2019-12-31,37.03056335449219,6616100
2020-01-02,37.913230895996094,13427400
2020-01-03,37.238746643066406,12501600
2020-01-06,37.172122955322266,10315100
2020-01-07,37.15547180175781,11859300
2020-01-08,37.3220100402832,11113700
2020-01-09,37.5135383605957,17924500
2020-01-10,37.69673538208008,14887200
2020-01-13,38.213008880615234,8973900
2020-01-14,38.03813934326172,13281100
2020-01-15,37.796653747558594,13064600
2020-01-16,37.98817443847656,14620400
2020-01-17,38.22966003417969,13094800
2020-01-21,37.280372619628906,14543900
2020-01-22,37.50520706176758,15637600
2020-01-23,37.16379928588867,15386000
2020-01-24,36.88066864013672,19643500
2020-01-27,35.63994598388672,19866500
2020-01-28,35.93971633911133,13930500
2020-01-29,36.106258392333984,9174200
2020-01-30,35.614952087402344,16587300
2020-01-31,34.98209762573242,15755300
2020-02-03,35.231910705566406,23429800
2020-02-04,36.072940826416016,15264900
2020-02-05,36.27280044555664,20121100
2020-02-06,36.25613784790039,9642900
2020-02-07,35.76485061645508,8298300
2020-02-10,35.98967742919922,8238000
2020-02-11,36.447662353515625,8439700
2020-02-12,36.91398239135742,10143100
2020-02-13,36.522621154785156,14411400
2020-02-14,36.447662353515625,8417000
2020-02-18,36.32277297973633,8623800
2020-02-19,36.622535705566406,9889700
2020-02-20,36.1229248046875,13407400
2020-02-21,35.98967742919922,8103800
2020-02-24,34.723960876464844,17789800
2020-02-25,34.44916534423828,21292800
2020-02-26,34.66567611694336,25218200
2020-02-27,33.83295440673828,35274700
2020-02-28,33.74135971069336,54845800
2020-03-02,34.390865325927734,40151000
2020-03-03,34.224334716796875,50334100
2020-03-04,34.707305908203125,25280500
2020-03-05,34.0411491394043,24944100
2020-03-06,33.39995193481445,36225700
2020-03-09,30.910154342651367,38193800
2020-03-10,32.46732711791992,43913600
2020-03-11,31.0600528717041,41684100
2020-03-12,27.93738555908203,42380000
2020-03-13,29.89425277709961,42239300
2020-03-16,26.280290603637695,44521000
2020-03-17,27.92905616760254,41307800
2020-03-18,25.6557559967041,37816500
2020-03-19,25.797319412231445,40757300
2020-03-20,25.91390037536621,49851800
2020-03-23,25.411670684814453,55124600
2020-03-24,27.013460159301758,40806400
2020-03-25,27.89777946472168,48730200
2020-03-26,29.024032592773438,38009500
2020-03-27,27.455623626708984,30660100
2020-03-30,27.856069564819336,26917400
2020-03-31,27.989551544189453,28798700
2020-04-01,26.996774673461914,27389300
2020-04-02,27.789331436157227,23383500
2020-04-03,27.25539207458496,20830000
2020-04-06,28.598560333251953,24480000
2020-04-07,28.765417098999023,25931000
2020-04-08,29.099117279052734,20939200
2020-04-09,29.049062728881836,24956000
2020-04-13,29.157520294189453,25044100
2020-04-14,29.741497039794922,21580400
2020-04-15,29.082435607910156,16109900
2020-04-16,29.24928855895996,32117900
2020-04-17,29.72481346130371,28173200
2020-04-20,29.50790786743164,22379500
2020-04-21,28.69033432006836,17501900
2020-04-22,29.432825088500977,16567900
2020-04-23,29.31603240966797,19398700
2020-04-24,29.274316787719727,15272300
2020-04-27,29.82493782043457,17169500
2020-04-28,29.900012969970703,15768600
2020-04-29,30.709247589111328,14100100
2020-04-30,30.175315856933594,26071100
2020-05-01,29.16585922241211,21870700
2020-05-04,29.532943725585938,22859900
2020-05-05,29.666425704956055,14461600
2020-05-06,29.591341018676758,12747300
2020-05-07,29.783218383789062,13151400
2020-05-08,30.45063018798828,16327000
2020-05-11,30.30046272277832,13167700
2020-05-12,30.20868492126465,14340900
2020-05-13,30.11692237854004,17270700
2020-05-14,30.20868492126465,19407500
2020-05-15,29.833267211914062,11522500
2020-05-18,30.959522247314453,13599700
2020-05-19,30.650850296020508,10852400
2020-05-20,31.034616470336914,12651500
2020-05-21,30.717586517333984,12794500
2020-05-22,30.13360595703125,12949400
2020-05-26,30.801013946533203,16462700
2020-05-27,30.834386825561523,15722400
2020-05-28,30.634164810180664,15888900
2020-05-29,31.1680850982666,19256500
2020-06-01,31.877212524414062,17416900
2020-06-02,32.619712829589844,13518600
2020-06-03,33.253746032714844,15842100
2020-06-04,32.83662414550781,9021900
2020-06-05,33.59579849243164,15422000
2020-06-08,33.86276626586914,9854000
2020-06-09,33.679222106933594,8289400
2020-06-10,33.84608459472656,14451800
2020-06-11,32.11915588378906,15532800
2020-06-12,32.853302001953125,20416800
2020-06-15,32.71982955932617,12808400
2020-06-16,32.844970703125,23321700
2020-06-17,33.145301818847656,11793300
2020-06-18,33.15363693237305,10108700
2020-06-19,33.212039947509766,14298700
2020-06-22,33.57231140136719,11636800
2020-06-23,33.90744400024414,8474300
2020-06-24,33.3963623046875,11226800
2020-06-25,33.53879165649414,9676800
2020-06-26,33.13663101196289,14051900
2020-06-29,33.35447311401367,11001500
2020-06-30,33.1869010925293,17667800
2020-07-01,33.63096237182617,14205900
2020-07-02,34.426910400390625,10983200
2020-07-06,35.943397521972656,14011700
2020-07-07,35.3736686706543,10095000
2020-07-08,36.32042694091797,9999700
2020-07-09,36.34557342529297,12825400
2020-07-10,36.09423065185547,11639100
2020-07-13,35.918270111083984,13812300
2020-07-14,35.935020446777344,13107100
2020-07-15,35.968528747558594,11187400
2020-07-16,35.457462310791016,10468500
2020-07-17,35.616641998291016,8784800
2020-07-20,36.119346618652344,6068600
2020-07-21,36.38745880126953,11708700
2020-07-22,36.26177978515625,7924600
2020-07-23,36.01880645751953,10331200
2020-07-24,35.9266471862793,10235300
2020-07-27,36.429344177246094,11259000
2020-07-28,36.03555679321289,8114600
2020-07-29,36.672325134277344,10379200
2020-07-30,36.24502182006836,10312000
2020-07-31,36.03555679321289,13362600
2020-08-03,36.31205368041992,13509600
2020-08-04,36.722599029541016,10605300
2020-08-05,37.0996208190918,12702000
2020-08-06,37.1498908996582,8029700
2020-08-07,36.395835876464844,8387500
2020-08-10,36.38745880126953,6852100
2020-08-11,36.25339889526367,10318000
2020-08-12,36.69745635986328,8539800
2020-08-13,36.55503463745117,9935300
2020-08-14,36.60530090332031,9409400
2020-08-17,36.99907684326172,6255500
2020-08-18,37.13313293457031,8910600
2020-08-19,36.705841064453125,7516500
2020-08-20,36.60530090332031,8194300
2020-08-21,36.83989334106445,9016600
2020-08-24,37.20854949951172,6431200
2020-08-25,37.552059173583984,8753300
2020-08-26,37.5855712890625,9533100
2020-08-27,37.36773681640625,9293300
2020-08-28,37.82017135620117,10728400
2020-08-31,37.02421951293945,10682700
2020-09-01,37.7698974609375,14007900
2020-09-02,37.669368743896484,16252400
2020-09-03,37.00746154785156,24019500
2020-09-04,36.94043731689453,20440200
2020-09-08,36.25339889526367,12380900
2020-09-09,36.722599029541016,14665800
2020-09-10,36.16961669921875,17578000
2020-09-11,36.43773651123047,12849800
2020-09-14,37.04096984863281,9573000
2020-09-15,37.45989227294922,8892600
2020-09-16,37.325836181640625,8966300
2020-09-17,37.25881576538086,8176800
2020-09-18,36.9655647277832,8180300
2020-09-21,36.65762710571289,11789400
2020-09-22,36.336143493652344,7874800
2020-09-23,35.76931381225586,12848800
2020-09-24,35.667789459228516,13662200
2020-09-25,35.65932083129883,11081400
2020-09-28,36.014644622802734,7950600
2020-09-29,35.99773406982422,13454500
2020-09-30,36.581478118896484,13773800
2020-10-01,36.9029655456543,19828700
2020-10-02,36.49687957763672,11787700
2020-10-05,36.970638275146484,6401600
2020-10-06,37.08062744140625,10749600
2020-10-07,37.42749786376953,8247700
2020-10-08,37.70667266845703,7747200
2020-10-09,37.96893310546875,8708500
2020-10-12,38.341190338134766,8960200
2020-10-13,38.17197799682617,13170600
2020-10-14,38.002777099609375,9391400
2020-10-15,37.69822311401367,8102500
2020-10-16,37.850494384765625,4824700
2020-10-19,37.7320556640625,8547500
2020-10-20,38.11276626586914,17041500
2020-10-21,38.18889617919922,12939500
2020-10-22,38.19736862182617,10713600
2020-10-23,38.37501907348633,7445600
2020-10-26,37.875877380371094,9128300
2020-10-27,38.01123809814453,14578400
2020-10-28,37.06370544433594,12620700
2020-10-29,37.4528694152832,11452300
2020-10-30,37.06370544433594,14105600
2020-11-02,37.5374641418457,13291200
2020-11-03,37.638999938964844,10498200
2020-11-04,38.84878158569336,16731400
2020-11-05,39.5086784362793,14643200
2020-11-06,39.652496337890625,10405400
2020-11-09,39.9485969543457,15498100
2020-11-10,39.500205993652344,13534000
2020-11-11,39.66941452026367,8907700
2020-11-12,39.37331771850586,9333100
2020-11-13,39.87246322631836,7870500
2020-11-16,40.337764739990234,10332300
2020-11-17,40.27854919433594,9620200
2020-11-18,40.14318084716797,8092000
2020-11-19,40.24470138549805,6457800
2020-11-20,40.52389144897461,6578200
2020-11-23,40.51542663574219,10310200
2020-11-24,41.05686569213867,8058800
2020-11-25,40.870758056640625,7539900
2020-11-27,41.25145721435547,4810600
2020-11-30,40.23624801635742,12958600
2020-12-01,41.073787689208984,14525400
2020-12-02,41.05686569213867,11283000
2020-12-03,41.46296310424805,9625700
2020-12-04,41.742130279541016,13482300
2020-12-07,41.742130279541016,11203600
2020-12-08,41.86058044433594,7361100
2020-12-09,41.369895935058594,10921800
2020-12-10,41.92827224731445,8627300
2020-12-11,41.649078369140625,6862100
2020-12-14,41.496803283691406,7073600
2020-12-15,41.885955810546875,9327100
2020-12-16,42.114383697509766,11855500
2020-12-17,42.45278549194336,8853900
2020-12-18,42.32588195800781,10548800
2020-12-21,41.7564811706543,9401200
2020-12-22,41.450077056884766,8976600
2020-12-23,41.87563705444336,9989700
2020-12-24,41.6373291015625,5756600
2020-12-28,41.722434997558594,9984800
2020-12-29,42.17353439331055,11728500
2020-12-30,42.760826110839844,7124900
2020-12-31,42.65017318725586,8787500
2021-01-04,42.84592819213867,24105400
2021-01-05,43.84175109863281,15242700
2021-01-06,43.4246940612793,20028000
2021-01-07,43.76514434814453,12432000
2021-01-08,44.65032196044922,16257000
2021-01-11,44.131134033203125,11278200
2021-01-12,44.61628341674805,14721300
2021-01-13,44.7609748840332,15715800
2021-01-14,45.20356750488281,9727400
2021-01-15,44.68436813354492,9889700
2021-01-19,45.492950439453125,10475200
2021-01-20,46.28449249267578,8069100
2021-01-21,46.29301452636719,13484300
2021-01-22,45.96106719970703,7062500
2021-01-25,46.19087219238281,8700600
2021-01-26,45.901493072509766,8155500
2021-01-27,44.73543930053711,10388300
2021-01-28,44.948219299316406,13367000
2021-01-29,43.98644256591797,22707500
2021-02-01,45.1014289855957,14517800
2021-02-02,45.8078727722168,8347500
2021-02-03,45.978084564208984,8442500
2021-02-04,46.04617691040039,7187100
2021-02-05,46.38663101196289,6459000
2021-02-08,46.62495040893555,6861100
2021-02-09,47.14413833618164,7816900
2021-02-10,47.246273040771484,9137500
2021-02-11,47.73992919921875,7932200
2021-02-12,47.82504653930664,7561200
2021-02-16,47.961219787597656,7423300
2021-02-17,48.080379486083984,6377000
2021-02-18,47.45906066894531,5971700
2021-02-19,47.71440124511719,7144800
2021-02-22,46.361106872558594,10568800
2021-02-23,46.62495040893555,8986900
2021-02-24,46.327049255371094,10751500
2021-02-25,45.32271957397461,13034500
2021-02-26,44.67585754394531,17343800
2021-03-01,45.901493072509766,9398300
2021-03-02,45.467411041259766,11948000
2021-03-03,45.433380126953125,16340400
2021-03-04,44.454559326171875,21671700
2021-03-05,44.769493103027344,14267100
2021-03-08,43.60344314575195,15723000
2021-03-09,44.54819107055664,14264200
2021-03-10,44.471588134765625,13436600
2021-03-11,45.8078727722168,9102700
2021-03-12,44.999290466308594,9332500
2021-03-15,44.9737548828125,13127000
2021-03-16,45.16950988769531,12282800
2021-03-17,45.20356750488281,9336200
2021-03-18,44.50563430786133,11070900
2021-03-19,44.948219299316406,8992100
2021-03-22,44.852779388427734,10854500
2021-03-23,44.11985778808594,10632700
2021-03-24,43.088661193847656,12406600
2021-03-25,43.15683364868164,15605700
2021-03-26,44.23065185546875,15609700
2021-03-29,43.983497619628906,13062000
2021-03-30,44.162471771240234,27514100
2021-03-31,44.358482360839844,10759700
2021-04-01,44.759033203125,10280700
2021-04-05,44.852779388427734,9804500
2021-04-06,45.065834045410156,9533200
2021-04-07,44.40961837768555,9164400
2021-04-08,44.86981201171875,7447000
2021-04-09,44.48631286621094,7633400
2021-04-12,44.19655990600586,7718000
2021-04-13,44.205078125,6725000
2021-04-14,44.44370651245117,8492500
2021-04-15,44.835731506347656,6200800
2021-04-16,44.98060607910156,6678900
2021-04-19,44.88685989379883,8932100
2021-04-20,44.54597473144531,7101600
2021-04-21,44.895381927490234,6235100
2021-04-22,44.81867980957031,7556200
2021-04-23,45.43229293823242,12992200
2021-04-26,45.491947174072266,6543700
2021-04-27,45.56012725830078,6886100
2021-04-28,45.92658233642578,7698100
2021-04-29,45.824310302734375,8465400
2021-04-30,45.15105056762695,8573300
2021-05-03,45.13400650024414,7350400
2021-05-04,44.5800666809082,9975300
2021-05-05,44.75050354003906,4339000
2021-05-06,45.193660736083984,6971900
2021-05-07,45.594207763671875,9221800
2021-05-10,44.74198532104492,10549000
2021-05-11,44.6226692199707,11065600
2021-05-12,43.480690002441406,10822600
2021-05-13,43.42954635620117,9134100
2021-05-14,44.14542770385742,6270500
2021-05-17,44.170989990234375,7666700
2021-05-18,44.810157775878906,7707900
2021-05-19,44.69084548950195,10025800
2021-05-20,44.852779388427734,7164800
2021-05-21,44.375526428222656,6526300
2021-05-24,44.793121337890625,5340500
2021-05-25,45.26184844970703,7610500
2021-05-26,45.594207763671875,5032200
2021-05-27,45.67943572998047,7659800
2021-05-28,45.91804885864258,7318100
2021-06-01,46.88107681274414,10035300
2021-06-02,46.99186706542969,8016400
2021-06-03,46.46348571777344,8433000
2021-06-04,46.88107681274414,7317400
2021-06-07,46.6935920715332,24666100
2021-06-08,46.49757766723633,7113900
2021-06-09,46.46348571777344,8168100
2021-06-10,46.7873420715332,6263600
2021-06-11,46.58279800415039,7187200
2021-06-14,46.77029037475586,6120900
2021-06-15,46.4549560546875,6168100
2021-06-16,45.824310302734375,7464200
2021-06-17,46.08850860595703,6889700
2021-06-18,45.7305793762207,6643100
2021-06-21,45.95330810546875,8283400
2021-06-22,45.75627517700195,6060600
2021-06-23,46.02184295654297,9520000
2021-06-24,46.364524841308594,7323200
2021-06-25,46.74147033691406,4814100
2021-06-28,46.85283279418945,7693600
2021-06-29,46.818580627441406,6154100
2021-06-30,46.527286529541016,8876600
2021-07-01,46.27886199951172,13517900
2021-07-02,46.22745132446289,9074600
2021-07-06,45.396453857421875,8443800
2021-07-07,45.43928909301758,8505200
2021-07-08,44.57402038574219,9691400
2021-07-09,45.38788604736328,5764300
2021-07-12,45.413597106933594,5978100
2021-07-13,45.43928909301758,8827900
2021-07-14,45.66203308105469,5652100
2021-07-15,45.70486831665039,9812900
2021-07-16,45.396453857421875,7143600
2021-07-19,44.72822189331055,11160800
2021-07-20,44.76250076293945,6426700
2021-07-21,45.148006439208984,7511500
2021-07-22,45.216552734375,5295300
2021-07-23,44.51405715942383,7681900
2021-07-26,43.665931701660156,13939000
2021-07-27,42.72356033325195,20521700
2021-07-28,43.9315071105957,14409300
2021-07-29,44.08570098876953,9256000
2021-07-30,43.78587341308594,10373900
2021-08-02,44.137107849121094,17030800
2021-08-03,44.24848175048828,9155700
2021-08-04,44.35985565185547,7944600
2021-08-05,44.222774505615234,8354500
2021-08-06,43.922935485839844,9084400
2021-08-09,44.0771484375,6354300
2021-08-10,44.23991012573242,6007900
2021-08-11,44.40269088745117,7275100
2021-08-12,44.11140441894531,7988900
2021-08-13,44.0257453918457,6751900
2021-08-16,43.674495697021484,9926500
2021-08-17,42.886329650878906,9863000
2021-08-18,42.9377326965332,9206600
2021-08-19,42.278076171875,16111900
2021-08-20,42.278076171875,11097600
2021-08-23,42.886329650878906,7661300
2021-08-24,43.84583282470703,13128400
2021-08-25,43.88866424560547,7730800
2021-08-26,43.52885437011719,10140100
2021-08-27,44.0771484375,5895500
2021-08-30,44.20563888549805,13626500
2021-08-31,44.745365142822266,14079700
2021-09-01,45.28507995605469,22058700
2021-09-02,45.10517501831055,8506000
2021-09-03,45.3107795715332,6490300
2021-09-07,45.6877326965332,8152100
2021-09-08,45.01094436645508,9100300
2021-09-09,45.0709114074707,9331500
2021-09-10,45.00236892700195,9145300
2021-09-13,45.148006439208984,12018100
2021-09-14,44.72822189331055,13299400
2021-09-15,44.711097717285156,11561100
2021-09-16,44.24848175048828,10831000
2021-09-17,44.0771484375,11198000
2021-09-20,42.87787628173828,21047400
2021-09-21,43.223731994628906,12919900
2021-09-22,43.846282958984375,12007600
2021-09-23,44.053794860839844,12078800
2021-09-24,43.5695915222168,8825500
2021-09-27,43.803043365478516,9239500
2021-09-28,43.29290771484375,13751000
2021-09-29,42.94704818725586,13801500
2021-09-30,43.24102020263672,22117300
2021-10-01,43.266963958740234,19161600
2021-10-04,42.67036056518555,12834400
2021-10-05,43.07674026489258,8676000
2021-10-06,42.91246032714844,11198200
2021-10-07,43.751163482666016,9236800
2021-10-08,43.91545104980469,7621400
2021-10-11,43.79439926147461,8801500
2021-10-12,43.67334747314453,8007500
2021-10-13,44.244014739990234,9178000
2021-10-14,44.31319046020508,6776300
2021-10-15,44.78874969482422,7626600
2021-10-18,44.72821807861328,7677900
2021-10-19,45.23836135864258,6456300
2021-10-20,45.24701690673828,7013600
2021-10-21,44.883853912353516,11157300
2021-10-22,44.77145767211914,7901900
2021-10-25,44.93574523925781,5926000
2021-10-26,44.63310623168945,9875200
2021-10-27,44.39965057373047,9150100
2021-10-28,44.35642623901367,8851200
2021-10-29,43.803043365478516,11536200
2021-11-01,44.22673034667969,12786000
2021-11-02,43.75981140136719,8543400
2021-11-03,44.07973861694336,9914200
2021-11-04,43.984622955322266,8669400
2021-11-05,44.00191116333008,10389300
2021-11-08,44.460182189941406,7855200
2021-11-09,44.35642623901367,8560100
2021-11-10,44.23537063598633,11786500
2021-11-11,44.99625778198242,7881700
2021-11-12,45.03084945678711,6535100
2021-11-15,44.94437789916992,8483900
2021-11-16,44.927085876464844,7932600
2021-11-17,44.76280212402344,10025700
2021-11-18,44.22673034667969,8646900
2021-11-19,44.14890670776367,9875000
2021-11-22,43.690643310546875,10581300
2021-11-23,43.73387908935547,14304900
2021-11-24,43.68199157714844,10756400
2021-11-26,42.402313232421875,13251100
2021-11-29,42.46284866333008,19083200
2021-11-30,42.532012939453125,20824800
2021-12-01,42.506065368652344,18932600
2021-12-02,43.007568359375,22318400
2021-12-03,42.41096115112305,21125000
2021-12-06,42.687644958496094,13722700
2021-12-07,43.31019973754883,14655400
2021-12-08,43.5695915222168,11548300
2021-12-09,43.35342788696289,17677100
2021-12-10,43.431236267089844,13189500
2021-12-13,42.76546859741211,17059600
2021-12-14,42.67036056518555,16849400
2021-12-15,42.51471710205078,20915100
2021-12-16,42.62712097167969,20637200
2021-12-17,42.3331413269043,14400100
2021-12-20,41.746376037597656,23244400
2021-12-21,42.45364761352539,19453500
2021-12-22,42.68939971923828,14604100
2021-12-23,42.94261932373047,18927300
2021-12-27,43.08232879638672,15682600
2021-12-28,42.93389129638672,18368000
2021-12-29,42.75052261352539,13618500
2021-12-30,43.30061721801758,15833800
2021-12-31,43.18710708618164,14828700
2022-01-03,43.49272537231445,13977200
2022-01-04,43.31808853149414,9323100
2022-01-05,42.671939849853516,18329200
2022-01-06,42.91642761230469,14844700
2022-01-07,43.13471603393555,10705600
2022-01-10,43.2220344543457,18169200
2022-01-11,44.06027603149414,16480000
2022-01-12,44.732627868652344,15080100
2022-01-13,44.17379379272461,12451500
2022-01-14,44.2611083984375,13133500
2022-01-18,43.60622787475586,19183200
2022-01-19,43.78086471557617,14639500
2022-01-20,44.05154037475586,16328800
2022-01-21,43.36174774169922,21514300
2022-01-24,42.78544616699219,36464800
2022-01-25,42.77671813964844,26653700
2022-01-26,42.3314094543457,20414900
2022-01-27,41.955936431884766,22849100
2022-01-28,42.025787353515625,27922500
2022-01-31,43.37046813964844,20554000
2022-02-01,43.623695373535156,21060100
2022-02-02,43.545108795166016,11594200
2022-02-03,43.178375244140625,13942700
2022-02-04,43.20457077026367,15478800
2022-02-07,43.20457077026367,13489300
2022-02-08,43.59750747680664,11707700
2022-02-09,44.24365234375,11085600
2022-02-10,43.99916076660156,13962400
2022-02-11,43.31808853149414,15697700
2022-02-14,42.995018005371094,17819000
2022-02-15,43.972965240478516,12628200
2022-02-16,44.304771423339844,12961900
2022-02-17,43.728477478027344,11970000
2022-02-18,43.387939453125,15194200
2022-02-22,42.71560287475586,19444900
2022-02-23,42.32267379760742,15556200
2022-02-24,41.466957092285156,31161900
2022-02-25,42.235355377197266,18987800
2022-02-28,41.75510025024414,22508100
2022-03-01,41.187538146972656,23007800
2022-03-02,41.31852722167969,16913500
2022-03-03,40.74223327636719,17723400
2022-03-04,39.97382736206055,25190600
2022-03-07,38.55929183959961,21377900
2022-03-08,38.72520065307617,25919200
2022-03-09,39.70314407348633,16960800
2022-03-10,39.0919303894043,17520900
2022-03-11,38.29734420776367,18450900
2022-03-14,37.38050842285156,27183200
2022-03-15,37.3630485534668,34112700
2022-03-16,40.270713806152344,33405400
2022-03-17,39.97382736206055,26385700
2022-03-18,40.60251998901367,30410100
2022-03-21,40.089359283447266,22204800
2022-03-22,40.71110153198242,23516500
2022-03-23,40.430877685546875,19841900
2022-03-24,40.67607498168945,17516500
2022-03-25,40.36082458496094,22809800
2022-03-28,40.4921875,19367000
2022-03-29,41.11392593383789,15914100
2022-03-30,41.06138610839844,23389300
2022-03-31,40.39585494995117,19759200
2022-04-01,41.16646194458008,18031700
2022-04-04,41.884544372558594,15647300
2022-04-05,41.148963928222656,15185300
2022-04-06,40.69358825683594,17994600
2022-04-07,40.39585494995117,18050600
2022-04-08,40.47466278076172,12011400
2022-04-11,39.96676254272461,16692400
2022-04-12,39.809139251708984,16535100
2022-04-13,40.23822784423828,12040000
2022-04-14,39.800376892089844,16026500
2022-04-18,39.63399887084961,19001600
2022-04-19,39.43259048461914,15956300
2022-04-20,39.17864227294922,20952500
2022-04-21,38.46931838989258,20043900
2022-04-22,38.1628303527832,22372700
2022-04-25,37.768768310546875,26472400
2022-04-26,37.00690460205078,24194100
2022-04-27,37.52356719970703,53537400
2022-04-28,38.01395797729492,19501900
2022-04-29,38.04022979736328,20111300
2022-05-02,37.9614143371582,25821000
2022-05-03,38.25040054321289,20873600
2022-05-04,38.626949310302734,23587300
2022-05-05,37.225826263427734,20766700
2022-05-06,36.71792984008789,31210700
2022-05-09,35.728389739990234,29101100
2022-05-10,35.87726593017578,33960000
2022-05-11,35.62331008911133,30111800
2022-05-12,35.44817352294922,26431600
2022-05-13,36.32386779785156,15708700
2022-05-16,36.24504852294922,13006200
2022-05-17,37.07697296142578,14383600
2022-05-18,36.27132797241211,16249700
2022-05-19,36.79674530029297,15545600
2022-05-20,36.936851501464844,12317500
2022-05-23,37.19955825805664,10585800
2022-05-24,36.534034729003906,13145000
2022-05-25,36.73544692993164,12023000
2022-05-26,37.28713607788086,14458700
2022-05-27,37.68994903564453,13420900
2022-05-31,38.21537399291992,19722800
2022-06-01,37.9614143371582,10936200
2022-06-02,38.644466400146484,10197700
2022-06-03,38.04022979736328,9320800
2022-06-06,38.25040054321289,11482500
2022-06-07,38.443050384521484,10240500
2022-06-08,38.58315658569336,9156200
2022-06-09,37.75125503540039,13729900
2022-06-10,37.453514099121094,15577600
2022-06-13,36.236297607421875,23994400
2022-06-14,36.76171875,20284100
2022-06-15,37.30464553833008,17427400
2022-06-16,36.139976501464844,18107300
2022-06-17,36.29759216308594,16097300
2022-06-21,36.87632369995117,11495800
2022-06-22,36.26759719848633,14401600
2022-06-23,36.44404983520508,14524700
2022-06-24,37.22038650512695,11450100
2022-06-27,37.24685287475586,11693700
2022-06-28,36.99983596801758,12196800
2022-06-29,36.902793884277344,12481100
2022-06-30,36.74399948120117,13290700
2022-07-01,36.523441314697266,13034100
2022-07-05,36.2323112487793,15717000
2022-07-06,35.98530197143555,11606600
2022-07-07,36.73517608642578,9526600
2022-07-08,36.64695739746094,7877900
2022-07-11,35.738277435302734,11642400
2022-07-12,35.6059455871582,12804600
2022-07-13,35.500083923339844,15757700
2022-07-14,35.26188659667969,18559400
2022-07-15,35.38539505004883,14423900
2022-07-18,35.553009033203125,23135300
2022-07-19,36.05587387084961,21114800
2022-07-20,35.9058952331543,20319700
2022-07-21,36.34700012207031,14990800
2022-07-22,35.976470947265625,8552400
2022-07-25,36.14409255981445,10830900
2022-07-26,35.8000373840332,10031900
2022-07-27,36.505794525146484,11653800
2022-07-28,36.620487213134766,12100400
2022-07-29,36.45286560058594,12881200
2022-08-01,36.2323112487793,14053200
2022-08-02,36.02058792114258,13208000
2022-08-03,36.214664459228516,7069800
2022-08-04,36.514617919921875,11478200
2022-08-05,36.505794525146484,8281100
2022-08-08,36.585201263427734,8486300
2022-08-09,36.505794525146484,7219500
2022-08-10,36.96455383300781,7292400
2022-08-11,37.1409797668457,10109800
2022-08-12,37.52915954589844,9075700
2022-08-15,37.38801193237305,8868500
2022-08-16,37.405643463134766,10804300
2022-08-17,37.31742858886719,10500500
2022-08-18,37.0792236328125,11487100
2022-08-19,36.66460037231445,10237500
2022-08-22,36.40876388549805,10150400
2022-08-23,36.63813781738281,11575200
2022-08-24,36.66460037231445,9775000
2022-08-25,37.343894958496094,11979000
2022-08-26,36.849857330322266,8782400
2022-08-29,36.673423767089844,9447100
2022-08-30,36.2323112487793,10693400
2022-08-31,36.285247802734375,9337500
2022-09-01,36.11763000488281,18818700
2022-09-02,35.82650375366211,10848500
2022-09-06,35.51772689819336,14144900
2022-09-07,35.81767654418945,9883200
2022-09-08,35.7118034362793,12770900
2022-09-09,36.188209533691406,9009700
2022-09-12,36.74399948120117,10716200
2022-09-13,35.57947540283203,9973100
2022-09-14,35.755924224853516,10471000
2022-09-15,35.447139739990234,14054400
2022-09-16,34.997215270996094,19815200
2022-09-19,35.13938522338867,20290600
2022-09-20,35.01420593261719,10472300
2022-09-21,34.433021545410156,19732800
2022-09-22,34.33467102050781,19730200
2022-09-23,33.547828674316406,22623300
2022-09-26,33.0828857421875,21316600
2022-09-27,33.064998626708984,19028000
2022-09-28,33.324302673339844,15878500
2022-09-29,32.67158508300781,15620900
2022-09-30,32.62687683105469,14585900
2022-10-03,33.127593994140625,25180700
2022-10-04,34.057491302490234,15692700
2022-10-05,34.120079040527344,11790500
2022-10-06,33.878658294677734,12713600
2022-10-07,33.20806121826172,14150700
2022-10-10,32.75205612182617,11826300
2022-10-11,32.242401123046875,14793200
2022-10-12,32.233463287353516,13520200
2022-10-13,32.3586311340332,24983600
2022-10-14,31.88474464416504,17628500
2022-10-17,32.698402404785156,19459100
2022-10-18,32.70734786987305,13684600
2022-10-19,32.135101318359375,14793200
2022-10-20,32.38545227050781,11343100
2022-10-21,32.859352111816406,12821500
2022-10-24,31.58074188232422,32579800
2022-10-25,31.840045928955078,18412100
2022-10-26,32.26922607421875,14333800
2022-10-27,32.0367546081543,14762300
2022-10-28,31.813213348388672,12132400
2022-10-31,31.696979522705078,18313400
2022-11-01,32.224525451660156,21685500
2022-11-02,31.983102798461914,18052600
2022-11-03,32.242401123046875,19192000
2022-11-04,33.5567741394043,18646100
2022-11-07,33.49418640136719,14516600
2022-11-08,33.63724136352539,16713600
2022-11-09,33.02029800415039,11003200
2022-11-10,34.12901306152344,14703600
2022-11-11,34.81749725341797,13116800
2022-11-14,34.70126724243164,19903400
2022-11-15,35.470211029052734,14947400
2022-11-16,34.90691375732422,12313200
2022-11-17,35.09467697143555,10152900
2022-11-18,34.84432601928711,13884800
2022-11-21,34.522430419921875,11523200
2022-11-22,34.611854553222656,12576700
2022-11-23,34.79961013793945,8148200
2022-11-25,34.67443084716797,4877400
2022-11-28,34.59396743774414,14967900
2022-11-29,35.27351379394531,12193700
2022-11-30,36.23023223876953,16331300
2022-12-01,36.14080810546875,18123200
2022-12-02,36.364341735839844,12581500
2022-12-05,35.99775695800781,11066600
2022-12-06,36.02457809448242,10671300
2022-12-07,35.80998611450195,13380600
2022-12-08,36.22128677368164,16254600
2022-12-09,35.91727828979492,10962700
2022-12-12,35.81892776489258,15846000
2022-12-13,36.00669479370117,20943100
2022-12-14,36.06928634643555,19430000
2022-12-15,35.371864318847656,16821500
2022-12-16,35.3271598815918,12156700
2022-12-19,35.39530944824219,19755100
2022-12-20,35.27717590332031,18051400
2022-12-21,35.60432052612305,15728300
2022-12-22,35.286258697509766,17285500
2022-12-23,35.213558197021484,14616500
2022-12-27,35.76789093017578,13829000
2022-12-28,35.249908447265625,15688000
2022-12-29,35.8587646484375,13383100
2022-12-30,35.422569274902344,15760600
2023-01-03,35.80424118041992,12098600
2023-01-04,36.73114776611328,13970300
2023-01-05,36.622108459472656,9447800
2023-01-06,37.24913024902344,12189500
2023-01-09,37.44905471801758,14642900
2023-01-10,37.712589263916016,8682200
2023-01-11,37.8670768737793,11254400
2023-01-12,38.039730072021484,12603900
2023-01-13,38.29417419433594,8663200
2023-01-17,38.094261169433594,14381200
2023-01-18,37.8670768737793,10775600
2023-01-19,38.166961669921875,11808300
2023-01-20,38.612239837646484,12689100
2023-01-23,38.89394760131836,13000000
2023-01-24,38.930294036865234,13591800
2023-01-25,38.93938064575195,8435800
2023-01-26,39.23926544189453,10829900
2023-01-27,38.975730895996094,11910800
2023-01-30,38.276004791259766,11908200
2023-01-31,38.37596130371094,14673600
2023-02-01,38.7667236328125,23841300
2023-02-02,38.494102478027344,11068700
2023-02-03,37.885250091552734,13327200
2023-02-06,37.4944953918457,12668700
2023-02-07,37.56719970703125,11589100
2023-02-08,37.4944953918457,11288000
2023-02-09,37.639892578125,8787500
2023-02-10,37.321834564208984,6052700
2023-02-13,37.65805435180664,5597800
2023-02-14,37.549015045166016,8875500
2023-02-15,37.36726379394531,8818400
2023-02-16,37.29457092285156,7802700
2023-02-17,36.99468994140625,7075600
2023-02-21,36.585758209228516,12837300
2023-02-22,36.43126678466797,14404200
2023-02-23,36.558494567871094,13227300
2023-02-24,35.8587646484375,20141500
2023-02-27,36.04051208496094,14329600
2023-02-28,35.82240676879883,10625000
2023-03-01,36.540313720703125,12820000
2023-03-02,36.70389938354492,13843800
2023-03-03,36.97650909423828,8122600
2023-03-06,36.84929275512695,8619700
2023-03-07,36.30404281616211,9885900
2023-03-08,36.494876861572266,6696800
2023-03-09,35.74971389770508,8372600
2023-03-10,35.54979705810547,14675700
2023-03-13,35.51344299316406,14464000
2023-03-14,35.53162384033203,10215200
2023-03-15,34.940940856933594,23584100
2023-03-16,35.3862190246582,14642100
2023-03-17,35.20447540283203,8361300
2023-03-20,35.26631546020508,7514800
2023-03-21,35.639163970947266,7121900
2023-03-22,35.748294830322266,8075800
2023-03-23,36.1848030090332,9410700
2023-03-24,36.1120491027832,8957900
2023-03-27,35.93926239013672,7548100
2023-03-28,36.366676330566406,5786400
2023-03-29,36.49399948120117,9960600
2023-03-30,36.84865951538086,6306800
2023-03-31,36.739532470703125,8309800
2023-04-03,36.89412307739258,9475800
2023-04-04,36.930503845214844,6596700
2023-04-05,36.60312271118164,6787900
2023-04-06,36.82138442993164,7399600
2023-04-10,36.739532470703125,5814800
2023-04-11,37.01234817504883,7100300
2023-04-12,36.730445861816406,7865500
2023-04-13,37.17604064941406,5708200
2023-04-14,36.97597885131836,6061600
2023-04-17,37.17604064941406,14731500
2023-04-18,37.10329055786133,8100500
2023-04-19,36.721343994140625,6359200
2023-04-20,36.67587661743164,6724200
2023-04-21,36.33030319213867,6920600
2023-04-24,36.28483200073242,8266900
2023-04-25,35.666446685791016,10370800
2023-04-26,35.911983489990234,10182000
2023-04-27,36.375770568847656,8388200
2023-04-28,36.594032287597656,9111300
2023-05-01,36.47581100463867,13057500
2023-05-02,36.09386444091797,11429900
2023-05-03,36.08476638793945,9552800
2023-05-04,36.39396286010742,8866000
2023-05-05,36.78499984741211,6629800
2023-05-08,36.79409408569336,26327200
2023-05-09,36.566741943359375,9169700
2023-05-10,36.575843811035156,11900700
2023-05-11,36.43033981323242,28532700
2023-05-12,36.02109909057617,26730000
2023-05-15,36.648597717285156,20806300
2023-05-16,36.39396286010742,18151700
2023-05-17,36.521270751953125,9341700
2023-05-18,36.29393005371094,9298600
2023-05-19,36.2757453918457,8734000
2023-05-22,36.51218795776367,8717400
2023-05-23,35.96654510498047,11626700
2023-05-24,35.71192169189453,8592200
2023-05-25,35.64825439453125,9488900
2023-05-26,36.2393684387207,8469500
2023-05-30,35.76648712158203,12867000
2023-05-31,35.51184844970703,13526500
2023-06-01,36.121150970458984,14261200
2023-06-02,36.694061279296875,9367600
2023-06-05,36.65768814086914,7578800
2023-06-06,36.939598083496094,7998700
2023-06-07,36.857749938964844,8395400
2023-06-08,37.057823181152344,8976100
2023-06-09,37.1578483581543,10055100
2023-06-12,37.24879455566406,7245900
2023-06-13,37.5579833984375,8306100
2023-06-14,37.91265106201172,8886900
2023-06-15,38.27641677856445,10193000
2023-06-16,38.1400032043457,9704300
2023-06-20,37.46064376831055,12278200
2023-06-21,37.396644592285156,8392800
2023-06-22,37.232059478759766,6856700
2023-06-23,36.71088790893555,8339800
2023-06-26,36.82974624633789,8476200
2023-06-27,37.17720031738281,7398200
2023-06-28,37.03090286254883,7332800
2023-06-29,36.875465393066406,9086400
2023-06-30,37.19548797607422,7622800
2023-07-03,37.561222076416016,4891400
2023-07-05,37.378353118896484,8001600
2023-07-06,36.66516876220703,7924400
2023-07-07,37.10405349731445,6731700
2023-07-10,37.113189697265625,5512800
2023-07-11,37.442359924316406,7374500
2023-07-12,38.15554428100586,7753200
2023-07-13,38.576141357421875,7400300
2023-07-14,38.33841323852539,8034400
2023-07-17,38.384132385253906,5386800
2023-07-18,38.10982894897461,6676000
2023-07-19,38.054962158203125,7513000
2023-07-20,37.817237854003906,16580400
2023-07-21,37.798954010009766,8739900
2023-07-24,38.30183410644531,5984000
2023-07-25,38.594425201416016,6986000
2023-07-26,38.83216094970703,6717700
2023-07-27,38.40241622924805,7094600
2023-07-28,39.33504867553711,7433300
2023-07-31,39.38076400756836,6857800
2023-08-01,38.83216094970703,5868100
2023-08-02,37.990966796875,8465400
2023-08-03,38.15554428100586,6815700
2023-08-04,38.201255798339844,7930900
2023-08-07,38.13725280761719,8382300
2023-08-08,37.74408721923828,8101300
2023-08-09,37.8080940246582,6947800
2023-08-10,37.881248474121094,7871700
2023-08-11,37.3326416015625,8667700
2023-08-14,37.15890884399414,9253000
2023-08-15,36.76573944091797,9959000
2023-08-16,36.51886749267578,9421100
2023-08-17,36.63773727416992,10690300
2023-08-18,36.409149169921875,12520800
2023-08-21,36.4914436340332,7957800
2023-08-22,36.42743682861328,9951400
2023-08-23,36.966896057128906,8213500
2023-08-24,36.811458587646484,9860900
2023-08-25,36.784034729003906,10158300
2023-08-28,37.14976501464844,9341400
2023-08-29,37.64351272583008,10768900
2023-08-30,37.50635528564453,7344200
2023-08-31,37.058326721191406,8443700
2023-09-01,37.46064376831055,11385100
2023-09-05,37.241207122802734,8283200
2023-09-06,37.06747817993164,8385200
2023-09-07,36.68344497680664,7904200
2023-09-08,36.75659942626953,7729100
2023-09-11,37.17720031738281,7020300
2023-09-12,37.076622009277344,7308600
2023-09-13,37.040042877197266,8036800
2023-09-14,37.259490966796875,6672500
2023-09-15,37.06747817993164,8296300
2023-09-18,37.01032638549805,7427900
2023-09-19,36.825965881347656,7604100
2023-09-20,36.71534729003906,9652000
2023-09-21,36.125396728515625,12836100
2023-09-22,36.54943084716797,13280100
2023-09-25,36.41115188598633,9023800
2023-09-26,35.987125396728516,12282900
2023-09-27,36.03321838378906,12274500
2023-09-28,36.10695266723633,8924400
2023-09-29,36.14383316040039,11064200
2023-10-02,36.0147819519043,15001400
2023-10-03,35.55387496948242,14829500
2023-10-04,35.40638732910156,12806100
2023-10-05,35.55387496948242,12896000
2023-10-06,36.04243469238281,8077500
2023-10-09,35.82120132446289,8680800
2023-10-10,36.392723083496094,10417300
2023-10-11,36.503334045410156,8324500
2023-10-12,36.11617660522461,10723000
2023-10-13,35.977909088134766,8884300
2023-10-16,36.23601531982422,9309500
2023-10-17,36.079307556152344,7607500
2023-10-18,35.48935317993164,8860600
2023-10-19,35.36030197143555,12489600
2023-10-20,34.936275482177734,12400000
2023-10-23,34.86252975463867,10778600
2023-10-24,35.2957763671875,10458700
2023-10-25,34.91783142089844,12138000
2023-10-26,34.78879165649414,14799400
2023-10-27,34.825653076171875,11386300
2023-10-30,35.13906478881836,10203000
2023-10-31,34.97313690185547,10625700
2023-11-01,35.22202682495117,10184900
2023-11-02,35.765892028808594,8751400
2023-11-03,36.42037582397461,8225300
2023-11-06,36.5309944152832,7206300
2023-11-07,36.54020309448242,8266100
2023-11-08,36.37427520751953,8356200
2023-11-09,36.05165100097656,6534800
2023-11-10,36.300537109375,6802200
2023-11-13,36.36507034301758,6659600
2023-11-14,37.21311569213867,9723700
2023-11-15,37.47122573852539,11710600
2023-11-16,37.08406448364258,8660000
2023-11-17,37.2315559387207,19053100
2023-11-20,37.6279296875,8716600
2023-11-21,37.40670394897461,7471700
2023-11-22,37.305301666259766,6353500
2023-11-24,37.425132751464844,2391500
2023-11-27,37.2499885559082,10166800
2023-11-28,37.55419158935547,9536100
2023-11-29,37.34217071533203,11069500
2023-11-30,37.452789306640625,9398300
2023-12-01,37.6094970703125,9284800
2023-12-04,37.277652740478516,11018200
2023-12-05,37.148597717285156,8508300
2023-12-06,37.10250473022461,10089300
2023-12-07,37.2499885559082,7593100
2023-12-08,37.06562805175781,7744300
2023-12-11,37.2315559387207,13378300
2023-12-12,37.2315559387207,10349000
2023-12-13,37.581844329833984,11221200
2023-12-14,38.07962417602539,13440600
2023-12-15,37.85838317871094,11128700
2023-12-18,37.85367202758789,11145300
2023-12-19,38.117332458496094,9147300
2023-12-20,37.31694412231445,16805400
2023-12-21,38.0420036315918,15129700
2023-12-22,37.91017150878906,13387300
2023-12-26,38.15499496459961,12500800
2023-12-27,38.362159729003906,9863800
2023-12-28,38.59756851196289,11344600
2023-12-29,38.701141357421875,10314100
2024-01-02,38.2491569519043,11730100
2024-01-03,38.136165618896484,9683200
2024-01-04,38.070247650146484,9929100
2024-01-05,38.126747131347656,8938300
2024-01-08,38.19266128540039,11027400
2024-01-09,37.750091552734375,13068500
2024-01-10,37.712425231933594,8019700
2024-01-11,37.87250518798828,12870600
2024-01-12,38.051414489746094,7892100
2024-01-16,37.26044845581055,12668400
2024-01-17,36.761375427246094,15727300
2024-01-18,36.97795486450195,10678200
2024-01-19,37.31694412231445,9934800
2024-01-22,37.0250358581543,10555600
2024-01-23,37.232200622558594,11831400
2024-01-24,37.712425231933594,11096700
2024-01-25,37.80659866333008,8637800
2024-01-26,37.81600570678711,7775300
2024-01-29,37.8254280090332,12469700
2024-01-30,37.46760559082031,8527000
2024-01-31,37.32635498046875,9833700
2024-02-01,37.580604553222656,12720700
2024-02-02,37.31694412231445,10067300
2024-02-05,37.41110610961914,10195400
2024-02-06,38.33390426635742,10777600
2024-02-07,38.3056526184082,9253800
2024-02-08,38.10791778564453,7914500
2024-02-09,38.25857925415039,8825000
2024-02-12,38.42806625366211,8682500
2024-02-13,37.72185134887695,35414600
2024-02-14,38.26798629760742,9530700
2024-02-15,38.50339889526367,7562500
2024-02-16,38.69172668457031,8155600
2024-02-20,38.767059326171875,8923700
2024-02-21,38.80472183227539,11952300
2024-02-22,39.14371109008789,14835700
2024-02-23,39.15312957763672,8514500
2024-02-26,39.021297454833984,9508400
2024-02-27,39.14371109008789,11725900
2024-02-28,38.54106521606445,6849100
2024-02-29,38.625816345214844,10169300
2024-03-01,39.14371109008789,15639200
2024-03-04,38.98363494873047,8596700
2024-03-05,38.719970703125,7463300
2024-03-06,39.20021438598633,10248500
2024-03-07,39.38854217529297,7739600
2024-03-08,39.3226203918457,12121100
2024-03-11,39.426204681396484,6976400
2024-03-12,39.76519012451172,6316500
2024-03-13,39.53919982910156,10209100
2024-03-14,39.3226203918457,6643000
2024-03-15,39.20857620239258,5914600
2024-03-18,39.293399810791016,6729200
2024-03-19,39.1331787109375,7812700
2024-03-20,39.44420623779297,9988200
2024-03-21,39.47248458862305,8668500
2024-03-22,39.21800231933594,8168700
2024-03-25,39.21800231933594,8294900
2024-03-26,39.1331787109375,8532300
2024-03-27,39.23685073852539,6784100
2024-03-28,39.36880111694336,6862800
2024-04-01,39.52903366088867,9390000
2024-04-02,39.660980224609375,8542100
2024-04-03,39.71753692626953,17641800
2024-04-04,39.57616424560547,15019100
2024-04-05,39.69868087768555,13412800
2024-04-08,39.94374084472656,12719900
2024-04-09,40.2924690246582,8974600
2024-04-10,39.849483489990234,13390400
2024-04-11,39.98143768310547,9347300
2024-04-12,39.20857620239258,12304300
2024-04-15,38.963523864746094,13310700
2024-04-16,38.48284149169922,16523300
2024-04-17,38.54882049560547,14338700
2024-04-18,38.65249252319336,8766000
2024-04-19,38.539398193359375,16916700
2024-04-22,38.86927795410156,8416500
2024-04-23,39.189727783203125,7065000
2024-04-24,39.31224822998047,5988800
2024-04-25,39.43478012084961,8399900
2024-04-26,39.88719177246094,6255300
2024-04-29,40.283042907714844,6554300
2024-04-30,39.74580764770508,10650600
2024-05-01,39.792938232421875,12105500
2024-05-02,40.763729095458984,7447700
2024-05-03,41.12187576293945,9291800
2024-05-06,41.04648208618164,8758100
2024-05-07,40.75429916381836,7311100
2024-05-08,40.71660614013672,8144800
2024-05-09,40.87682342529297,9857800
2024-05-10,40.9616584777832,7764000
2024-05-13,41.282108306884766,6805000
2024-05-14,41.48945999145508,8627200
2024-05-15,41.847618103027344,7240600
2024-05-16,42.00783920288086,9801100
2024-05-17,42.3094482421875,9999900
2024-05-20,42.21520233154297,8348500
2024-05-21,41.97014236450195,5187400
2024-05-22,41.847618103027344,5654300
2024-05-23,41.527164459228516,7511400
2024-05-24,41.659114837646484,5688000
2024-05-28,41.54601287841797,5834500
2024-05-29,41.02762985229492,8038200
2024-05-30,40.95222854614258,5290500
2024-05-31,40.60350036621094,10096300
2024-06-03,41.0087776184082,10536500
2024-06-04,40.36786651611328,13022800
2024-06-05,40.886253356933594,8354800
2024-06-06,41.07475662231445,7268300
2024-06-07,40.73544692993164,8035800
2024-06-10,40.95222854614258,7629700
2024-06-11,40.857975006103516,7057100
2024-06-12,41.17843246459961,9027600
2024-06-13,41.131309509277344,4471900
2024-06-14,41.244407653808594,6505800
2024-06-17,41.470611572265625,4790200
2024-06-18,41.80049514770508,7175100
2024-06-20,41.7250862121582,9742900
2024-06-21,41.583168029785156,8758500
2024-06-24,41.55477523803711,6846700
2024-06-25,41.431785583496094,10373200
2024-06-26,41.3182487487793,7393200
2024-06-27,41.2993278503418,9108200
2024-06-28,41.40340042114258,9177500
2024-07-01,41.498016357421875,12952900
2024-07-02,41.64939880371094,8358400
2024-07-03,42.26438903808594,7496300
2024-07-05,42.25493240356445,7304400
2024-07-08,42.25493240356445,8687100
2024-07-09,42.43470001220703,9928800
2024-07-10,42.605003356933594,7567400
2024-07-11,42.936161041259766,8468200
2024-07-12,43.13485336303711,6332300
2024-07-15,42.690162658691406,8192800
2024-07-16,42.964542388916016,7094000
2024-07-17,42.340087890625,8376500
2024-07-18,41.97108840942383,7141200
2024-07-19,41.564247131347656,8240500
2024-07-22,41.88593673706055,6633700
2024-07-23,41.450706481933594,7529800
2024-07-24,41.01547622680664,7505400
2024-07-25,40.91140365600586,9856100
2024-07-26,41.36555480957031,10790800
2024-07-29,41.223636627197266,5465400
2024-07-30,41.1100959777832,6055000
2024-07-31,41.90485763549805,7014000
2024-08-01,41.214168548583984,23320700
2024-08-02,40.76948165893555,13596500
2024-08-05,39.6435661315918,17981300
2024-08-06,39.91794967651367,13328000
2024-08-07,40.23017883300781,13033700
2024-08-08,41.10063552856445,10484100
2024-08-09,41.204708099365234,7496800
2024-08-12,41.38447952270508,7570400
2024-08-13,41.69670867919922,5378800
2024-08-14,41.431785583496094,8553800
2024-08-15,41.88593673706055,7715100
2024-08-16,42.321163177490234,3570700
2024-08-19,42.75638961791992,6170400
2024-08-20,42.340087890625,10259400
2024-08-21,42.53877639770508,8536500
2024-08-22,42.037315368652344,10341300
2024-08-23,42.642860412597656,8900700
2024-08-26,42.368465423583984,7267600
2024-08-27,42.41577911376953,7969600
2024-08-28,42.14139175415039,8009300
2024-08-29,42.19816589355469,9398100
2024-08-30,42.311702728271484,4305300
2024-09-03,41.66832733154297,12945100
2024-09-04,41.64939880371094,8069800
2024-09-05,41.762935638427734,8108800
2024-09-06,41.15740203857422,7794100
2024-09-09,41.44124221801758,6432800
2024-09-10,41.34663009643555,6925700
2024-09-11,41.60209274291992,5534800
2024-09-12,41.87647247314453,5350400
2024-09-13,42.065696716308594,5074900
2024-09-16,42.2265510559082,7750700
2024-09-17,42.27385711669922,7129300
2024-09-18,42.122474670410156,7547400
2024-09-19,43.00239181518555,7295500
2024-09-20,42.97771453857422,5975100
2024-09-23,43.328826904296875,8742600
2024-09-24,44.837650299072266,9822000
2024-09-25,44.38215255737305,10615400
2024-09-26,45.796077728271484,9345700
2024-09-27,45.78659439086914,12020500
2024-09-30,45.407012939453125,13600800
2024-10-01,45.748634338378906,15944400
2024-10-02,46.69757843017578,11686700
2024-10-03,45.995361328125,12395300
2024-10-04,46.555240631103516,8533900
2024-10-07,46.963287353515625,11884500
2024-10-08,45.587318420410156,13781800
2024-10-09,45.27416229248047,14915900
2024-10-10,45.36906051635742,13793600
2024-10-11,45.69169998168945,8903100
2024-10-14,45.47344207763672,8111600
2024-10-15,44.56245040893555,7197200
2024-10-16,44.9799919128418,5157800
2024-10-17,44.837650299072266,5971400
2024-10-18,45.388038635253906,4309000
2024-10-21,45.065399169921875,4572000
2024-10-22,45.00845718383789,5096100
2024-10-23,44.72377395629883,6341900
2024-10-24,44.676326751708984,5688700
2024-10-25,44.638370513916016,6644300
2024-10-28,44.78071212768555,5168900
2024-10-29,44.609901428222656,4484500
2024-10-30,44.28725814819336,5443000
2024-10-31,44.19236373901367,12630400
2024-11-01,44.20185852050781,9021100
2024-11-04,44.34419631958008,5748600
2024-11-05,44.989479064941406,5433600
2024-11-06,44.56245040893555,7592600
2024-11-07,45.53037643432617,7464700
2024-11-08,44.4011344909668,9563800
2024-11-11,44.14491653442383,7754800
2024-11-12,43.3952522277832,10307300
2024-11-13,43.16750717163086,8077600
2024-11-14,42.90179443359375,5310000
2024-11-15,42.81639862060547,5938200
2024-11-18,43.1769905090332,6150600
2024-11-19,43.2434196472168,6387500
2024-11-20,43.23393249511719,5727400
2024-11-21,43.08209991455078,7958500
2024-11-22,43.091583251953125,9676600
2024-11-25,43.110572814941406,7512400
2024-11-26,42.88282012939453,6829600
2024-11-27,43.04413986206055,6838300
2024-11-29,43.2434196472168,5041200
2024-12-02,43.461673736572266,7995000
2024-12-03,43.6419792175293,6459700
2024-12-04,43.70840835571289,5962800
2024-12-05,43.99308776855469,8518300
2024-12-06,44.01206970214844,5264300
2024-12-09,45.08437728881836,8016800
2024-12-10,44.24930191040039,4972700
2024-12-11,44.325218200683594,10085600
2024-12-12,44.059513092041016,5510300
2024-12-13,44.0784912109375,5686500
2024-12-16,43.85074234008789,7880700
2024-12-17,43.74635696411133,9017700
2024-12-18,42.73099136352539,10539000
2024-12-19,42.91129684448242,11289300
2024-12-20,43.15036392211914,12254500
2024-12-23,43.335018157958984,12668200
2024-12-24,43.509952545166016,6401300
2024-12-26,43.40304946899414,9727900
2024-12-27,43.24755096435547,11621300
2024-12-30,42.868526458740234,9244100
2024-12-31,42.800498962402344,8915800
2025-01-02,42.683876037597656,9015000
2025-01-03,42.897682189941406,7090300
2025-01-06,42.88796615600586,14552900
2025-01-07,42.6158447265625,9112700
2025-01-08,42.343727111816406,7991900
2025-01-10,41.60512161254883,13572400
2025-01-13,41.30384063720703,8281800
2025-01-14,41.79948806762695,20008000
2025-01-15,42.236820220947266,8989900
2025-01-16,42.217384338378906,7984200
2025-01-17,42.56725311279297,7930500
2025-01-21,42.96571350097656,8541700
2025-01-22,42.92683792114258,8276000
2025-01-23,43.0920524597168,5612200
2025-01-24,43.32530212402344,5863400
2025-01-27,42.62556457519531,8042500
2025-01-28,42.868526458740234,6716500
2025-01-29,42.897682189941406,8798900
2025-01-30,43.55854415893555,7179100
2025-01-31,43.15036392211914,9874200
2025-02-03,42.897682189941406,14712300
2025-02-04,43.58769989013672,5600900
2025-02-05,43.39332580566406,5502100
2025-02-06,43.59741973876953,6457500
2025-02-07,43.61685562133789,8334900
2025-02-10,44.054195404052734,4835700
2025-02-11,43.869537353515625,4066400
2025-02-12,44.08334732055664,7962200
2025-02-13,44.316585540771484,8905300
2025-02-14,44.58871078491211,5739800
2025-02-18,44.80251693725586,7226900
2025-02-19,44.676177978515625,4656800
2025-02-20,45.15238571166992,11032800
2025-02-21,45.094078063964844,8865400
2025-02-24,44.40406036376953,7218600
2025-02-25,44.38462448120117,8254500
2025-02-26,44.81224060058594,10751600
2025-02-27,44.02503967285156,7357200
2025-02-28,43.47107696533203,9729600
2025-03-03,43.05317687988281,15146500
2025-03-04,43.4224853515625,10263400
2025-03-05,44.715049743652344,12869100
2025-03-06,44.481807708740234,10690500
2025-03-07,44.66645812988281,7457100
2025-03-10,43.66545104980469,9895200
2025-03-11,43.9764404296875,7704600
2025-03-12,44.13193893432617,9465600
2025-03-13,43.995880126953125,7420000
2025-03-14,44.7830810546875,6944600
2025-03-17,45.395347595214844,9626800
2025-03-18,45.27872848510742,7580400
2025-03-19,45.34675979614258,8007900
2025-03-20,44.93857955932617,6651900
2025-03-21,44.73136520385742,5581000
2025-03-24,44.86756134033203,6227100
2025-03-25,44.81892013549805,5974200
2025-03-26,44.54652786254883,9811700
2025-03-27,44.83837890625,5447700
2025-03-28,44.079559326171875,9167400
2025-03-31,44.03091812133789,8140100
2025-04-01,44.176841735839844,13223500
2025-04-02,44.215755462646484,6058600
2025-04-03,43.418025970458984,11227700
2025-04-04,40.98591613769531,31160900
2025-04-07,39.33208084106445,38745400
2025-04-08,38.80674743652344,21585800
2025-04-09,41.33613967895508,29071700
2025-04-10,40.80107116699219,17617000
2025-04-11,41.92957305908203,16757000
2025-04-14,42.31871032714844,7442500
2025-04-15,42.32843780517578,5598400
2025-04-16,41.793373107910156,7211500
2025-04-17,42.124141693115234,7553700
2025-04-21,42.17277908325195,6689400
2025-04-22,42.83431625366211,8785500
2025-04-23,43.25263595581055,8130700
2025-04-24,43.79743194580078,4305200
2025-04-25,43.65150833129883,7557900
2025-04-28,43.76824951171875,5881000
2025-04-29,43.92390441894531,5248700
2025-04-30,44.02118682861328,39652200
2025-05-01,44.00172805786133,10333800
2025-05-02,45.178871154785156,10651000
2025-05-05,45.53882598876953,6050500
2025-05-06,45.31507110595703,10111600
2025-05-07,44.750823974609375,6294700
2025-05-08,44.67298889160156,11808600
2025-05-09,44.9940299987793,6544300
2025-05-12,46.00579071044922,8861800
2025-05-13,46.083614349365234,8319500
2025-05-14,46.4630241394043,9528500
2025-05-15,46.385196685791016,6978000
2025-05-16,46.433841705322266,5940400
2025-05-19,46.62841033935547,6980600
2025-05-20,46.5311279296875,6938500
2025-05-21,46.41438674926758,8524100
2025-05-22,46.307369232177734,10094800
2025-05-23,46.5019416809082,7399000
2025-05-27,46.33655548095703,5895500
2025-05-28,46.0544319152832,15196400
2025-05-29,46.25872802734375,10474100
2025-05-30,45.723663330078125,9403000
2025-06-02,46.04470443725586,16323000
2025-06-03,46.15171432495117,7926200
2025-06-04,46.608951568603516,8385800
2025-06-05,46.72569274902344,9619000
2025-06-06,46.929996490478516,6974600
2025-06-09,47.27048873901367,7796900
2025-06-10,47.62070846557617,6603200
2025-06-11,47.776363372802734,8005700
2025-06-12,47.786094665527344,8442200
2025-06-13,47.066192626953125,8019000
2025-06-16,47.503971099853516,7234000
2025-06-17,46.968902587890625,7342700
2025-06-18,46.842437744140625,8555900
2025-06-20,46.40241241455078,7903000
2025-06-23,46.78292465209961,9587100
2025-06-24,47.797607421875,10711500
2025-06-25,47.91468811035156,7019000
2025-06-26,48.23665237426758,7417500
2025-06-27,48.187870025634766,8246100
2025-06-30,48.25616455078125,9388200
2025-07-01,48.45130157470703,12817900
2025-07-02,48.587894439697266,13396200
2025-07-03,48.80253982543945,5099600
2025-07-07,48.226898193359375,8273700
2025-07-08,48.41227340698242,8605100
2025-07-09,48.40251541137695,7040500
2025-07-10,48.45130157470703,9290200
2025-07-11,48.38300704956055,7209600
2025-07-14,48.44154357910156,5039700
2025-07-15,48.79277801513672,7898700
2025-07-16,49.01718521118164,7597200
2025-07-17,49.319637298583984,10502400
2025-07-18,49.26110076904297,5386100
2025-07-21,49.5147705078125,5867900
2025-07-22,49.5245246887207,16282800
2025-07-23,49.98308563232422,15946900
2025-07-24,49.739173889160156,5681800
2025-07-25,49.60258102416992,5360100
2025-07-28,49.21231460571289,6660200
2025-07-29,49.24158477783203,8877100
2025-07-30,48.84156799316406,10545200
2025-07-31,48.587894439697266,6256200
2025-08-01,48.33422088623047,14479400
2025-08-04,48.783023834228516,7863300
2025-08-05,48.93913269042969,9528700
2025-08-06,49.153778076171875,6443800
2025-08-07,49.5147705078125,5728600
2025-08-08,49.45623016357422,5063700
2025-08-11,49.3976936340332,5237100
2025-08-12,49.96356964111328,6045300
2025-08-13,50.529457092285156,7072400
2025-08-14,49.96356964111328,9942400
2025-08-15,50.10992431640625,5513000
2025-08-18,50.49042892456055,7465800
2025-08-19,50.12944030761719,7113300
2025-08-20,50.10992431640625,8344100
2025-08-21,50.02211380004883,5551700
2025-08-22,50.90020751953125,6505000
2025-08-25,50.68556594848633,6631000
2025-08-26,50.57823944091797,8479300
2025-08-27,50.23676300048828,5998700
2025-08-28,50.42213439941406,5949800
2025-08-29,50.27578353881836,6356500
2025-09-02,50.20748519897461,10064300
2025-09-03,50.344078063964844,10285300
2025-09-04,50.12944030761719,10215600
2025-09-05,50.705078125,11562200
2025-09-08,51.20266342163086,8471500
2025-09-09,51.39779281616211,9703100
2025-09-10,51.631954193115234,9247400
2025-09-11,52.2758903503418,8570400
2025-09-12,52.178321838378906,7096200
2025-09-15,52.52956008911133,11818100
2025-09-16,52.86128616333008,9032500
2025-09-17,53.19301223754883,11017700
2025-09-18,52.9490966796875,10529600
2025-09-19,52.88044357299805,8883100
2025-09-22,53.02755355834961,7307000
2025-09-23,53.01774597167969,7973800
2025-09-24,52.91967010498047,12004400
2025-09-25,52.61565017700195,7593600
2025-09-26,52.517578125,8561200
2025-09-29,52.90005874633789,7232800
2025-09-30,53.135433197021484,15944300
2025-10-01,53.468875885009766,11430800
2025-10-02,53.61598205566406,9704400
2025-10-03,53.733673095703125,8222000
2025-10-06,53.920005798339844,8798700
2025-10-07,53.62579345703125,8179600
2025-10-08,53.92981719970703,7099900
2025-10-09,53.459068298339844,9095700
2025-10-10,51.52705001831055,20103500
2025-10-13,52.958900451660156,7688800
2025-10-14,52.488155364990234,11937500
2025-10-15,53.28253936767578,9739600
2025-10-16,53.459068298339844,11303400
2025-10-17,53.33157730102539,7325300
2025-10-20,53.96904373168945,6237500
2025-10-21,53.48849105834961,6480900
2025-10-22,53.459068298339844,7893600
2025-10-23,53.86116409301758,5989300
2025-10-24,54.116153717041016,5573300
2025-10-27,54.567283630371094,5513400
2025-10-28,54.53786087036133,7194100
2025-10-29,54.69477844238281,11930300
2025-10-30,54.12595748901367,6294200
2025-10-31,53.91020202636719,9610300
2025-11-03,54.02788543701172,6643100
2025-11-04,53.27273178100586,6179200
2025-11-05,53.74347686767578,7337800
2025-11-06,53.53752517700195,6675800
2025-11-07,53.48849105834961,10780600
2025-11-10,54.20441818237305,5852400
2025-11-11,54.26325988769531,6931800
2025-11-12,54.25345230102539,11239000
2025-11-13,53.77289962768555,6675400
2025-11-14,53.792510986328125,7539600
2025-11-17,53.174659729003906,13415300
2025-11-18,52.998130798339844,10004800
2025-11-19,52.88044357299805,7685900
2025-11-20,52.25278091430664,10361100
2025-11-21,52.04683303833008,9722900
2025-11-24,52.576419830322266,10067900
2025-11-25,52.811790466308594,7507900
2025-11-26,53.06678009033203,7627500
2025-11-28,53.253116607666016,4432100
2025-12-01,53.20408248901367,9267400
2025-12-02,53.086395263671875,7200000
2025-12-03,53.01774597167969,6788600
2025-12-04,53.135433197021484,7373000
2025-12-05,53.351192474365234,7700400
2025-12-08,53.15504837036133,10205700
2025-12-09,53.06678009033203,9442500
2025-12-10,53.50810623168945,11644100
2025-12-11,53.390419006347656,11380000
2025-12-12,52.90005874633789,13708300
2025-12-15,52.743141174316406,9769800
2025-12-16,52.44892501831055,11144700
2025-12-17,52.105674743652344,13055400
2025-12-18,52.547000885009766,12955900
2025-12-19,53.11000061035156,12086400
2025-12-22,53.45000076293945,11853200
2025-12-23,53.70000076293945,12384600
2025-12-24,53.68000030517578,4991600
2025-12-26,54.02000045776367,8209900
2025-12-29,53.61000061035156,11570500
2025-12-30,53.810001373291016,6283500
2025-12-31,53.7599983215332,7619600
2026-01-02,54.93000030517578,13654000
2026-01-05,55.290000915527344,17010600
2026-01-06,55.59000015258789,16666000
2026-01-07,55.25,11228500
2026-01-08,55.310001373291016,10794600
2026-01-09,55.43000030517578,8923800
2026-01-12,56.290000915527344,10116900
2026-01-13,55.959999084472656,18907200
2026-01-14,56.08000183105469,22873100
2026-01-15,56.34000015258789,17565400
2026-01-16,56.0,12321400
2026-01-20,55.540000915527344,13740900
2026-01-21,56.11000061035156,17088600
2026-01-22,56.54999923706055,11880500
2026-01-23,56.77000045776367,15530000
2026-01-26,56.93000030517578,11402600
2026-01-27,57.63999938964844,12136800
2026-01-28,57.86000061035156,11659200
2026-01-29,57.63999938964844,19033300
2026-01-30,56.470001220703125,21105100
2026-02-02,56.779998779296875,25275000
2026-02-03,56.75,19002300
2026-02-04,56.40999984741211,15093700
2026-02-05,56.040000915527344,11123600
2026-02-06,57.2599983215332,10467300
2026-02-09,57.75,11064400
2026-02-10,58.0099983215332,9922800
2026-02-11,58.5099983215332,8333100
2026-02-12,57.7599983215332,10097600
2026-02-13,57.75,9795400
2026-02-17,57.790000915527344,9303300
2026-02-18,57.95000076293945,8544800
2026-02-19,57.59000015258789,6588400
2026-02-20,58.529998779296875,7896200
